Row,Column,Block,Population,Family,Replicate,Date_Measured,Note,Num_Ramets,Total_Height,Dead,Exposed_rhizomes,Height_Ram1,Height_Ram2,Height_Ram3,Height_Ram4,Height_Ram5,Height_Ram6,Height_Ram7,Height_Ram8,Height_Ram9,Height_Ram10,Height_Ram11,Height_Ram12,Height_Ram13,Height_Ram14,Height_Ram15,Measurer
1,1,NO PLANT,NO PLANT,NO PLANT,NO PLANT,NO PLANT,NO PLANT,NO PLANT,NO PLANT,NO PLANT,NO PLANT,NO PLANT,NO PLANT,NO PLANT,NO PLANT,NO PLANT,NO PLANT,NO PLANT,NO PLANT,NO PLANT,NO PLANT,NO PLANT,NO PLANT,NO PLANT,NO PLANT,NO PLANT,NO PLANT
1,2,NO PLANT,NO PLANT,NO PLANT,NO PLANT,NO PLANT,NO PLANT,NO PLANT,NO PLANT,NO PLANT,NO PLANT,NO PLANT,NO PLANT,NO PLANT,NO PLANT,NO PLANT,NO PLANT,NO PLANT,NO PLANT,NO PLANT,NO PLANT,NO PLANT,NO PLANT,NO PLANT,NO PLANT,NO PLANT,NO PLANT
1,3,NO PLANT,NO PLANT,NO PLANT,NO PLANT,NO PLANT,NO PLANT,NO PLANT,NO PLANT,NO PLANT,NO PLANT,NO PLANT,NO PLANT,NO PLANT,NO PLANT,NO PLANT,NO PLANT,NO PLANT,NO PLANT,NO PLANT,NO PLANT,NO PLANT,NO PLANT,NO PLANT,NO PLANT,NO PLANT,NO PLANT
1,4,NO PLANT,NO PLANT,NO PLANT,NO PLANT,NO PLANT,NO PLANT,NO PLANT,NO PLANT,NO PLANT,NO PLANT,NO PLANT,NO PLANT,NO PLANT,NO PLANT,NO PLANT,NO PLANT,NO PLANT,NO PLANT,NO PLANT,NO PLANT,NO PLANT,NO PLANT,NO PLANT,NO PLANT,NO PLANT,NO PLANT
1,5,NO PLANT,NO PLANT,NO PLANT,NO PLANT,NO PLANT,NO PLANT,NO PLANT,NO PLANT,NO PLANT,NO PLANT,NO PLANT,NO PLANT,NO PLANT,NO PLANT,NO PLANT,NO PLANT,NO PLANT,NO PLANT,NO PLANT,NO PLANT,NO PLANT,NO PLANT,NO PLANT,NO PLANT,NO PLANT,NO PLANT
1,6,NO PLANT,NO PLANT,NO PLANT,NO PLANT,NO PLANT,NO PLANT,NO PLANT,NO PLANT,NO PLANT,NO PLANT,NO PLANT,NO PLANT,NO PLANT,NO PLANT,NO PLANT,NO PLANT,NO PLANT,NO PLANT,NO PLANT,NO PLANT,NO PLANT,NO PLANT,NO PLANT,NO PLANT,NO PLANT,NO PLANT
1,7,NO PLANT,NO PLANT,NO PLANT,NO PLANT,NO PLANT,NO PLANT,NO PLANT,NO PLANT,NO PLANT,NO PLANT,NO PLANT,NO PLANT,NO PLANT,NO PLANT,NO PLANT,NO PLANT,NO PLANT,NO PLANT,NO PLANT,NO PLANT,NO PLANT,NO PLANT,NO PLANT,NO PLANT,NO PLANT,NO PLANT
1,8,NO PLANT,NO PLANT,NO PLANT,NO PLANT,NO PLANT,NO PLANT,NO PLANT,NO PLANT,NO PLANT,NO PLANT,NO PLANT,NO PLANT,NO PLANT,NO PLANT,NO PLANT,NO PLANT,NO PLANT,NO PLANT,NO PLANT,NO PLANT,NO PLANT,NO PLANT,NO PLANT,NO PLANT,NO PLANT,NO PLANT
1,9,NO PLANT,NO PLANT,NO PLANT,NO PLANT,NO PLANT,NO PLANT,NO PLANT,NO PLANT,NO PLANT,NO PLANT,NO PLANT,NO PLANT,NO PLANT,NO PLANT,NO PLANT,NO PLANT,NO PLANT,NO PLANT,NO PLANT,NO PLANT,NO PLANT,NO PLANT,NO PLANT,NO PLANT,NO PLANT,NO PLANT
1,10,NO PLANT,NO PLANT,NO PLANT,NO PLANT,NO PLANT,NO PLANT,NO PLANT,NO PLANT,NO PLANT,NO PLANT,NO PLANT,NO PLANT,NO PLANT,NO PLANT,NO PLANT,NO PLANT,NO PLANT,NO PLANT,NO PLANT,NO PLANT,NO PLANT,NO PLANT,NO PLANT,NO PLANT,NO PLANT,NO PLANT
1,11,NO PLANT,NO PLANT,NO PLANT,NO PLANT,NO PLANT,NO PLANT,NO PLANT,NO PLANT,NO PLANT,NO PLANT,NO PLANT,NO PLANT,NO PLANT,NO PLANT,NO PLANT,NO PLANT,NO PLANT,NO PLANT,NO PLANT,NO PLANT,NO PLANT,NO PLANT,NO PLANT,NO PLANT,NO PLANT,NO PLANT
1,12,NO PLANT,NO PLANT,NO PLANT,NO PLANT,NO PLANT,NO PLANT,NO PLANT,NO PLANT,NO PLANT,NO PLANT,NO PLANT,NO PLANT,NO PLANT,NO PLANT,NO PLANT,NO PLANT,NO PLANT,NO PLANT,NO PLANT,NO PLANT,NO PLANT,NO PLANT,NO PLANT,NO PLANT,NO PLANT,NO PLANT
1,13,1,40,3,5,6/7/2019,,2,27,no,yes,19,8,,,,,,,,,,,,,,Vanessa
1,14,1,41,2,5,6/7/2019,,1,10,no,no,10,,,,,,,,,,,,,,,Vanessa
1,15,1,14,2,1,6/7/2019,,1,25,no,no,25,,,,,,,,,,,,,,,Vanessa
1,16,1,40,4,5,6/7/2019,,1,5,no,no,5,,,,,,,,,,,,,,,Vanessa
1,17,1,15,5,5,6/7/2019,,0,0,maybe,no,,,,,,,,,,,,,,,,Vanessa
1,18,1,49,4,2,6/7/2019,,0,0,maybe,no,,,,,,,,,,,,,,,,Vanessa
1,19,1,7,2,2,6/7/2019,,2,37,no,yes,20,17,,,,,,,,,,,,,,Vanessa
1,20,1,29,3,5,6/7/2019,,0,0,maybe,no,,,,,,,,,,,,,,,,Vanessa
1,21,1,15,5,2,6/7/2019,,1,1,no,yes,1,,,,,,,,,,,,,,,Vanessa
1,22,1,3,3,5,6/7/2019,,4,98,no,yes,48,34,10,6,,,,,,,,,,,,Vanessa
1,23,1,68,4,5,6/7/2019,,0,0,maybe,no,,,,,,,,,,,,,,,,Vanessa
1,24,2,11,3,5,6/7/2019,,3,41,no,no,33,5,3,,,,,,,,,,,,,Sophie
1,25,2,36,4,2,6/7/2019,,2,9,no,no,5,4,,,,,,,,,,,,,,Sophie
1,26,2,40,3,4,6/7/2019,,0,0,maybe,no,,,,,,,,,,,,,,,,Sophie
1,27,2,67,3,5,6/7/2019,,2,10,no,yes,5,5,,,,,,,,,,,,,,Sophie
1,28,2,13,3,4,6/7/2019,,0,0,maybe,no,,,,,,,,,,,,,,,,Sophie
1,29,2,5,2,2,6/7/2019,,5,18,no,yes,9,3,2,2,2,,,,,,,,,,,Sophie
1,30,2,31,3,4,6/7/2019,,0,0,nothing there,,,,,,,,,,,,,,,,,Sophie
1,31,2,31,1,1,6/7/2019,,0,0,nothing there,,,,,,,,,,,,,,,,,Sophie
1,32,2,62,5,2,6/7/2019,,1,5,no,no,5,,,,,,,,,,,,,,,Sophie
1,33,2,13,1,5,6/7/2019,,0,0,maybe,no,,,,,,,,,,,,,,,,Sophie
1,34,2,13,2,3,6/7/2019,,0,0,maybe,no,,,,,,,,,,,,,,,,Sophie
1,35,2,19,3,2,6/7/2019,,0,0,maybe,no,,,,,,,,,,,,,,,,Sophie
1,36,2,30,3,1,6/7/2019,,5,9,no,yes,3,2,2,1,1,,,,,,,,,,,Sophie
1,37,2,18,1,2,6/7/2019,,2,19,no,no,6,13,,,,,,,,,,,,,,Sophie
1,38,2,31,5,1,6/7/2019,,1,32,no,no,32,,,,,,,,,,,,,,,Sophie
1,39,2,7,4,2,6/7/2019,,0,0,maybe,no,,,,,,,,,,,,,,,,Sophie
1,40,2,8,1,4,6/7/2019,,1,40,no,no,40,,,,,,,,,,,,,,,Sophie
1,41,2,23,1,5,6/7/2019,,1,10,no,no,10,,,,,,,,,,,,,,,Sophie
1,42,2,4,1,3,6/7/2019,,0,0,maybe,no,,,,,,,,,,,,,,,,Sophie
1,43,2,36,3,3,6/7/2019,,2,56,no,no,19,37,,,,,,,,,,,,,,Sophie
1,44,2,30,4,5,6/7/2019,,0,0,maybe,no,,,,,,,,,,,,,,,,Sophie
1,45,2,62,2,1,6/7/2019,,0,0,maybe,no,,,,,,,,,,,,,,,,Sophie
1,46,2,6,2,4,6/7/2019,,6,8,maybe,yes,2,2,1,1,1,1,,,,,,,,,,Sophie
2,1,1,79,4,5,6/7/2019,,2,57,no,no,29,28,,,,,,,,,,,,,,Vanessa
2,2,1,6,2,5,6/7/2019,,0,0,maybe,no,,,,,,,,,,,,,,,,Vanessa
2,3,1,68,1,4,6/7/2019,,2,26,no,yes,15,11,,,,,,,,,,,,,,Vanessa
2,4,1,39,2,1,6/7/2019,,0,0,maybe,no,,,,,,,,,,,,,,,,Vanessa
2,5,1,49,3,5,6/7/2019,,2,47,no,yes,32,15,,,,,,,,,,,,,,Vanessa
2,6,1,14,5,2,6/7/2019,,3,46,no,yes,22,19,5,,,,,,,,,,,,,Vanessa
2,7,1,56,3,4,6/7/2019,,0,0,maybe,no,,,,,,,,,,,,,,,,Vanessa
2,8,1,27,2,5,6/7/2019,,0,0,maybe,no,,,,,,,,,,,,,,,,Vanessa
2,9,1,21,3,4,6/7/2019,,1,3,no,no,3,,,,,,,,,,,,,,,Vanessa
2,10,1,14,2,2,6/7/2019,,5,36,no,yes,16,14,2,2,2,,,,,,,,,,,Vanessa
2,11,1,72,2,1,6/7/2019,,1,6,no,yes,6,,,,,,,,,,,,,,,Vanessa
2,12,1,2,1,1,6/7/2019,,4,48,no,yes,17,10,14,7,,,,,,,,,,,,Vanessa
2,13,1,36,2,4,6/7/2019,,5,20,no,yes,8,5,4,2,1,,,,,,,,,,,Vanessa
2,14,1,35,2,1,6/7/2019,,2,50,no,no,46,4,,,,,,,,,,,,,,Vanessa
2,15,1,15,3,4,6/7/2019,,0,0,maybe,no,,,,,,,,,,,,,,,,Vanessa
2,16,1,40,2,2,6/7/2019,,1,5,no,no,5,,,,,,,,,,,,,,,Vanessa
2,17,1,46,1,5,6/7/2019,,2,41,no,no,36,5,,,,,,,,,,,,,,Vanessa
2,18,1,6,4,2,6/7/2019,,1,15,no,no,15,,,,,,,,,,,,,,,Vanessa
2,19,1,9,1,3,6/7/2019,,1,7,no,no,7,,,,,,,,,,,,,,,Vanessa
2,20,1,18,5,1,6/7/2019,,0,0,maybe,no,,,,,,,,,,,,,,,,Vanessa
2,21,1,79,1,4,6/7/2019,,1,61,no,no,61,,,,,,,,,,,,,,,Vanessa
2,22,1,77,1,5,6/7/2019,,1,2,no,yes,2,,,,,,,,,,,,,,,Vanessa
2,23,1,31,4,2,6/7/2019,,3,95,no,no,45,42,8,,,,,,,,,,,,,Vanessa
2,24,2,47,2,3,6/7/2019,,0,0,nothing there,,,,,,,,,,,,,,,,,Sophie
2,25,2,68,5,3,6/7/2019,,1,5,no,no,5,,,,,,,,,,,,,,,Sophie
2,26,2,28,1,4,6/7/2019,,0,0,maybe,no,,,,,,,,,,,,,,,,Sophie
2,27,2,14,3,5,6/7/2019,,0,0,nothing there,,,,,,,,,,,,,,,,,Sophie
2,28,2,2,5,5,6/7/2019,,0,0,maybe,no,,,,,,,,,,,,,,,,Sophie
2,29,2,42,2,2,6/7/2019,,0,0,maybe,no,,,,,,,,,,,,,,,,Sophie
2,30,2,41,1,1,6/7/2019,,0,0,maybe,no,,,,,,,,,,,,,,,,Sophie
2,31,2,68,3,3,6/7/2019,,1,25,no,no,25,,,,,,,,,,,,,,,Sophie
2,32,2,14,4,2,6/7/2019,,0,0,nothing there,,,,,,,,,,,,,,,,,Sophie
2,33,2,72,1,2,6/7/2019,,1,5,no,no,5,,,,,,,,,,,,,,,Sophie
2,34,2,2,4,3,6/7/2019,,1,27,no,yes,27,,,,,,,,,,,,,,,Sophie
2,35,2,4,1,2,6/7/2019,,2,13,no,yes,11,2,,,,,,,,,,,,,,Sophie
2,36,2,49,4,3,6/7/2019,,0,0,nothing there,,,,,,,,,,,,,,,,,Sophie
2,37,2,17,2,4,6/7/2019,,0,0,nothing there,,,,,,,,,,,,,,,,,Sophie
2,38,2,6,1,3,6/7/2019,,2,51,no,no,20,31,,,,,,,,,,,,,,Sophie
2,39,2,77,2,2,6/7/2019,,1,71,no,no,71,,,,,,,,,,,,,,,Sophie
2,40,2,47,2,4,6/7/2019,,1,20,no,no,20,,,,,,,,,,,,,,,Sophie
2,41,2,64,1,3,6/7/2019,,1,8,no,no,8,,,,,,,,,,,,,,,Sophie
2,42,2,57,5,1,6/7/2019,,0,0,maybe,no,,,,,,,,,,,,,,,,Sophie
2,43,2,57,1,4,6/7/2019,,0,0,maybe,no,,,,,,,,,,,,,,,,Sophie
2,44,2,15,2,3,6/7/2019,,2,35,no,no,7,28,,,,,,,,,,,,,,Sophie
2,45,2,79,5,2,6/7/2019,,2,16,no,no,13,3,,,,,,,,,,,,,,Sophie
2,46,2,17,5,4,6/7/2019,,0,0,nothing there,,,,,,,,,,,,,,,,,Sophie
3,1,1,12,5,1,6/7/2019,,0,0,nothing there,,,,,,,,,,,,,,,,,Vanessa
3,2,1,68,3,4,6/7/2019,,2,43,no,no,34,9,,,,,,,,,,,,,,Vanessa
3,3,1,14,5,1,6/7/2019,,4,61,no,no,24,21,13,3,,,,,,,,,,,,Vanessa
3,4,1,9,2,2,6/7/2019,,2,55,no,no,38,17,,,,,,,,,,,,,,Vanessa
3,5,1,13,5,5,6/7/2019,,2,37,no,yes,20,17,,,,,,,,,,,,,,Vanessa
3,6,1,1,1,2,6/7/2019,,1,16,no,no,16,,,,,,,,,,,,,,,Vanessa
3,7,1,68,3,5,6/7/2019,,4,77,no,no,36,25,11,5,,,,,,,,,,,,Vanessa
3,8,1,15,4,1,6/7/2019,,2,10,no,no,7,3,,,,,,,,,,,,,,Vanessa
3,9,1,4,3,5,6/7/2019,,1,18,no,no,18,,,,,,,,,,,,,,,Vanessa
3,10,1,2,5,3,6/7/2019,,0,0,maybe,no,,,,,,,,,,,,,,,,Vanessa
3,11,1,49,3,4,6/7/2019,,2,27,no,yes,15,12,,,,,,,,,,,,,,Vanessa
3,12,1,15,2,4,6/7/2019,,3,101,no,no,35,30,36,,,,,,,,,,,,,Vanessa
3,13,1,39,2,2,6/7/2019,,0,0,maybe,no,,,,,,,,,,,,,,,,Vanessa
3,14,1,2,2,5,6/7/2019,,1,27,no,no,27,,,,,,,,,,,,,,,Vanessa
3,15,1,64,3,2,6/7/2019,,0,0,maybe,no,,,,,,,,,,,,,,,,Vanessa
3,16,1,31,2,2,6/7/2019,,6,70,no,no,24,15,17,10,2,2,,,,,,,,,,Vanessa
3,17,1,8,2,5,6/7/2019,,2,14,no,yes,11,3,,,,,,,,,,,,,,Vanessa
3,18,1,17,1,1,6/7/2019,,1,31,no,no,31,,,,,,,,,,,,,,,Vanessa
3,19,1,18,1,4,6/7/2019,,3,5,no,yes,2,2,1,,,,,,,,,,,,,Vanessa
3,20,1,36,2,2,6/7/2019,,3,7,no,yes,3,3,1,,,,,,,,,,,,,Vanessa
3,21,1,7,3,1,6/7/2019,,2,27,no,yes,19,8,,,,,,,,,,,,,,Vanessa
3,22,1,69,2,1,6/7/2019,,1,29,no,no,29,,,,,,,,,,,,,,,Vanessa
3,23,1,30,5,4,6/7/2019,,2,10,no,yes,7,3,,,,,,,,,,,,,,Vanessa
3,24,2,4,4,5,6/7/2019,,6,82,no,yes,30,25,7,9,6,5,,,,,,,,,,Sophie
3,25,2,16,3,4,6/7/2019,,2,3,maybe,yes,2,1,,,,,,,,,,,,,,Sophie
3,26,2,62,3,1,6/7/2019,,3,7,maybe,yes,3,2,2,,,,,,,,,,,,,Sophie
3,27,2,39,4,2,6/7/2019,,5,199,no,yes,82,40,48,18,11,,,,,,,,,,,Sophie
3,28,2,77,3,2,6/7/2019,,2,30,no,no,26,4,,,,,,,,,,,,,,Sophie
3,29,2,4,4,4,6/7/2019,,0,0,maybe,no,,,,,,,,,,,,,,,,Sophie
3,30,2,72,1,3,6/7/2019,,0,0,nothing there,,,,,,,,,,,,,,,,,Sophie
3,31,2,56,4,4,6/7/2019,,1,47,no,no,47,,,,,,,,,,,,,,,Sophie
3,32,2,36,3,5,6/7/2019,,0,0,maybe,no,,,,,,,,,,,,,,,,Sophie
3,33,2,21,2,5,6/7/2019,,0,0,maybe,no,,,,,,,,,,,,,,,,Sophie
3,34,2,31,1,3,6/7/2019,,0,0,maybe,no,,,,,,,,,,,,,,,,Sophie
3,35,2,77,5,5,6/7/2019,,1,11,no,no,11,,,,,,,,,,,,,,,Sophie
3,36,2,72,2,3,6/7/2019,,3,51,no,yes,15,30,6,,,,,,,,,,,,,Sophie
3,37,2,56,2,1,6/7/2019,,1,16,no,no,16,,,,,,,,,,,,,,,Sophie
3,38,2,46,2,3,6/7/2019,,2,51,no,no,36,15,,,,,,,,,,,,,,Sophie
3,39,2,49,5,3,6/7/2019,,2,22,no,no,10,12,,,,,,,,,,,,,,Sophie
3,40,2,12,5,3,6/7/2019,,1,7,no,no,7,,,,,,,,,,,,,,,Sophie
3,41,2,67,4,3,6/7/2019,,0,0,maybe,no,,,,,,,,,,,,,,,,Sophie
3,42,2,46,2,2,6/7/2019,,2,61,no,no,17,44,,,,,,,,,,,,,,Sophie
3,43,2,40,5,2,6/7/2019,,3,13,no,yes,10,1,2,,,,,,,,,,,,,Sophie
3,44,2,67,2,5,6/7/2019,,0,0,maybe,no,,,,,,,,,,,,,,,,Sophie
3,45,2,1,1,5,6/7/2019,,4,100,no,no,10,35,47,8,,,,,,,,,,,,Sophie
3,46,2,19,1,1,6/7/2019,,0,0,maybe,no,,,,,,,,,,,,,,,,Sophie
4,1,1,21,4,1,6/7/2019,,5,66,no,no,21,11,13,8,13,,,,,,,,,,,Vanessa
4,2,1,79,2,1,6/7/2019,,0,0,maybe,no,,,,,,,,,,,,,,,,Vanessa
4,3,1,12,4,1,6/7/2019,,1,19,no,no,19,,,,,,,,,,,,,,,Vanessa
4,4,1,47,3,5,6/7/2019,,0,0,maybe,no,,,,,,,,,,,,,,,,Vanessa
4,5,1,47,1,1,6/7/2019,,1,32,no,no,32,,,,,,,,,,,,,,,Vanessa
4,6,1,21,2,3,6/7/2019,,2,26,no,no,15,11,,,,,,,,,,,,,,Vanessa
4,7,1,1,2,1,6/7/2019,,0,0,maybe,no,,,,,,,,,,,,,,,,Vanessa
4,8,1,1,2,2,6/7/2019,,1,7,no,yes,7,,,,,,,,,,,,,,,Vanessa
4,9,1,30,4,3,6/7/2019,,2,9,no,yes,6,3,,,,,,,,,,,,,,Vanessa
4,10,1,61,5,1,6/7/2019,,0,0,maybe,no,,,,,,,,,,,,,,,,Vanessa
4,11,1,1,4,1,6/7/2019,,0,0,maybe,no,,,,,,,,,,,,,,,,Vanessa
4,12,1,6,4,5,6/7/2019,,6,23,no,no,7,5,5,3,2,1,,,,,,,,,,Vanessa
4,13,1,17,4,4,6/7/2019,,1,16,no,no,16,,,,,,,,,,,,,,,Vanessa
4,14,1,79,4,4,6/7/2019,,5,61,no,yes,23,15,9,6,8,,,,,,,,,,,Vanessa
4,15,1,36,2,1,6/7/2019,,0,0,maybe,no,,,,,,,,,,,,,,,,Vanessa
4,16,1,4,1,1,6/7/2019,,3,95,no,no,25,18,52,,,,,,,,,,,,,Vanessa
4,17,1,56,4,2,6/7/2019,,5,34,no,yes,16,3,3,2,10,,,,,,,,,,,Vanessa
4,18,1,67,1,4,6/7/2019,,1,23,no,no,23,,,,,,,,,,,,,,,Vanessa
4,19,1,2,3,1,6/7/2019,,1,9,no,no,9,,,,,,,,,,,,,,,Vanessa
4,20,1,8,1,1,6/7/2019,,1,44,no,no,44,,,,,,,,,,,,,,,Vanessa
4,21,1,72,5,5,6/7/2019,,0,0,maybe,no,,,,,,,,,,,,,,,,Vanessa
4,22,1,12,4,4,6/7/2019,,0,0,maybe,no,,,,,,,,,,,,,,,,Vanessa
4,23,1,74,2,5,6/7/2019,,2,87,no,no,55,32,,,,,,,,,,,,,,Vanessa
4,24,2,77,1,4,6/7/2019,,1,55,no,no,55,,,,,,,,,,,,,,,Sophie
4,25,2,15,2,5,6/7/2019,,3,65,no,no,42,12,11,,,,,,,,,,,,,Sophie
4,26,2,56,2,3,6/7/2019,,1,34,no,no,34,,,,,,,,,,,,,,,Sophie
4,27,2,32,1,2,6/7/2019,,1,41,no,no,41,,,,,,,,,,,,,,,Sophie
4,28,2,68,4,3,6/7/2019,,1,28,no,no,28,,,,,,,,,,,,,,,Sophie
4,29,2,23,1,2,6/7/2019,,0,0,maybe,no,,,,,,,,,,,,,,,,Sophie
4,30,2,4,1,4,6/7/2019,,2,8,no,no,5,3,,,,,,,,,,,,,,Sophie
4,31,2,6,3,1,6/7/2019,,0,0,maybe,no,,,,,,,,,,,,,,,,Sophie
4,32,2,72,5,3,6/7/2019,,0,0,nothing there,,,,,,,,,,,,,,,,,Sophie
4,33,2,4,3,2,6/7/2019,,1,15,no,no,15,,,,,,,,,,,,,,,Sophie
4,34,2,51,4,3,6/7/2019,,1,20,no,no,20,,,,,,,,,,,,,,,Sophie
4,35,2,20,3,2,6/7/2019,,0,0,nothing there,,,,,,,,,,,,,,,,,Sophie
4,36,2,7,5,5,6/7/2019,,1,22,no,no,22,,,,,,,,,,,,,,,Sophie
4,37,2,36,5,3,6/7/2019,,0,0,nothing there,,,,,,,,,,,,,,,,,Sophie
4,38,2,40,5,3,6/7/2019,,6,48,no,yes,8,5,4,11,10,10,,,,,,,,,,Sophie
4,39,2,18,1,1,6/7/2019,,1,28,no,no,28,,,,,,,,,,,,,,,Sophie
4,40,2,36,1,4,6/7/2019,,8,188,no,yes,61,80,6,10,12,12,4,3,,,,,,,,Sophie
4,41,2,36,1,5,6/7/2019,,2,55,no,no,52,3,,,,,,,,,,,,,,Sophie
4,42,2,2,2,2,6/7/2019,,1,52,no,no,52,,,,,,,,,,,,,,,Sophie
4,43,2,1,3,5,6/7/2019,,7,22,no,yes,7,3,2,2,2,4,2,,,,,,,,,Sophie
4,44,2,61,4,4,6/7/2019,,7,22,no,yes,2,1,5,7,4,2,1,,,,,,,,,Sophie
4,45,2,18,5,2,6/7/2019,,0,0,maybe,no,,,,,,,,,,,,,,,,Sophie
4,46,2,46,4,1,6/7/2019,,2,50,no,no,23,27,,,,,,,,,,,,,,Sophie
5,1,1,77,1,1,6/7/2019,,0,0,maybe,no,,,,,,,,,,,,,,,,Vanessa
5,2,1,21,5,3,6/7/2019,,1,34,no,no,34,,,,,,,,,,,,,,,Vanessa
5,3,1,19,3,5,6/7/2019,,0,0,maybe,no,,,,,,,,,,,,,,,,Vanessa
5,4,1,56,3,3,6/7/2019,,0,0,nothing there,,,,,,,,,,,,,,,,,Vanessa
5,5,1,32,1,3,6/7/2019,,0,0,maybe,no,,,,,,,,,,,,,,,,Vanessa
5,6,1,8,3,5,6/7/2019,,2,63,no,no,41,22,,,,,,,,,,,,,,Vanessa
5,7,1,11,1,2,6/7/2019,,1,24,no,no,24,,,,,,,,,,,,,,,Vanessa
5,8,1,4,5,2,6/7/2019,,2,61,no,yes,38,23,,,,,,,,,,,,,,Vanessa
5,9,1,28,1,3,6/7/2019,,0,0,nothing there,,,,,,,,,,,,,,,,,Vanessa
5,10,1,29,1,3,6/7/2019,,0,0,maybe,no,,,,,,,,,,,,,,,,Vanessa
5,11,1,3,2,4,6/7/2019,,0,0,maybe,no,,,,,,,,,,,,,,,,Vanessa
5,12,1,23,1,5,6/7/2019,,0,0,maybe,no,,,,,,,,,,,,,,,,Vanessa
5,13,1,21,3,1,6/7/2019,,2,45,no,no,43,2,,,,,,,,,,,,,,Vanessa
5,14,1,49,2,3,6/7/2019,,5,138,no,no,51,32,15,26,14,,,,,,,,,,,Vanessa
5,15,1,72,3,5,6/7/2019,,0,0,nothing there,,,,,,,,,,,,,,,,,Vanessa
5,16,1,47,1,5,6/7/2019,,2,30,no,yes,27,3,,,,,,,,,,,,,,Vanessa
5,17,1,47,3,3,6/7/2019,,2,22,no,no,13,9,,,,,,,,,,,,,,Vanessa
5,18,1,46,5,3,6/7/2019,,1,34,no,yes,34,,,,,,,,,,,,,,,Vanessa
5,19,1,21,3,5,6/7/2019,,3,8,no,no,3,3,2,,,,,,,,,,,,,Vanessa
5,20,1,9,1,5,6/7/2019,,1,26,no,no,26,,,,,,,,,,,,,,,Vanessa
5,21,1,47,4,5,6/7/2019,,0,0,maybe,no,,,,,,,,,,,,,,,,Vanessa
5,22,1,13,1,4,6/7/2019,,0,0,nothing there,,,,,,,,,,,,,,,,,Vanessa
5,23,2,3,4,3,6/7/2019,,3,5,maybe,yes,2,2,1,,,,,,,,,,,,,Vanessa
5,24,2,62,1,1,6/7/2019,,5,91,no,yes,18,45,20,5,3,,,,,,,,,,,Sophie
5,25,2,12,5,2,6/7/2019,,0,0,maybe,no,,,,,,,,,,,,,,,,Sophie
5,26,2,74,2,1,6/7/2019,,3,67,no,no,22,19,26,,,,,,,,,,,,,Sophie
5,27,2,30,5,2,6/7/2019,,0,0,nothing there,,,,,,,,,,,,,,,,,Sophie
5,28,2,79,1,3,6/7/2019,,1,19,no,yes,19,,,,,,,,,,,,,,,Sophie
5,29,2,17,1,3,6/7/2019,,3,42,no,no,31,7,4,,,,,,,,,,,,,Sophie
5,30,2,6,5,4,6/7/2019,,1,62,no,no,62,,,,,,,,,,,,,,,Sophie
5,31,2,77,4,2,6/7/2019,,3,65,no,yes,32,30,3,,,,,,,,,,,,,Sophie
5,32,2,27,5,3,6/7/2019,,0,0,nothing there,,,,,,,,,,,,,,,,,Sophie
5,33,2,40,3,1,6/7/2019,,2,4,no,no,2,2,,,,,,,,,,,,,,Sophie
5,34,2,67,5,1,6/7/2019,,2,61,no,no,43,18,,,,,,,,,,,,,,Sophie
5,35,2,17,5,1,6/7/2019,,1,35,no,no,35,,,,,,,,,,,,,,,Sophie
5,36,2,41,1,5,6/7/2019,,1,24,no,no,24,,,,,,,,,,,,,,,Sophie
5,37,2,8,3,3,6/7/2019,,0,0,nothing there,,,,,,,,,,,,,,,,,Sophie
5,38,2,72,4,3,6/7/2019,,1,6,no,no,6,,,,,,,,,,,,,,,Sophie
5,39,2,77,5,1,6/7/2019,,2,74,no,no,65,9,,,,,,,,,,,,,,Sophie
5,40,2,14,1,4,6/7/2019,,0,0,nothing there,,,,,,,,,,,,,,,,,Sophie
5,41,2,2,1,5,6/7/2019,,0,0,nothing there,,,,,,,,,,,,,,,,,Sophie
5,42,2,39,5,3,6/7/2019,,2,56,no,no,36,20,,,,,,,,,,,,,,Sophie
5,43,2,36,3,4,6/7/2019,,4,54,no,yes,11,4,4,35,,,,,,,,,,,,Sophie
5,44,2,69,1,4,6/7/2019,,0,0,nothing there,,,,,,,,,,,,,,,,,Sophie
5,45,2,64,1,2,6/7/2019,,0,0,maybe,no,,,,,,,,,,,,,,,,Sophie
5,46,2,29,5,4,6/7/2019,,1,23,no,no,23,,,,,,,,,,,,,,,Sophie
6,1,1,36,4,4,6/6/2019,,1,11,no,no,11,,,,,,,,,,,,,,,Sophie
6,2,1,61,4,5,6/6/2019,,5,96,no,no,19,13,35,17,12,,,,,,,,,,,Sophie
6,3,1,2,2,3,6/6/2019,,3,53,no,yes,10,26,17,,,,,,,,,,,,,Sophie
6,4,1,27,3,3,6/6/2019,,2,23,no,no,12,11,,,,,,,,,,,,,,Sophie
6,5,1,11,2,4,6/6/2019,,1,12,no,no,12,,,,,,,,,,,,,,,Sophie
6,6,1,12,1,4,6/6/2019,,1,21,no,no,21,,,,,,,,,,,,,,,Sophie
6,7,1,57,5,3,6/6/2019,,5,49,no,no,32,8,4,3,2,,,,,,,,,,,Sophie
6,8,1,7,5,3,6/6/2019,,4,94,no,no,15,3,38,38,,,,,,,,,,,,Sophie
6,9,1,21,4,4,6/6/2019,,1,15,no,no,15,,,,,,,,,,,,,,,Sophie
6,10,1,49,4,5,6/6/2019,,0,0,maybe,no,,,,,,,,,,,,,,,,Sophie
6,11,1,40,5,5,6/6/2019,,1,50,no,no,50,,,,,,,,,,,,,,,Sophie
6,12,1,7,5,2,6/6/2019,,6,52,no,yes,15,15,6,6,6,4,,,,,,,,,,Sophie
6,13,1,46,5,1,6/6/2019,,2,24,no,yes,22,2,,,,,,,,,,,,,,Sophie
6,14,1,36,2,5,6/6/2019,,0,0,maybe,no,,,,,,,,,,,,,,,,Sophie
6,15,1,26,1,2,6/6/2019,,1,24,no,yes,24,,,,,,,,,,,,,,,Sophie
6,16,1,51,2,1,6/6/2019,,0,0,maybe,no,,,,,,,,,,,,,,,,Sophie
6,17,1,46,1,3,6/6/2019,,0,0,maybe,no,,,,,,,,,,,,,,,,Sophie
6,18,1,6,2,1,6/6/2019,,0,0,maybe,no,,,,,,,,,,,,,,,,Sophie
6,19,1,19,5,2,6/6/2019,,2,29,no,no,8,21,,,,,,,,,,,,,,Sophie
6,20,1,3,5,1,6/6/2019,,8,29,no,yes,9,7,3,2,2,2,2,2,,,,,,,,Sophie
6,21,1,29,4,5,6/6/2019,,0,0,maybe,no,,,,,,,,,,,,,,,,Sophie
6,22,1,79,4,1,6/6/2019,,2,46,no,no,19,27,,,,,,,,,,,,,,Sophie
6,23,2,21,2,2,6/7/2019,,1,14,no,no,14,,,,,,,,,,,,,,,Sophie
6,24,2,77,4,5,6/7/2019,,1,21,no,no,21,,,,,,,,,,,,,,,Sophie
6,25,2,72,2,4,6/7/2019,,0,0,nothing there,,,,,,,,,,,,,,,,,Sophie
6,26,2,1,1,3,6/7/2019,,1,30,no,no,30,,,,,,,,,,,,,,,Sophie
6,27,2,5,5,3,6/7/2019,,0,0,maybe,no,,,,,,,,,,,,,,,,Sophie
6,28,2,36,1,1,6/7/2019,,1,56,no,no,56,,,,,,,,,,,,,,,Sophie
6,29,2,62,3,4,6/7/2019,,0,0,maybe,no,,,,,,,,,,,,,,,,Sophie
6,30,2,12,5,4,6/7/2019,,1,50,no,no,50,,,,,,,,,,,,,,,Sophie
6,31,2,18,4,3,6/7/2019,,0,0,nothing there,,,,,,,,,,,,,,,,,Sophie
6,32,2,18,2,1,6/7/2019,,2,51,no,no,27,24,,,,,,,,,,,,,,Sophie
6,33,2,14,1,1,6/7/2019,,2,63,no,no,30,33,,,,,,,,,,,,,,Sophie
6,34,2,57,5,2,6/7/2019,,0,0,nothing there,,,,,,,,,,,,,,,,,Sophie
6,35,2,1,3,4,6/7/2019,,4,135,no,no,40,33,14,48,,,,,,,,,,,,Sophie
6,36,2,74,2,3,6/7/2019,,2,71,no,no,36,35,,,,,,,,,,,,,,Sophie
6,37,2,17,3,2,6/7/2019,,2,37,no,no,33,4,,,,,,,,,,,,,,Sophie
6,38,2,1,4,5,6/7/2019,,0,0,maybe,no,,,,,,,,,,,,,,,,Sophie
6,39,2,62,4,1,6/7/2019,,2,51,no,no,33,18,,,,,,,,,,,,,,Sophie
6,40,2,17,2,1,6/7/2019,,2,88,no,no,37,51,,,,,,,,,,,,,,Sophie
6,41,2,42,1,2,6/7/2019,,2,16,no,yes,9,7,,,,,,,,,,,,,,Sophie
6,42,2,4,3,4,6/7/2019,,0,0,nothing there,,,,,,,,,,,,,,,,,Sophie
6,43,2,79,2,5,6/7/2019,,1,32,no,no,32,,,,,,,,,,,,,,,Sophie
6,44,2,17,5,2,6/7/2019,,1,42,no,no,42,,,,,,,,,,,,,,,Sophie
6,45,2,18,2,4,6/7/2019,,0,0,maybe,no,,,,,,,,,,,,,,,,Sophie
6,46,2,7,4,3,6/7/2019,,3,19,no,yes,9,3,7,,,,,,,,,,,,,Sophie
7,1,1,3,2,5,6/6/2019,,2,17,no,no,11,6,,,,,,,,,,,,,,Sophie
7,2,1,6,2,3,6/6/2019,,1,28,no,yes,28,,,,,,,,,,,,,,,Sophie
7,3,1,7,1,3,6/6/2019,,1,28,no,no,28,,,,,,,,,,,,,,,Sophie
7,4,1,47,2,2,6/6/2019,,1,7,no,yes,7,,,,,,,,,,,,,,,Sophie
7,5,1,62,1,5,6/6/2019,,0,0,maybe,no,,,,,,,,,,,,,,,,Sophie
7,6,1,64,2,3,6/6/2019,,0,0,nothing there,,,,,,,,,,,,,,,,,Sophie
7,7,1,67,2,1,6/6/2019,,1,45,no,no,45,,,,,,,,,,,,,,,Sophie
7,8,1,5,5,4,6/6/2019,,1,36,no,no,36,,,,,,,,,,,,,,,Sophie
7,9,1,39,2,4,6/6/2019,,1,18,no,no,18,,,,,,,,,,,,,,,Sophie
7,10,1,79,3,4,6/6/2019,,2,37,no,no,19,18,,,,,,,,,,,,,,Sophie
7,11,1,47,4,4,6/6/2019,,2,51,no,no,14,37,,,,,,,,,,,,,,Sophie
7,12,1,4,4,2,6/6/2019,,1,34,no,no,34,,,,,,,,,,,,,,,Sophie
7,13,1,19,2,2,6/6/2019,,0,0,maybe,no,,,,,,,,,,,,,,,,Sophie
7,14,1,46,5,5,6/6/2019,,0,0,maybe,no,,,,,,,,,,,,,,,,Sophie
7,15,1,7,4,4,6/6/2019,,0,0,nothing there,,,,,,,,,,,,,,,,,Sophie
7,16,1,68,1,5,6/6/2019,,0,0,nothing there,,,,,,,,,,,,,,,,,Sophie
7,17,1,5,2,4,6/6/2019,,0,0,nothing there,,,,,,,,,,,,,,,,,Sophie
7,18,1,5,3,2,6/6/2019,,0,0,maybe,no,,,,,,,,,,,,,,,,Sophie
7,19,1,29,1,2,6/6/2019,,0,0,nothing there,,,,,,,,,,,,,,,,,Sophie
7,20,1,79,3,3,6/6/2019,,1,23,no,no,23,,,,,,,,,,,,,,,Sophie
7,21,1,35,3,2,6/6/2019,,0,0,maybe,yes,,,,,,,,,,,,,,,,Sophie
7,22,1,35,4,4,6/6/2019,,0,0,maybe,yes,,,,,,,,,,,,,,,,Sophie
7,23,2,14,4,4,6/6/2019,,0,0,nothing there,,,,,,,,,,,,,,,,,Sophie
7,24,2,7,2,3,6/6/2019,,5,88,no,yes,13,12,20,33,10,,,,,,,,,,,Sophie
7,25,2,12,2,4,6/6/2019,,0,0,nothing there,,,,,,,,,,,,,,,,,Sophie
7,26,2,67,1,5,6/6/2019,,2,20,no,no,11,9,,,,,,,,,,,,,,Sophie
7,27,2,30,2,4,6/6/2019,,3,95,no,yes,29,14,52,,,,,,,,,,,,,Sophie
7,28,2,8,2,2,6/6/2019,,1,26,no,no,26,,,,,,,,,,,,,,,Sophie
7,29,2,39,2,5,6/6/2019,,0,0,maybe,no,,,,,,,,,,,,,,,,Sophie
7,30,2,56,3,5,6/6/2019,,2,55,no,no,35,20,,,,,,,,,,,,,,Sophie
7,31,2,62,2,3,6/6/2019,,0,0,maybe,no,,,,,,,,,,,,,,,,Sophie
7,32,2,5,1,4,6/6/2019,,0,0,nothing there,,,,,,,,,,,,,,,,,Sophie
7,33,2,12,2,2,6/6/2019,,3,116,no,no,26,45,45,,,,,,,,,,,,,Sophie
7,34,2,57,4,5,6/6/2019,,0,0,maybe,no,,,,,,,,,,,,,,,,Sophie
7,35,2,62,3,5,6/6/2019,,0,0,nothing there,,,,,,,,,,,,,,,,,Sophie
7,36,2,79,5,1,6/6/2019,,1,8,no,no,8,,,,,,,,,,,,,,,Sophie
7,37,2,1,1,1,6/6/2019,,1,30,no,no,30,,,,,,,,,,,,,,,Sophie
7,38,2,64,3,4,6/6/2019,,0,0,maybe,no,,,,,,,,,,,,,,,,Sophie
7,39,2,19,5,3,6/6/2019,,0,0,nothing there,,,,,,,,,,,,,,,,,Sophie
7,40,2,30,4,4,6/6/2019,,1,11,no,no,11,,,,,,,,,,,,,,,Sophie
7,41,2,16,3,5,6/6/2019,,3,55,no,no,10,10,35,,,,,,,,,,,,,Sophie
7,42,2,13,3,1,6/6/2019,,0,0,nothing there,,,,,,,,,,,,,,,,,Sophie
7,43,2,27,4,3,6/6/2019,,0,0,nothing there,,,,,,,,,,,,,,,,,Sophie
7,44,2,11,2,5,6/6/2019,,1,41,no,yes,41,,,,,,,,,,,,,,,Sophie
7,45,2,2,5,4,6/6/2019,,0,0,maybe,no,,,,,,,,,,,,,,,,Sophie
7,46,2,29,5,2,6/6/2019,,1,33,no,no,33,,,,,,,,,,,,,,,Sophie
8,1,1,9,2,1,6/6/2019,,1,22,no,no,22,,,,,,,,,,,,,,,Sophie
8,2,1,57,1,2,6/6/2019,,2,55,no,no,25,30,,,,,,,,,,,,,,Sophie
8,3,1,67,3,2,6/6/2019,,0,0,maybe,no,,,,,,,,,,,,,,,,Sophie
8,4,1,21,5,1,6/6/2019,,0,0,maybe,no,,,,,,,,,,,,,,,,Sophie
8,5,1,13,5,4,6/6/2019,,6,71,no,no,25,9,22,5,2,8,,,,,,,,,,Sophie
8,6,1,74,1,3,6/6/2019,,5,107,no,yes,20,13,24,21,29,,,,,,,,,,,Sophie
8,7,1,17,1,4,6/6/2019,,1,49,no,no,49,,,,,,,,,,,,,,,Sophie
8,8,1,15,4,4,6/6/2019,,1,15,no,no,15,,,,,,,,,,,,,,,Sophie
8,9,1,7,3,2,6/6/2019,,4,46,no,yes,32,8,4,2,,,,,,,,,,,,Sophie
8,10,1,12,3,2,6/6/2019,,1,8,no,no,8,,,,,,,,,,,,,,,Sophie
8,11,1,11,4,5,6/6/2019,,1,60,no,no,60,,,,,,,,,,,,,,,Sophie
8,12,1,20,5,1,6/6/2019,,3,97,no,no,55,20,22,,,,,,,,,,,,,Sophie
8,13,1,72,4,5,6/6/2019,,0,0,nothing there,,,,,,,,,,,,,,,,,Sophie
8,14,1,62,2,5,6/6/2019,,0,0,maybe,no,,,,,,,,,,,,,,,,Sophie
8,15,1,15,1,5,6/6/2019,,2,79,no,no,46,33,,,,,,,,,,,,,,Sophie
8,16,1,14,3,2,6/6/2019,,1,24,no,no,24,,,,,,,,,,,,,,,Sophie
8,17,1,57,3,2,6/6/2019,,1,32,no,no,32,,,,,,,,,,,,,,,Sophie
8,18,1,62,1,2,6/6/2019,,1,7,no,no,7,,,,,,,,,,,,,,,Sophie
8,19,1,47,5,1,6/6/2019,,0,0,maybe,no,,,,,,,,,,,,,,,,Sophie
8,20,1,15,5,1,6/6/2019,,1,8,no,no,8,,,,,,,,,,,,,,,Sophie
8,21,1,16,2,1,6/6/2019,,3,38,no,no,16,11,11,,,,,,,,,,,,,Sophie
8,22,1,29,4,3,6/6/2019,,0,0,no,no,,,,,,,,,,,,,,,,Sophie
8,23,2,68,5,2,6/6/2019,,0,0,maybe,no,,,,,,,,,,,,,,,,Sophie
8,24,2,4,2,2,6/6/2019,,4,7,no,yes,3,1,1,2,,,,,,,,,,,,Sophie
8,25,2,46,2,5,6/6/2019,,1,8,no,no,8,,,,,,,,,,,,,,,Sophie
8,26,2,68,4,1,6/6/2019,,4,52,no,no,3,27,6,16,,,,,,,,,,,,Sophie
8,27,2,6,3,5,6/6/2019,,6,45,no,yes,19,12,6,4,2,2,,,,,,,,,,Sophie
8,28,2,7,1,2,6/6/2019,,0,0,maybe,no,,,,,,,,,,,,,,,,Sophie
8,29,2,35,3,5,6/6/2019,,0,0,maybe,no,,,,,,,,,,,,,,,,Sophie
8,30,2,39,3,3,6/6/2019,,3,40,no,no,16,4,20,,,,,,,,,,,,,Sophie
8,31,2,62,4,4,6/6/2019,,2,60,no,no,40,20,,,,,,,,,,,,,,Sophie
8,32,2,4,3,3,6/6/2019,,1,25,no,no,25,,,,,,,,,,,,,,,Sophie
8,33,2,21,1,2,6/6/2019,,7,16,no,yes,9,2,1,1,1,1,1,,,,,,,,,Sophie
8,34,2,77,4,3,6/6/2019,,4,5,no,yes,2,1,1,1,,,,,,,,,,,,Sophie
8,35,2,17,4,2,6/6/2019,,5,42,no,yes,14,10,9,5,4,,,,,,,,,,,Sophie
8,36,2,27,5,2,6/6/2019,,1,7,no,no,7,,,,,,,,,,,,,,,Sophie
8,37,2,26,1,1,6/6/2019,,2,44,no,no,29,15,,,,,,,,,,,,,,Sophie
8,38,2,17,3,1,6/6/2019,,1,30,no,no,30,,,,,,,,,,,,,,,Sophie
8,39,2,5,4,1,6/6/2019,,2,81,no,no,31,50,,,,,,,,,,,,,,Sophie
8,40,2,39,3,5,6/6/2019,,0,0,nothing there,,,,,,,,,,,,,,,,,Sophie
8,41,2,64,2,2,6/6/2019,,0,0,maybe,no,,,,,,,,,,,,,,,,Sophie
8,42,2,64,3,3,6/6/2019,,3,57,no,no,7,19,31,,,,,,,,,,,,,Sophie
8,43,2,39,4,1,6/6/2019,,2,34,no,no,19,15,,,,,,,,,,,,,,Sophie
8,44,2,62,1,3,6/6/2019,,1,55,no,no,55,,,,,,,,,,,,,,,Sophie
8,45,2,67,2,2,6/6/2019,,0,0,maybe,no,,,,,,,,,,,,,,,,Sophie
8,46,2,67,5,3,6/6/2019,,1,11,no,no,11,,,,,,,,,,,,,,,Sophie
9,1,1,28,1,5,6/6/2019,,1,11,no,no,11,,,,,,,,,,,,,,,Sophie
9,2,1,4,3,1,6/6/2019,,1,22,no,no,22,,,,,,,,,,,,,,,Sophie
9,3,1,12,3,1,6/6/2019,,0,0,nothing there,,,,,,,,,,,,,,,,,Sophie
9,4,1,27,4,1,6/6/2019,,2,18,no,no,12,6,,,,,,,,,,,,,,Sophie
9,5,1,1,4,3,6/6/2019,,1,7,no,no,7,,,,,,,,,,,,,,,Sophie
9,6,1,49,5,5,6/6/2019,,3,47,no,no,26,7,14,,,,,,,,,,,,,Sophie
9,7,1,39,3,4,6/6/2019,,0,0,maybe,no,,,,,,,,,,,,,,,,Sophie
9,8,1,77,3,1,6/6/2019,,1,15,no,no,15,,,,,,,,,,,,,,,Sophie
9,9,1,3,2,2,6/6/2019,,0,0,maybe,no,,,,,,,,,,,,,,,,Sophie
9,10,1,69,2,4,6/6/2019,,0,0,maybe,no,,,,,,,,,,,,,,,,Sophie
9,11,1,17,2,5,6/6/2019,,0,0,maybe,no,,,,,,,,,,,,,,,,Sophie
9,12,1,51,4,2,6/6/2019,,3,95,no,no,50,35,10,,,,,,,,,,,,,Sophie
9,13,1,79,1,1,6/6/2019,,2,52,no,no,26,26,,,,,,,,,,,,,,Sophie
9,14,1,5,5,5,6/6/2019,,0,0,nothing there,,,,,,,,,,,,,,,,,Sophie
9,15,1,13,5,2,6/6/2019,,0,0,maybe,no,,,,,,,,,,,,,,,,Sophie
9,16,1,30,5,3,6/6/2019,,4,82,no,no,15,27,25,15,,,,,,,,,,,,Sophie
9,17,1,39,3,2,6/6/2019,,0,0,nothing there,,,,,,,,,,,,,,,,,Sophie
9,18,1,20,1,2,6/6/2019,,0,0,nothing there,,,,,,,,,,,,,,,,,Sophie
9,19,1,72,3,1,6/6/2019,,3,147,no,no,68,38,41,,,,,,,,,,,,,Sophie
9,20,1,7,3,3,6/6/2019,,1,56,no,no,56,,,,,,,,,,,,,,,Sophie
9,21,1,79,4,2,6/6/2019,,2,55,no,no,22,33,,,,,,,,,,,,,,Sophie
9,22,1,15,3,5,6/6/2019,,0,0,nothing there,,,,,,,,,,,,,,,,,Sophie
9,23,2,45,2,1,6/6/2019,,5,17,no,yes,7,2,4,2,2,,,,,,,,,,,Sophie
9,24,2,27,4,5,6/6/2019,,0,0,maybe,no,,,,,,,,,,,,,,,,Sophie
9,25,2,64,5,3,6/6/2019,,1,9,no,no,9,,,,,,,,,,,,,,,Sophie
9,26,2,77,1,2,6/6/2019,,2,22,no,no,17,5,,,,,,,,,,,,,,Sophie
9,27,2,64,2,4,6/6/2019,,0,0,nothing there,,,,,,,,,,,,,,,,,Sophie
9,28,2,7,3,5,6/6/2019,,2,42,no,no,36,6,,,,,,,,,,,,,,Sophie
9,29,2,35,4,1,6/6/2019,,0,0,maybe,no,,,,,,,,,,,,,,,,Sophie
9,30,2,36,4,1,6/6/2019,,0,0,maybe,no,,,,,,,,,,,,,,,,Sophie
9,31,2,45,2,4,6/6/2019,,0,0,maybe,no,,,,,,,,,,,,,,,,Sophie
9,32,2,15,3,1,6/6/2019,,1,26,no,no,26,,,,,,,,,,,,,,,Sophie
9,33,2,77,5,3,6/6/2019,,2,49,no,no,30,19,,,,,,,,,,,,,,Sophie
9,34,2,36,3,1,6/6/2019,,0,0,maybe,no,,,,,,,,,,,,,,,,Sophie
9,35,2,49,3,1,6/6/2019,,1,16,no,no,16,,,,,,,,,,,,,,,Sophie
9,36,2,39,5,2,6/6/2019,,0,0,maybe,no,,,,,,,,,,,,,,,,Sophie
9,37,2,6,4,4,6/6/2019,,1,55,no,no,55,,,,,,,,,,,,,,,Sophie
9,38,2,57,5,4,6/6/2019,,1,14,no,no,14,,,,,,,,,,,,,,,Sophie
9,39,2,15,5,4,6/6/2019,,2,37,no,no,18,19,,,,,,,,,,,,,,Sophie
9,40,2,62,5,5,6/6/2019,,2,21,no,no,11,10,,,,,,,,,,,,,,Sophie
9,41,2,17,3,5,6/6/2019,,1,30,no,no,30,,,,,,,,,,,,,,,Sophie
9,42,2,47,5,4,6/6/2019,,0,0,maybe,no,,,,,,,,,,,,,,,,Sophie
9,43,2,35,2,2,6/6/2019,,1,14,no,no,14,,,,,,,,,,,,,,,Sophie
9,44,2,5,2,3,6/6/2019,Small hole from digging critter probably (filled it),1,18,no,no,18,,,,,,,,,,,,,,,Sophie
9,45,2,72,3,4,6/6/2019,,2,37,no,no,14,23,,,,,,,,,,,,,,Sophie
9,46,2,1,1,4,6/6/2019,,3,64,no,no,57,3,4,,,,,,,,,,,,,Sophie
10,1,1,14,4,5,6/6/2019,,0,0,nothing there,,,,,,,,,,,,,,,,,Sophie
10,2,1,62,4,5,6/6/2019,,0,0,maybe,no,,,,,,,,,,,,,,,,Sophie
10,3,1,79,3,1,6/6/2019,,1,17,no,no,17,,,,,,,,,,,,,,,Sophie
10,4,1,56,4,1,6/6/2019,,3,40,no,no,3,4,33,,,,,,,,,,,,,Sophie
10,5,1,1,5,2,6/6/2019,,2,49,no,no,27,22,,,,,,,,,,,,,,Sophie
10,6,1,62,4,2,6/6/2019,,0,0,maybe,no,,,,,,,,,,,,,,,,Sophie
10,7,1,7,3,4,6/6/2019,,1,3,no,no,3,,,,,,,,,,,,,,,Sophie
10,8,1,42,1,1,6/6/2019,,5,107,no,no,57,37,4,5,4,,,,,,,,,,,Sophie
10,9,1,69,1,2,6/6/2019,,2,50,no,no,22,28,,,,,,,,,,,,,,Sophie
10,10,1,67,4,5,6/6/2019,,0,0,maybe,no,,,,,,,,,,,,,,,,Sophie
10,11,1,16,3,3,6/6/2019,,1,15,no,no,15,,,,,,,,,,,,,,,Sophie
10,12,1,72,4,4,6/6/2019,,1,2,no,no,2,,,,,,,,,,,,,,,Sophie
10,13,1,12,3,4,6/6/2019,,1,6,no,no,6,,,,,,,,,,,,,,,Sophie
10,14,1,42,2,1,6/6/2019,,2,9,no,no,5,4,,,,,,,,,,,,,,Sophie
10,15,1,61,3,3,6/6/2019,,1,20,no,no,20,,,,,,,,,,,,,,,Sophie
10,16,1,23,1,4,6/6/2019,,1,31,no,no,31,,,,,,,,,,,,,,,Sophie
10,17,1,17,5,3,6/6/2019,,1,50,no,no,50,,,,,,,,,,,,,,,Sophie
10,18,1,72,1,5,6/6/2019,,1,38,no,no,38,,,,,,,,,,,,,,,Sophie
10,19,1,9,2,4,6/6/2019,,1,36,no,no,36,,,,,,,,,,,,,,,Sophie
10,20,1,31,2,1,6/6/2019,,5,29,no,no,4,7,3,3,12,,,,,,,,,,,Sophie
10,21,1,47,5,2,6/6/2019,,0,0,maybe,no,,,,,,,,,,,,,,,,Sophie
10,22,1,46,1,1,6/6/2019,,1,55,no,no,55,,,,,,,,,,,,,,,Sophie
10,23,1,31,3,3,6/6/2019,,1,3,no,no,3,,,,,,,,,,,,,,,Sophie
10,24,2,5,3,5,6/6/2019,,2,51,no,no,41,10,,,,,,,,,,,,,,Sophie
10,25,2,14,1,3,6/6/2019,,5,96,no,no,30,22,11,13,20,,,,,,,,,,,Sophie
10,26,2,3,5,4,6/6/2019,,1,31,no,no,31,,,,,,,,,,,,,,,Sophie
10,27,2,30,3,3,6/6/2019,,2,73,no,no,31,42,,,,,,,,,,,,,,Sophie
10,28,2,61,4,1,6/6/2019,,3,66,no,yes,16,46,4,,,,,,,,,,,,,Sophie
10,29,2,31,5,2,6/6/2019,,0,0,maybe,no,,,,,,,,,,,,,,,,Sophie
10,30,2,41,2,4,6/6/2019,,0,0,maybe,no,,,,,,,,,,,,,,,,Sophie
10,31,2,47,4,1,6/6/2019,,6,15,no,yes,3,3,5,2,1,1,,,,,,,,,,Sophie
10,32,2,16,1,2,6/6/2019,,1,3,no,no,3,,,,,,,,,,,,,,,Sophie
10,33,2,28,4,5,6/6/2019,,1,26,no,no,26,,,,,,,,,,,,,,,Sophie
10,34,2,5,5,2,6/6/2019,,2,52,no,no,40,12,,,,,,,,,,,,,,Sophie
10,35,2,56,2,4,6/6/2019,,0,0,maybe,no,,,,,,,,,,,,,,,,Sophie
10,36,2,72,5,1,6/6/2019,,2,19,no,no,8,11,,,,,,,,,,,,,,Sophie
10,37,2,57,1,1,6/6/2019,,1,33,no,no,33,,,,,,,,,,,,,,,Sophie
10,38,2,57,1,3,6/6/2019,,3,91,no,no,29,21,41,,,,,,,,,,,,,Sophie
10,39,2,79,3,5,6/6/2019,,0,0,maybe,no,,,,,,,,,,,,,,,,Sophie
10,40,2,68,4,4,6/6/2019,,1,24,no,no,24,,,,,,,,,,,,,,,Sophie
10,41,4,15,2,1,6/4/2019,,2,65,no,no,42,23,,,,,,,,,,,,,,Sophie
10,42,4,5,4,4,6/4/2019,,1,5,no,no,5,,,,,,,,,,,,,,,Sophie
10,43,4,32,1,4,6/4/2019,,0,0,maybe,no,,,,,,,,,,,,,,,,Sophie
10,44,4,61,1,1,6/4/2019,,10,21,no,yes,8,5,1,1,1,1,1,1,1,1,,,,,,Sophie
10,45,4,31,3,2,6/4/2019,,1,6,no,no,6,,,,,,,,,,,,,,,Sophie
10,46,4,47,4,2,6/4/2019,,1,7,no,no,7,,,,,,,,,,,,,,,Sophie
11,1,1,64,1,1,6/6/2019,,1,17,no,no,17,,,,,,,,,,,,,,,Sophie
11,2,1,3,4,1,6/6/2019,,2,18,no,no,10,8,,,,,,,,,,,,,,Sophie
11,3,1,11,1,3,6/6/2019,,2,42,no,no,18,24,,,,,,,,,,,,,,Sophie
11,4,1,11,3,2,6/6/2019,,0,0,nothing there,,,,,,,,,,,,,,,,,Sophie
11,5,1,18,3,1,6/6/2019,,3,70,no,no,53,14,3,,,,,,,,,,,,,Sophie
11,6,1,29,4,1,6/6/2019,,0,0,maybe,no,,,,,,,,,,,,,,,,Sophie
11,7,1,35,5,3,6/6/2019,,1,42,no,no,42,,,,,,,,,,,,,,,Sophie
11,8,1,64,1,4,6/6/2019,,3,53,no,no,15,17,21,,,,,,,,,,,,,Sophie
11,9,1,2,1,2,6/6/2019,,9,12,no,yes,4,1,1,1,1,1,1,1,1,,,,,,,Sophie
11,10,1,64,5,1,6/6/2019,,2,26,no,no,11,15,,,,,,,,,,,,,,Sophie
11,11,1,36,1,2,6/6/2019,,1,40,no,no,40,,,,,,,,,,,,,,,Sophie
11,12,1,67,5,5,6/6/2019,,4,107,no,no,18,35,44,10,,,,,,,,,,,,Sophie
11,13,1,61,1,5,6/6/2019,,1,23,no,no,23,,,,,,,,,,,,,,,Sophie
11,14,1,74,2,2,6/6/2019,,3,49,no,no,29,17,3,,,,,,,,,,,,,Sophie
11,15,1,68,2,5,6/6/2019,,0,0,maybe,no,,,,,,,,,,,,,,,,Sophie
11,16,1,29,2,2,6/6/2019,,0,0,nothing there,,,,,,,,,,,,,,,,,Sophie
11,17,1,40,5,1,6/6/2019,,2,28,no,no,18,10,,,,,,,,,,,,,,Sophie
11,18,1,1,2,4,6/6/2019,,2,13,no,no,10,3,,,,,,,,,,,,,,Sophie
11,19,1,74,1,5,6/6/2019,,1,45,no,no,45,,,,,,,,,,,,,,,Sophie
11,20,1,2,4,5,6/6/2019,,2,12,no,no,8,4,,,,,,,,,,,,,,Sophie
11,21,1,4,2,4,6/6/2019,,0,0,maybe,no,,,,,,,,,,,,,,,,Sophie
11,22,1,9,1,2,6/6/2019,,1,6,no,no,6,,,,,,,,,,,,,,,Sophie
11,23,1,39,5,1,6/6/2019,,2,60,no,no,34,26,,,,,,,,,,,,,,Sophie
11,24,4,57,2,1,6/4/2019,,0,0,maybe,no,,,,,,,,,,,,,,,,Sophie
11,25,4,17,4,1,6/4/2019,,0,0,maybe,no,,,,,,,,,,,,,,,,Sophie
11,26,4,67,1,3,6/4/2019,,1,43,no,no,43,,,,,,,,,,,,,,,Sophie
11,27,4,42,2,4,6/4/2019,,0,0,maybe,no,,,,,,,,,,,,,,,,Sophie
11,28,4,12,2,1,6/4/2019,,0,0,maybe,no,,,,,,,,,,,,,,,,Sophie
11,29,4,30,2,1,6/4/2019,,1,7,no,no,7,,,,,,,,,,,,,,,Sophie
11,30,4,4,4,1,6/4/2019,,1,21,no,no,21,,,,,,,,,,,,,,,Sophie
11,31,4,17,4,5,6/4/2019,,3,69,no,no,22,30,17,,,,,,,,,,,,,Sophie
11,32,4,35,4,3,6/4/2019,,0,0,maybe,no,,,,,,,,,,,,,,,,Sophie
11,33,4,68,5,5,6/4/2019,,3,12,no,yes,3,6,3,,,,,,,,,,,,,Sophie
11,34,4,67,1,2,6/4/2019,,3,145,no,no,60,54,31,,,,,,,,,,,,,Sophie
11,35,4,40,3,2,6/4/2019,,0,0,maybe,no,,,,,,,,,,,,,,,,Sophie
11,36,4,68,5,4,6/4/2019,,0,0,maybe,no,,,,,,,,,,,,,,,,Sophie
11,37,4,4,2,1,6/4/2019,,0,0,maybe,no,,,,,,,,,,,,,,,,Sophie
11,38,4,28,1,2,6/4/2019,,0,0,maybe,no,,,,,,,,,,,,,,,,Sophie
11,39,4,26,1,4,6/4/2019,,0,0,maybe,no,,,,,,,,,,,,,,,,Sophie
11,40,4,6,3,4,6/4/2019,,0,0,maybe,no,,,,,,,,,,,,,,,,Sophie
11,41,4,16,1,1,6/4/2019,,0,0,maybe,no,,,,,,,,,,,,,,,,Sophie
11,42,4,42,1,4,6/4/2019,,1,11,no,no,11,,,,,,,,,,,,,,,Sophie
11,43,4,41,1,4,6/4/2019,,1,44,no,no,44,,,,,,,,,,,,,,,Sophie
11,44,4,21,3,3,6/4/2019,,1,50,no,no,50,,,,,,,,,,,,,,,Sophie
11,45,4,35,3,3,6/4/2019,,1,3,no,yes,3,,,,,,,,,,,,,,,Sophie
11,46,4,31,1,5,6/4/2019,,1,16,no,no,16,,,,,,,,,,,,,,,Sophie
12,1,3,7,1,1,6/3/2019,,1,3,no,yes,3,,,,,,,,,,,,,,,Sophie
12,2,3,1,3,2,6/3/2019,,0,0,maybe,no,,,,,,,,,,,,,,,,Sophie
12,3,3,47,4,3,6/3/2019,,1,3,no,yes,3,,,,,,,,,,,,,,,Sophie
12,4,3,61,1,3,6/3/2019,,2,14,no,yes,2,12,,,,,,,,,,,,,,Sophie
12,5,3,46,1,2,6/3/2019,,2,24,no,no,20,4,,,,,,,,,,,,,,Sophie
12,6,3,79,2,2,6/3/2019,,2,60,no,no,22,38,,,,,,,,,,,,,,Sophie
12,7,3,9,1,4,6/3/2019,,1,25,no,no,25,,,,,,,,,,,,,,,Sophie
12,8,3,32,1,1,6/3/2019,,0,0,maybe,no,,,,,,,,,,,,,,,,Sophie
12,9,3,7,2,4,6/3/2019,,0,0,nothing there,,,,,,,,,,,,,,,,,Sophie
12,10,3,72,5,4,6/3/2019,,1,3,no,no,3,,,,,,,,,,,,,,,Sophie
12,11,3,47,1,4,6/3/2019,,0,0,maybe,no,,,,,,,,,,,,,,,,Sophie
12,12,3,62,2,2,6/3/2019,,1,19,no,no,19,,,,,,,,,,,,,,,Sophie
12,13,3,46,3,2,6/3/2019,,1,1,no,no,1,,,,,,,,,,,,,,,Sophie
12,14,3,41,2,3,6/3/2019,,2,5,no,yes,3,2,,,,,,,,,,,,,,Sophie
12,15,3,67,4,1,6/3/2019,,0,0,maybe,no,,,,,,,,,,,,,,,,Sophie
12,16,3,67,4,2,6/3/2019,,0,0,maybe,no,,,,,,,,,,,,,,,,Sophie
12,17,3,8,1,2,6/3/2019,,2,16,no,no,8,8,,,,,,,,,,,,,,Sophie
12,18,3,36,5,2,6/3/2019,,3,75,no,no,40,9,26,,,,,,,,,,,,,Sophie
12,19,3,57,5,5,6/3/2019,,2,40,no,no,30,10,,,,,,,,,,,,,,Sophie
12,20,3,68,2,3,6/3/2019,,0,0,maybe,yes,,,,,,,,,,,,,,,,Sophie
12,21,3,23,1,1,6/3/2019,,0,0,maybe,no,,,,,,,,,,,,,,,,Sophie
12,22,1,21,4,3,6/6/2019,,1,6,no,no,6,,,,,,,,,,,,,,,Sophie
12,23,1,6,1,1,6/6/2019,,0,0,maybe,no,,,,,,,,,,,,,,,,Sophie
12,24,4,17,3,4,6/4/2019,,0,0,nothing there,,,,,,,,,,,,,,,,,Sophie
12,25,4,57,4,4,6/4/2019,,3,32,no,no,6,15,11,,,,,,,,,,,,,Sophie
12,26,4,29,5,3,6/4/2019,,1,6,no,no,6,,,,,,,,,,,,,,,Sophie
12,27,4,6,1,2,6/4/2019,,3,6,no,no,4,1,1,,,,,,,,,,,,,Sophie
12,28,4,17,2,3,6/4/2019,,0,0,nothing there,,,,,,,,,,,,,,,,,Sophie
12,29,4,41,1,3,6/4/2019,,0,0,nothing there,,,,,,,,,,,,,,,,,Sophie
12,30,4,14,4,3,6/4/2019,,1,24,no,no,24,,,,,,,,,,,,,,,Sophie
12,31,4,51,4,1,6/4/2019,,4,66,no,yes,17,34,4,11,,,,,,,,,,,,Sophie
12,32,4,28,4,4,6/4/2019,,1,33,no,no,33,,,,,,,,,,,,,,,Sophie
12,33,4,35,5,2,6/4/2019,,1,15,no,no,15,,,,,,,,,,,,,,,Sophie
12,34,4,61,1,2,6/4/2019,,2,8,no,no,4,4,,,,,,,,,,,,,,Sophie
12,35,4,72,3,3,6/4/2019,,0,0,nothing there,,,,,,,,,,,,,,,,,Sophie
12,36,4,14,4,1,6/4/2019,,1,33,no,no,33,,,,,,,,,,,,,,,Sophie
12,37,4,40,4,1,6/4/2019,,4,89,no,no,3,10,48,28,,,,,,,,,,,,Sophie
12,38,4,57,2,5,6/4/2019,,0,0,maybe,no,,,,,,,,,,,,,,,,Sophie
12,39,4,68,1,1,6/4/2019,,0,0,maybe,no,,,,,,,,,,,,,,,,Sophie
12,40,4,45,2,2,6/4/2019,,2,45,no,no,34,11,,,,,,,,,,,,,,Sophie
12,41,4,13,1,2,6/4/2019,,0,0,maybe,yes,,,,,,,,,,,,,,,,Sophie
12,42,4,47,5,3,6/4/2019,"HOLE DUG OUT- original ramet exposed, looks dead. filled it in",0,0,maybe,,,,,,,,,,,,,,,,,Sophie
12,43,4,19,1,5,6/4/2019,,2,6,no,yes,4,2,,,,,,,,,,,,,,Sophie
12,44,4,64,5,2,6/4/2019,,1,10,no,yes,10,,,,,,,,,,,,,,,Sophie
12,45,4,21,5,5,6/4/2019,,1,33,no,no,33,,,,,,,,,,,,,,,Sophie
12,46,4,21,5,4,6/4/2019,,2,32,no,no,7,25,,,,,,,,,,,,,,Sophie
13,1,3,72,2,2,6/3/2019,,2,21,no,yes,8,13,,,,,,,,,,,,,,Sophie
13,2,3,39,3,1,6/3/2019,,0,0,maybe,no,,,,,,,,,,,,,,,,Sophie
13,3,3,13,1,3,6/3/2019,,0,0,maybe,no,,,,,,,,,,,,,,,,Sophie
13,4,3,41,1,4,6/3/2019,,0,0,maybe,no,,,,,,,,,,,,,,,,Sophie
13,5,3,77,2,5,6/3/2019,,0,0,nothing there,,,,,,,,,,,,,,,,,Sophie
13,6,3,35,5,5,6/3/2019,,0,0,maybe,no,,,,,,,,,,,,,,,,Sophie
13,7,3,20,2,2,6/3/2019,,0,0,maybe,no,,,,,,,,,,,,,,,,Sophie
13,8,3,42,2,5,6/3/2019,,1,48,no,no,48,,,,,,,,,,,,,,,Sophie
13,9,3,77,4,4,6/3/2019,,1,32,no,no,32,,,,,,,,,,,,,,,Sophie
13,10,3,49,1,1,6/3/2019,,0,0,maybe,no,,,,,,,,,,,,,,,,Sophie
13,11,3,49,2,4,6/3/2019,,0,0,nothing there,,,,,,,,,,,,,,,,,Sophie
13,12,3,13,3,3,6/3/2019,,3,5,no,no,2,1,2,,,,,,,,,,,,,Sophie
13,13,3,17,1,2,6/3/2019,,5,9,no,yes,1,4,2,1,1,,,,,,,,,,,Sophie
13,14,3,61,5,3,6/3/2019,,1,7,no,no,7,,,,,,,,,,,,,,,Sophie
13,15,3,62,1,4,6/3/2019,,0,0,maybe,no,,,,,,,,,,,,,,,,Sophie
13,16,3,61,4,3,6/3/2019,,0,0,maybe,no,,,,,,,,,,,,,,,,Sophie
13,17,3,14,1,2,6/3/2019,,3,54,no,no,7,27,20,,,,,,,,,,,,,Sophie
13,18,3,14,5,5,6/3/2019,,1,41,no,no,41,,,,,,,,,,,,,,,Sophie
13,19,3,72,3,2,6/3/2019,,0,0,maybe,no,,,,,,,,,,,,,,,,Sophie
13,20,3,20,5,5,6/3/2019,,3,14,no,no,3,6,5,,,,,,,,,,,,,Sophie
13,21,3,19,3,1,6/3/2019,,0,0,nothing there,,,,,,,,,,,,,,,,,Sophie
13,22,3,46,3,3,6/3/2019,,4,18,no,yes,14,1,2,1,,,,,,,,,,,,Sophie
13,23,3,56,4,3,6/3/2019,,3,17,no,yes,10,5,2,,,,,,,,,,,,,Sophie
13,24,3,11,2,3,6/3/2019,,2,6,no,yes,3,3,,,,,,,,,,,,,,Sophie
13,25,3,62,2,4,6/3/2019,,2,76,no,no,47,29,,,,,,,,,,,,,,Sophie
13,26,4,49,1,2,6/4/2019,,0,0,nothing there,,,,,,,,,,,,,,,,,Sophie
13,27,4,1,2,3,6/4/2019,,1,5,no,no,5,,,,,,,,,,,,,,,Sophie
13,28,4,11,1,1,6/4/2019,,4,7,no,yes,2,3,1,1,,,,,,,,,,,,Sophie
13,29,4,12,1,2,6/4/2019,,1,24,no,no,24,,,,,,,,,,,,,,,Sophie
13,30,4,7,5,1,6/4/2019,,4,90,no,yes,33,21,17,19,,,,,,,,,,,,Sophie
13,31,4,1,2,5,6/4/2019,,6,56,no,no,28,3,7,5,8,5,,,,,,,,,,Sophie
13,32,4,61,3,4,6/4/2019,,4,49,no,no,7,23,16,3,,,,,,,,,,,,Sophie
13,33,4,57,1,5,6/4/2019,,0,0,nothing there,,,,,,,,,,,,,,,,,Sophie
13,34,4,35,2,4,6/4/2019,,0,0,nothing there,,,,,,,,,,,,,,,,,Sophie
13,35,4,6,5,3,6/4/2019,,6,45,no,yes,29,9,3,2,1,1,,,,,,,,,,Sophie
13,36,4,79,4,3,6/4/2019,,8,90,no,yes,15,30,30,3,3,5,3,1,,,,,,,,Sophie
13,37,4,39,5,4,6/4/2019,,3,64,no,no,16,44,4,,,,,,,,,,,,,Sophie
13,38,4,9,2,5,6/4/2019,,3,70,no,no,50,10,10,,,,,,,,,,,,,Sophie
13,39,4,5,1,3,6/4/2019,,0,0,nothing there,,,,,,,,,,,,,,,,,Sophie
13,40,4,56,2,2,6/4/2019,,1,24,no,no,24,,,,,,,,,,,,,,,Sophie
13,41,4,12,1,3,6/4/2019,,0,0,nothing there,,,,,,,,,,,,,,,,,Sophie
13,42,4,19,5,5,6/4/2019,,1,46,no,no,46,,,,,,,,,,,,,,,Sophie
13,43,4,1,3,1,6/4/2019,,2,43,no,yes,5,38,,,,,,,,,,,,,,Sophie
13,44,4,27,3,2,6/4/2019,,2,14,no,yes,11,3,,,,,,,,,,,,,,Sophie
13,45,4,19,5,1,6/4/2019,,5,119,no,yes,8,8,7,33,63,,,,,,,,,,,Sophie
13,46,4,68,1,2,6/4/2019,,4,51,no,yes,10,12,9,20,,,,,,,,,,,,Sophie
14,1,3,57,2,3,6/3/2019,,2,33,no,yes,25,8,,,,,,,,,,,,,,Sophie
14,2,3,21,4,5,6/3/2019,,3,59,no,no,26,18,15,,,,,,,,,,,,,Sophie
14,3,3,21,1,3,6/3/2019,,4,85,no,yes,28,3,8,46,,,,,,,,,,,,Sophie
14,4,3,11,1,4,6/3/2019,,0,0,nothing there,,,,,,,,,,,,,,,,,Sophie
14,5,3,41,2,1,6/3/2019,,0,0,maybe,no,,,,,,,,,,,,,,,,Sophie
14,6,3,4,1,5,6/3/2019,,1,20,no,yes,20,,,,,,,,,,,,,,,Sophie
14,7,3,21,1,4,6/3/2019,,8,55,no,yes,2,20,2,5,3,21,1,1,,,,,,,,Sophie
14,8,3,7,1,5,6/3/2019,,8,26,no,yes,1,1,1,2,15,3,2,1,,,,,,,,Sophie
14,9,3,19,3,4,6/3/2019,,0,0,maybe,no,,,,,,,,,,,,,,,,Sophie
14,10,3,57,3,1,6/3/2019,,7,47,no,yes,16,11,11,3,2,2,2,,,,,,,,,Sophie
14,11,3,74,2,4,6/3/2019,,2,27,no,yes,12,15,,,,,,,,,,,,,,Sophie
14,12,3,35,3,1,6/3/2019,,1,29,no,yes,29,,,,,,,,,,,,,,,Sophie
14,13,3,29,2,1,6/3/2019,,1,4,no,no,4,,,,,,,,,,,,,,,Sophie
14,14,3,13,2,4,6/3/2019,,4,25,no,yes,9,5,5,6,,,,,,,,,,,,Sophie
14,15,3,77,5,4,6/3/2019,,1,37,no,no,37,,,,,,,,,,,,,,,Sophie
14,16,3,35,2,5,6/3/2019,,0,0,maybe,yes,,,,,,,,,,,,,,,,Sophie
14,17,3,47,3,2,6/3/2019,,3,7,no,no,3,3,1,,,,,,,,,,,,,Sophie
14,18,3,62,4,3,6/3/2019,,7,48,no,yes,7,3,25,4,4,3,2,,,,,,,,,Sophie
14,19,3,30,4,2,6/3/2019,,0,0,maybe,no,,,,,,,,,,,,,,,,Sophie
14,20,3,31,4,3,6/3/2019,,2,5,no,yes,2,3,,,,,,,,,,,,,,Sophie
14,21,3,46,4,2,6/3/2019,,3,19,no,yes,17,1,1,,,,,,,,,,,,,Sophie
14,22,3,49,3,3,6/3/2019,,5,39,no,yes,10,4,7,11,7,,,,,,,,,,,Sophie
14,23,3,49,4,1,6/3/2019,,8,32,no,yes,1,3,2,1,1,3,4,17,,,,,,,,Sophie
14,24,3,31,4,4,6/3/2019,,4,21,no,yes,5,3,5,8,,,,,,,,,,,,Sophie
14,25,3,40,4,2,6/3/2019,,1,14,no,no,14,,,,,,,,,,,,,,,Sophie
14,26,4,13,2,5,6/4/2019,,0,0,maybe,yes,,,,,,,,,,,,,,,,Sophie
14,27,4,6,5,2,6/4/2019,,4,89,no,no,9,33,20,27,,,,,,,,,,,,Sophie
14,28,4,46,5,2,6/4/2019,,2,15,no,no,10,5,,,,,,,,,,,,,,Sophie
14,29,4,19,1,2,6/4/2019,,6,44,no,yes,20,5,16,1,1,1,,,,,,,,,,Sophie
14,30,4,47,2,1,6/4/2019,,0,0,maybe,no,,,,,,,,,,,,,,,,Sophie
14,31,4,2,1,3,6/4/2019,,1,28,no,no,28,,,,,,,,,,,,,,,Sophie
14,32,4,12,2,3,6/4/2019,,3,83,no,no,6,39,38,,,,,,,,,,,,,Sophie
14,33,4,13,3,5,6/4/2019,,0,0,nothing there,,,,,,,,,,,,,,,,,Sophie
14,34,4,5,4,3,6/4/2019,,6,108,no,no,8,4,2,4,65,25,,,,,,,,,,Sophie
14,35,4,79,2,4,6/4/2019,,13,33,no,yes,2,3,3,3,3,3,4,6,1,1,1,1,2,,,Sophie
14,36,4,41,2,2,6/4/2019,,1,9,no,yes,9,,,,,,,,,,,,,,,Sophie
14,37,4,35,4,2,6/4/2019,DUG OUT - BIG HOLE IN MIDDLE. PLANT TAKEN?,0,0,maybe,,,,,,,,,,,,,,,,,Sophie
14,38,4,17,1,5,6/4/2019,,2,60,no,no,49,11,,,,,,,,,,,,,,Sophie
14,39,4,13,2,1,6/4/2019,,6,18,no,yes,1,2,3,1,7,4,,,,,,,,,,Sophie
14,40,4,12,4,2,6/4/2019,,2,45,no,no,35,10,,,,,,,,,,,,,,Sophie
14,41,4,19,2,4,6/4/2019,,4,5,maybe,yes,1,1,2,1,,,,,,,,,,,,Sophie
14,42,4,39,1,5,6/4/2019,,1,33,no,no,33,,,,,,,,,,,,,,,Sophie
14,43,4,41,1,2,6/4/2019,,3,73,no,no,36,11,26,,,,,,,,,,,,,Sophie
14,44,4,20,2,1,6/4/2019,,0,0,maybe,yes,,,,,,,,,,,,,,,,Sophie
14,45,4,5,1,5,6/4/2019,,5,83,no,yes,28,22,21,6,6,,,,,,,,,,,Sophie
14,46,4,35,5,1,6/4/2019,,0,0,maybe,no,,,,,,,,,,,,,,,,Sophie
15,1,3,4,5,4,6/3/2019,,2,47,no,no,22,25,,,,,,,,,,,,,,Sophie
15,2,3,29,3,4,6/3/2019,,0,0,nothing there,,,,,,,,,,,,,,,,,Sophie
15,3,3,41,1,3,6/3/2019,,4,22,no,yes,2,5,10,5,,,,,,,,,,,,Sophie
15,4,3,27,4,2,6/3/2019,,4,8,no,yes,2,1,1,4,,,,,,,,,,,,Sophie
15,5,3,46,4,3,6/3/2019,,5,56,no,yes,14,39,1,1,1,,,,,,,,,,,Sophie
15,6,3,31,2,3,6/3/2019,,4,6,no,yes,2,1,1,2,,,,,,,,,,,,Sophie
15,7,3,17,4,3,6/3/2019,,0,0,maybe,no,,,,,,,,,,,,,,,,Sophie
15,8,3,57,2,4,6/3/2019,,4,81,no,no,3,27,27,24,,,,,,,,,,,,Sophie
15,9,3,18,3,3,6/3/2019,,4,42,no,yes,9,27,4,2,,,,,,,,,,,,Sophie
15,10,3,8,3,2,6/3/2019,,10,10,no,yes,1,1,1,1,1,1,1,1,1,1,,,,,,Sophie
15,11,3,68,2,2,6/3/2019,,2,4,no,yes,2,2,,,,,,,,,,,,,,Sophie
15,12,3,68,4,2,6/3/2019,,2,5,no,no,2,3,,,,,,,,,,,,,,Sophie
15,13,3,27,3,4,6/3/2019,,1,54,no,no,54,,,,,,,,,,,,,,,Sophie
15,14,3,17,3,3,6/3/2019,,1,33,no,no,33,,,,,,,,,,,,,,,Sophie
15,15,3,14,3,3,6/3/2019,,2,20,no,no,18,2,,,,,,,,,,,,,,Sophie
15,16,3,1,5,5,6/3/2019,,0,0,nothing there,,,,,,,,,,,,,,,,,Sophie
15,17,3,57,3,4,6/3/2019,,2,60,no,no,21,39,,,,,,,,,,,,,,Sophie
15,18,3,21,2,1,6/3/2019,,2,18,no,no,4,14,,,,,,,,,,,,,,Sophie
15,19,3,20,3,4,6/3/2019,,0,0,nothing there,,,,,,,,,,,,,,,,,Sophie
15,20,3,27,3,1,6/3/2019,,1,1,no,no,1,,,,,,,,,,,,,,,Sophie
15,21,3,67,2,4,6/3/2019,,1,1,no,no,1,,,,,,,,,,,,,,,Sophie
15,22,3,7,4,1,6/3/2019,,5,6,no,no,1,2,1,1,1,,,,,,,,,,,Sophie
15,23,3,27,5,4,6/3/2019,,1,32,no,no,32,,,,,,,,,,,,,,,Sophie
15,24,3,68,3,1,6/3/2019,,1,44,no,no,44,,,,,,,,,,,,,,,Sophie
15,25,3,74,1,2,6/3/2019,,1,25,no,no,25,,,,,,,,,,,,,,,Sophie
15,26,4,29,3,1,6/4/2019,,1,19,no,no,19,,,,,,,,,,,,,,,Sophie
15,27,4,29,2,4,6/4/2019,,0,0,nothing there,,,,,,,,,,,,,,,,,Sophie
15,28,4,15,3,3,6/4/2019,,1,5,no,yes,5,,,,,,,,,,,,,,,Sophie
15,29,4,14,2,5,6/4/2019,,2,39,no,no,37,2,,,,,,,,,,,,,,Sophie
15,30,4,31,3,5,6/4/2019,,1,6,no,no,6,,,,,,,,,,,,,,,Sophie
15,31,4,69,1,1,6/4/2019,,2,2,maybe,yes,1,1,,,,,,,,,,,,,,Sophie
15,32,4,77,2,3,6/4/2019,,0,0,nothing there,,,,,,,,,,,,,,,,,Sophie
15,33,4,4,5,1,6/4/2019,,3,55,no,no,32,11,12,,,,,,,,,,,,,Sophie
15,34,4,11,3,4,6/4/2019,,0,0,nothing there,,,,,,,,,,,,,,,,,Sophie
15,35,4,57,4,1,6/4/2019,,2,59,no,no,30,29,,,,,,,,,,,,,,Sophie
15,36,4,72,4,2,6/4/2019,,0,0,nothing there,,,,,,,,,,,,,,,,,Sophie
15,37,4,5,1,1,6/4/2019,,3,79,no,no,44,29,6,,,,,,,,,,,,,Sophie
15,38,4,56,4,5,6/4/2019,,0,0,maybe,no,,,,,,,,,,,,,,,,Sophie
15,39,4,40,2,5,6/4/2019,,2,25,no,no,10,15,,,,,,,,,,,,,,Sophie
15,40,4,9,1,1,6/4/2019,,1,33,no,no,33,,,,,,,,,,,,,,,Sophie
15,41,4,40,3,3,6/4/2019,,1,28,no,no,28,,,,,,,,,,,,,,,Sophie
15,42,4,3,3,4,6/4/2019,,1,22,no,no,22,,,,,,,,,,,,,,,Sophie
15,43,4,20,5,2,6/4/2019,,2,75,no,no,19,56,,,,,,,,,,,,,,Sophie
15,44,4,3,2,1,6/4/2019,,0,0,maybe,no,,,,,,,,,,,,,,,,Sophie
15,45,4,41,4,5,6/4/2019,,0,0,maybe,no,,,,,,,,,,,,,,,,Sophie
15,46,4,18,4,5,6/4/2019,,0,0,nothing there,,,,,,,,,,,,,,,,,Sophie
16,1,3,15,4,2,6/3/2019,,0,0,nothing there,,,,,,,,,,,,,,,,,Sophie
16,2,3,57,4,2,6/3/2019,,4,17,no,no,7,3,5,2,,,,,,,,,,,,Sophie
16,3,3,27,1,1,6/3/2019,,0,0,nothing there,,,,,,,,,,,,,,,,,Sophie
16,4,3,77,2,1,6/3/2019,,2,14,no,no,12,2,,,,,,,,,,,,,,Sophie
16,5,3,29,4,4,6/3/2019,,1,2,no,no,2,,,,,,,,,,,,,,,Sophie
16,6,3,21,3,2,6/3/2019,,0,0,no,no,,,,,,,,,,,,,,,,Sophie
16,7,3,31,1,2,6/3/2019,,3,23,no,no,18,2,3,,,,,,,,,,,,,Sophie
16,8,3,36,5,1,6/3/2019,,1,12,no,no,12,,,,,,,,,,,,,,,Sophie
16,9,3,21,4,2,6/3/2019,,1,28,no,no,28,,,,,,,,,,,,,,,Sophie
16,10,3,15,5,3,6/3/2019,,0,0,nothing there,,,,,,,,,,,,,,,,,Sophie
16,11,3,46,4,4,6/3/2019,,1,12,no,no,12,,,,,,,,,,,,,,,Sophie
16,12,3,5,2,1,6/3/2019,,0,0,nothing there,,,,,,,,,,,,,,,,,Sophie
16,13,3,41,1,2,6/3/2019,,5,14,no,yes,1,1,5,2,5,,,,,,,,,,,Sophie
16,14,3,49,2,2,6/3/2019,,0,0,nothing there,,,,,,,,,,,,,,,,,Sophie
16,15,3,67,5,4,6/3/2019,,2,54,no,no,12,42,,,,,,,,,,,,,,Sophie
16,16,3,7,5,4,6/3/2019,,2,66,no,no,21,45,,,,,,,,,,,,,,Sophie
16,17,3,5,4,5,6/3/2019,,1,33,no,no,33,,,,,,,,,,,,,,,Sophie
16,18,3,4,5,5,6/3/2019,,0,0,maybe,no,,,,,,,,,,,,,,,,Sophie
16,19,3,68,5,1,6/3/2019,,0,0,maybe,no,,,,,,,,,,,,,,,,Sophie
16,20,3,4,2,3,6/3/2019,,1,11,no,no,11,,,,,,,,,,,,,,,Sophie
16,21,3,61,4,2,6/3/2019,,1,3,no,no,3,,,,,,,,,,,,,,,Sophie
16,22,3,39,4,4,6/3/2019,,0,0,maybe,no,,,,,,,,,,,,,,,,Sophie
16,23,3,1,5,3,6/3/2019,,4,96,no,yes,24,39,11,22,,,,,,,,,,,,Sophie
16,24,3,2,3,2,6/3/2019,,4,31,no,yes,10,11,5,5,,,,,,,,,,,,Sophie
16,25,3,19,1,3,6/3/2019,,0,0,maybe,no,,,,,,,,,,,,,,,,Sophie
16,26,4,none,,,6/4/2019,,0,0,none,,,,,,,,,,,,,,,,,Sophie
16,27,4,27,1,2,6/4/2019,,0,0,maybe,no,,,,,,,,,,,,,,,,Sophie
16,28,4,2,4,2,6/4/2019,,0,0,maybe,no,,,,,,,,,,,,,,,,Sophie
16,29,4,30,2,5,6/4/2019,,3,28,no,no,3,6,19,,,,,,,,,,,,,Sophie
16,30,4,19,1,4,6/4/2019,,0,0,maybe,no,,,,,,,,,,,,,,,,Sophie
16,31,4,39,1,4,6/4/2019,,2,18,no,yes,12,6,,,,,,,,,,,,,,Sophie
16,32,4,79,5,5,6/4/2019,,4,20,no,yes,15,1,1,3,,,,,,,,,,,,Sophie
16,33,4,18,2,5,6/4/2019,,4,110,no,no,11,50,46,3,,,,,,,,,,,,Sophie
16,34,4,31,2,4,6/4/2019,,2,10,no,yes,7,3,,,,,,,,,,,,,,Sophie
16,35,4,67,1,1,6/4/2019,,1,5,no,no,5,,,,,,,,,,,,,,,Sophie
16,36,4,45,1,5,6/4/2019,,0,0,nothing there,,,,,,,,,,,,,,,,,Sophie
16,37,4,3,3,1,6/4/2019,,2,10,no,no,5,5,,,,,,,,,,,,,,Sophie
16,38,4,79,2,3,6/4/2019,,0,0,maybe,no,,,,,,,,,,,,,,,,Sophie
16,39,4,68,3,2,6/4/2019,,1,86,no,no,86,,,,,,,,,,,,,,,Sophie
16,40,4,39,1,2,6/4/2019,,2,10,no,no,5,5,,,,,,,,,,,,,,Sophie
16,41,4,2,4,1,6/4/2019,,3,58,no,no,12,10,36,,,,,,,,,,,,,Sophie
16,42,4,20,5,3,6/4/2019,,2,44,no,no,14,30,,,,,,,,,,,,,,Sophie
16,43,4,3,2,3,6/4/2019,,2,28,no,no,17,11,,,,,,,,,,,,,,Sophie
16,44,4,18,3,5,6/4/2019,,4,55,no,no,36,3,3,13,,,,,,,,,,,,Sophie
16,45,4,42,1,5,6/4/2019,,0,0,maybe,no,,,,,,,,,,,,,,,,Sophie
16,46,4,12,3,5,6/4/2019,,2,35,no,no,16,19,,,,,,,,,,,,,,Sophie
17,1,3,6,4,3,6/3/2019,,0,0,maybe,no,,,,,,,,,,,,,,,,Sophie
17,2,3,8,2,1,6/3/2019,,0,0,nothing there,,,,,,,,,,,,,,,,,Sophie
17,3,3,62,5,1,6/3/2019,,2,17,no,yes,5,12,,,,,,,,,,,,,,Sophie
17,4,3,12,5,5,6/3/2019,,2,7,no,yes,3,4,,,,,,,,,,,,,,Sophie
17,5,3,8,1,3,6/3/2019,,0,0,nothing there,,,,,,,,,,,,,,,,,Sophie
17,6,3,79,5,4,6/3/2019,,1,14,no,no,14,,,,,,,,,,,,,,,Sophie
17,7,3,3,4,5,6/3/2019,,3,25,no,no,2,13,10,,,,,,,,,,,,,Sophie
17,8,3,46,3,4,6/3/2019,,4,8,no,yes,2,1,1,4,,,,,,,,,,,,Sophie
17,9,3,79,1,5,6/3/2019,,1,2,no,yes,2,,,,,,,,,,,,,,,Sophie
17,10,3,39,4,5,6/3/2019,,3,88,no,yes,18,60,10,,,,,,,,,,,,,Sophie
17,11,3,69,2,3,6/3/2019,,2,60,no,no,43,17,,,,,,,,,,,,,,Sophie
17,12,3,67,4,4,6/3/2019,,0,0,maybe,no,,,,,,,,,,,,,,,,Sophie
17,13,3,11,2,1,6/3/2019,,6,68,no,yes,4,8,13,10,10,23,,,,,,,,,,Sophie
17,14,3,13,5,1,6/3/2019,,3,30,no,no,8,20,2,,,,,,,,,,,,,Sophie
17,15,3,54,1,5,6/3/2019,,1,33,no,no,33,,,,,,,,,,,,,,,Sophie
17,16,3,40,2,1,6/3/2019,,1,63,no,no,63,,,,,,,,,,,,,,,Sophie
17,17,3,12,2,5,6/3/2019,,1,20,no,no,20,,,,,,,,,,,,,,,Sophie
17,18,3,15,4,5,6/3/2019,,2,35,no,no,24,11,,,,,,,,,,,,,,Sophie
17,19,3,77,5,2,6/3/2019,,2,95,no,no,71,24,,,,,,,,,,,,,,Sophie
17,20,3,40,1,1,6/3/2019,,1,30,no,no,30,,,,,,,,,,,,,,,Sophie
17,21,3,69,1,5,6/3/2019,,0,0,nothing there,,,,,,,,,,,,,,,,,Sophie
17,22,3,67,3,1,6/3/2019,,1,9,no,no,9,,,,,,,,,,,,,,,Sophie
17,23,3,36,4,5,6/3/2019,,0,0,maybe,no,,,,,,,,,,,,,,,,Sophie
17,24,3,16,1,3,6/3/2019,,1,43,no,no,43,,,,,,,,,,,,,,,Sophie
17,25,3,13,1,1,6/3/2019,,5,58,no,yes,27,8,1,1,21,,,,,,,,,,,Sophie
17,26,4,18,1,5,6/4/2019,,7,90,no,yes,31,11,4,4,34,3,3,,,,,,,,,Sophie
17,27,4,61,3,2,6/4/2019,,3,73,no,no,20,45,8,,,,,,,,,,,,,Sophie
17,28,4,12,4,3,6/4/2019,,3,44,no,no,38,5,1,,,,,,,,,,,,,Sophie
17,29,4,5,5,1,6/4/2019,,0,0,maybe,no,,,,,,,,,,,,,,,,Sophie
17,30,4,49,2,5,6/4/2019,,1,22,no,no,22,,,,,,,,,,,,,,,Sophie
17,31,4,74,1,1,6/4/2019,,0,0,maybe,no,,,,,,,,,,,,,,,,Sophie
17,32,4,36,4,3,6/4/2019,,0,0,nothing there,,,,,,,,,,,,,,,,,Sophie
17,33,4,67,3,4,6/4/2019,,1,5,no,no,5,,,,,,,,,,,,,,,Sophie
17,34,4,15,1,3,6/4/2019,,0,0,nothing there,,,,,,,,,,,,,,,,,Sophie
17,35,4,5,3,4,6/4/2019,,0,0,nothing there,,,,,,,,,,,,,,,,,Sophie
17,36,4,16,3,2,6/4/2019,,2,82,no,no,49,33,,,,,,,,,,,,,,Sophie
17,37,4,7,2,5,6/4/2019,,6,44,no,no,3,3,3,6,7,22,,,,,,,,,,Sophie
17,38,4,26,1,5,6/4/2019,,1,3,no,no,3,,,,,,,,,,,,,,,Sophie
17,39,4,57,3,3,6/4/2019,,6,73,no,no,28,21,16,5,2,1,,,,,,,,,,Sophie
17,40,4,68,2,4,6/4/2019,,0,0,nothing there,,,,,,,,,,,,,,,,,Sophie
17,41,4,19,2,3,6/4/2019,,1,24,no,no,24,,,,,,,,,,,,,,,Sophie
17,42,4,61,5,4,6/4/2019,,0,0,maybe,no,,,,,,,,,,,,,,,,Sophie
17,43,4,30,3,2,6/4/2019,,2,55,no,no,25,30,,,,,,,,,,,,,,Sophie
17,44,4,5,4,2,6/4/2019,,2,40,no,no,26,14,,,,,,,,,,,,,,Sophie
17,45,4,27,5,5,6/4/2019,,3,42,no,no,16,17,9,,,,,,,,,,,,,Sophie
17,46,4,1,4,4,6/4/2019,,3,48,no,no,12,34,2,,,,,,,,,,,,,Sophie
18,1,3,5,1,2,6/3/2019,,2,3,no,no,1,2,,,,,,,,,,,,,,Sophie
18,2,3,39,2,3,6/3/2019,,0,0,maybe,no,,,,,,,,,,,,,,,,Sophie
18,3,3,61,1,4,6/3/2019,,2,5,no,no,3,2,,,,,,,,,,,,,,Sophie
18,4,3,64,5,4,6/3/2019,,4,19,no,no,6,6,3,4,,,,,,,,,,,,Sophie
18,5,3,46,4,5,6/3/2019,,2,24,no,no,5,19,,,,,,,,,,,,,,Sophie
18,6,3,2,3,3,6/3/2019,,11,28,no,no,2,5,3,1,1,3,2,5,1,2,3,,,,,Sophie
18,7,3,17,2,2,6/3/2019,,0,0,nothing there,,,,,,,,,,,,,,,,,Sophie
18,8,3,68,1,3,6/3/2019,,2,17,no,no,12,5,,,,,,,,,,,,,,Sophie
18,9,3,4,4,3,6/3/2019,,0,0,maybe,no,,,,,,,,,,,,,,,,Sophie
18,10,3,3,5,2,6/3/2019,,0,0,maybe,no,,,,,,,,,,,,,,,,Sophie
18,11,3,18,3,2,6/3/2019,,0,0,maybe,no,,,,,,,,,,,,,,,,Sophie
18,12,3,56,3,2,6/3/2019,,7,35,no,yes,1,1,1,2,3,26,1,,,,,,,,,Sophie
18,13,3,42,1,3,6/3/2019,,2,16,no,no,5,11,,,,,,,,,,,,,,Sophie
18,14,3,62,5,4,6/3/2019,,4,8,no,yes,3,1,1,3,,,,,,,,,,,,Sophie
18,15,3,14,3,4,6/3/2019,,5,54,no,yes,1,1,1,41,10,,,,,,,,,,,Sophie
18,16,3,28,4,2,6/3/2019,,8,39,no,yes,4,1,1,2,16,8,4,3,,,,,,,,Sophie
18,17,3,11,1,5,6/3/2019,,4,66,no,yes,3,20,25,18,,,,,,,,,,,,Sophie
18,18,3,49,3,2,6/3/2019,,9,50,no,yes,1,2,4,14,10,8,3,4,4,,,,,,,Sophie
18,19,3,7,4,5,6/3/2019,,5,21,no,yes,3,4,3,2,9,,,,,,,,,,,Sophie
18,20,3,15,1,1,6/3/2019,,3,39,no,no,21,3,15,,,,,,,,,,,,,Sophie
18,21,3,69,1,3,6/3/2019,,1,2,no,yes,2,,,,,,,,,,,,,,,Sophie
18,22,3,74,5,3,6/3/2019,,6,96,no,yes,8,9,27,4,10,38,,,,,,,,,,Sophie
18,23,3,47,3,4,6/3/2019,,5,32,no,yes,1,2,2,15,12,,,,,,,,,,,Sophie
18,24,3,62,3,2,6/3/2019,,5,15,no,yes,2,4,2,4,3,,,,,,,,,,,Sophie
18,25,3,39,1,3,6/3/2019,,12,114,no,yes,1,2,3,2,5,7,31,5,27,3,24,4,,,,Sophie
18,26,4,36,5,5,6/4/2019,,0,0,nothing there,,,,,,,,,,,,,,,,,Sophie
18,27,4,6,3,2,6/4/2019,,0,0,nothing there,,,,,,,,,,,,,,,,,Sophie
18,28,4,39,1,1,6/4/2019,,1,30,no,no,30,,,,,,,,,,,,,,,Sophie
18,29,4,20,1,1,6/4/2019,,1,14,no,no,14,,,,,,,,,,,,,,,Sophie
18,30,4,21,1,5,6/4/2019,,2,19,no,no,8,11,,,,,,,,,,,,,,Sophie
18,31,4,64,1,5,6/4/2019,,0,0,nothing there,,,,,,,,,,,,,,,,,Sophie
18,32,4,5,3,3,6/4/2019,,0,0,maybe,no,,,,,,,,,,,,,,,,Sophie
18,33,4,18,5,4,6/4/2019,,2,25,no,yes,22,3,,,,,,,,,,,,,,Sophie
18,34,4,21,1,1,6/4/2019,,3,8,no,no,1,2,5,,,,,,,,,,,,,Sophie
18,35,4,6,5,5,6/4/2019,,0,0,maybe,no,,,,,,,,,,,,,,,,Sophie
18,36,4,35,2,3,6/4/2019,,0,0,maybe,no,,,,,,,,,,,,,,,,Sophie
18,37,4,69,2,5,6/4/2019,,7,111,no,yes,14,30,26,7,2,3,29,,,,,,,,,Sophie
18,38,4,31,4,1,6/4/2019,,9,144,no,yes,8,14,45,14,34,17,5,4,3,,,,,,,Sophie
18,39,4,30,3,5,6/4/2019,,1,15,no,no,15,,,,,,,,,,,,,,,Sophie
18,40,4,46,2,1,6/4/2019,,1,35,no,no,35,,,,,,,,,,,,,,,Sophie
18,41,4,3,5,5,6/4/2019,,1,17,no,no,17,,,,,,,,,,,,,,,Sophie
18,42,4,18,2,3,6/4/2019,,3,68,no,no,29,33,6,,,,,,,,,,,,,Sophie
18,43,4,40,5,4,6/4/2019,,3,50,no,no,6,21,23,,,,,,,,,,,,,Sophie
18,44,4,20,3,1,6/4/2019,,2,18,no,no,14,4,,,,,,,,,,,,,,Sophie
18,45,4,3,1,1,6/4/2019,,3,21,no,yes,11,7,3,,,,,,,,,,,,,Sophie
18,46,4,2,2,4,6/4/2019,,8,28,no,no,5,3,1,3,1,2,3,10,,,,,,,,Sophie
19,1,3,2,2,1,6/3/2019,,3,67,no,no,21,22,24,,,,,,,,,,,,,Sophie
19,2,3,31,3,1,6/3/2019,,0,0,maybe,no,,,,,,,,,,,,,,,,Sophie
19,3,3,40,4,3,6/3/2019,,0,0,no,no,,,,,,,,,,,,,,,,Sophie
19,4,3,4,2,5,6/3/2019,,0,0,maybe,no,,,,,,,,,,,,,,,,Sophie
19,5,3,72,2,5,6/3/2019,,1,10,no,no,10,,,,,,,,,,,,,,,Sophie
19,6,3,64,5,5,6/3/2019,,1,6,no,no,6,,,,,,,,,,,,,,,Sophie
19,7,3,69,2,2,6/3/2019,,0,0,nothing there,,,,,,,,,,,,,,,,,Sophie
19,8,3,26,1,3,6/3/2019,,2,29,no,no,20,9,,,,,,,,,,,,,,Sophie
19,9,3,61,5,2,6/3/2019,,5,44,no,no,1,4,2,25,12,,,,,,,,,,,Sophie
19,10,3,45,1,3,6/3/2019,,0,0,maybe,no,,,,,,,,,,,,,,,,Sophie
19,11,3,72,4,1,6/3/2019,,1,6,no,yes,6,,,,,,,,,,,,,,,Sophie
19,12,3,18,3,4,6/3/2019,,1,12,no,no,12,,,,,,,,,,,,,,,Sophie
19,13,3,19,2,1,6/3/2019,,2,15,no,yes,9,6,,,,,,,,,,,,,,Sophie
19,14,3,64,3,1,6/3/2019,,0,0,maybe,no,,,,,,,,,,,,,,,,Sophie
19,15,3,47,1,2,6/3/2019,,2,38,no,no,12,26,,,,,,,,,,,,,,Sophie
19,16,3,2,5,1,6/3/2019,,0,0,nothing there,,,,,,,,,,,,,,,,,Sophie
19,17,3,6,3,3,6/3/2019,,1,13,no,no,13,,,,,,,,,,,,,,,Sophie
19,18,3,12,1,1,6/3/2019,,5,54,no,no,40,2,1,2,9,,,,,,,,,,,Sophie
19,19,3,46,2,4,6/3/2019,,2,65,no,yes,5,60,,,,,,,,,,,,,,Sophie
19,20,3,28,4,3,6/3/2019,,1,25,no,no,25,,,,,,,,,,,,,,,Sophie
19,21,3,74,1,4,6/3/2019,,0,0,maybe,no,,,,,,,,,,,,,,,,Sophie
19,22,3,46,3,1,6/3/2019,,2,28,no,yes,13,15,,,,,,,,,,,,,,Sophie
19,23,3,6,1,4,6/3/2019,,11,31,no,yes,3,4,5,4,2,6,2,1,1,1,2,,,,,Sophie
19,24,3,61,3,5,6/3/2019,,0,0,maybe,no,,,,,,,,,,,,,,,,Sophie
19,25,3,15,2,2,6/3/2019,,1,16,no,no,16,,,,,,,,,,,,,,,Sophie
19,26,4,8,1,5,6/3/2019,,2,32,no,no,27,5,,,,,,,,,,,,,,Sophie
19,27,4,1,5,1,6/3/2019,,1,23,no,no,23,,,,,,,,,,,,,,,Sophie
19,28,4,13,2,2,6/3/2019,,0,0,maybe,no,,,,,,,,,,,,,,,,Sophie
19,29,4,61,3,1,6/3/2019,,4,87,no,no,6,28,30,23,,,,,,,,,,,,Sophie
19,30,4,7,2,1,6/3/2019,,1,47,no,no,47,,,,,,,,,,,,,,,Sophie
19,31,4,1,4,2,6/3/2019,,1,10,no,no,10,,,,,,,,,,,,,,,Sophie
19,32,4,62,5,3,6/3/2019,,0,0,maybe,no,,,,,,,,,,,,,,,,Sophie
19,33,4,57,4,3,6/3/2019,,2,32,no,no,30,2,,,,,,,,,,,,,,Sophie
19,34,4,29,5,5,6/3/2019,,1,10,no,no,10,,,,,,,,,,,,,,,Sophie
19,35,4,28,1,1,6/3/2019,,1,4,no,no,4,,,,,,,,,,,,,,,Sophie
19,36,4,11,4,1,6/3/2019,,0,0,maybe,no,,,,,,,,,,,,,,,,Sophie
19,37,4,27,5,1,6/3/2019,,1,20,no,no,20,,,,,,,,,,,,,,,Sophie
19,38,4,79,3,2,6/3/2019,,0,0,maybe,no,,,,,,,,,,,,,,,,Sophie
19,39,4,21,2,4,6/3/2019,,1,22,no,no,22,,,,,,,,,,,,,,,Sophie
19,40,4,15,1,2,6/3/2019,,2,49,no,no,11,38,,,,,,,,,,,,,,Sophie
19,41,4,19,2,5,6/3/2019,,2,11,no,no,6,5,,,,,,,,,,,,,,Sophie
19,42,4,9,2,3,6/3/2019,,1,37,no,no,37,,,,,,,,,,,,,,,Sophie
19,43,4,49,2,1,6/3/2019,,3,91,no,no,58,30,3,,,,,,,,,,,,,Sophie
19,44,4,20,3,3,6/3/2019,,3,68,no,no,11,21,36,,,,,,,,,,,,,Sophie
19,45,4,15,3,2,6/3/2019,,7,68,no,yes,14,14,1,3,4,25,7,,,,,,,,,Sophie
19,46,4,46,3,5,6/3/2019,,2,21,no,yes,5,16,,,,,,,,,,,,,,Sophie
20,1,3,2,3,4,6/3/2019,,7,65,no,yes,2,3,19,19,20,1,1,,,,,,,,,Sophie
20,2,3,56,3,1,6/3/2019,,9,16,no,yes,1,3,2,1,1,4,1,2,1,,,,,,,Sophie
20,3,3,3,3,2,6/3/2019,,0,0,maybe,,,,,,,,,,,,,,,,,Sophie
20,4,3,46,5,4,6/3/2019,,1,7,no,yes,7,,,,,,,,,,,,,,,Sophie
20,5,3,29,1,1,6/3/2019,,1,5,no,no,5,,,,,,,,,,,,,,,Sophie
20,6,3,19,5,3,6/3/2019,,0,0,maybe,no,,,,,,,,,,,,,,,,Sophie
20,7,3,49,1,3,6/3/2019,,0,0,nothing there,,,,,,,,,,,,,,,,,Sophie
20,8,3,27,2,2,6/3/2019,,0,0,nothing there,,,,,,,,,,,,,,,,,Sophie
20,9,3,36,5,4,6/3/2019,,1,5,no,no,5,,,,,,,,,,,,,,,Sophie
20,10,3,21,5,2,6/3/2019,,5,112,no,yes,36,7,24,43,2,,,,,,,,,,,Sophie
20,11,3,1,5,4,6/3/2019,,2,42,no,no,33,9,,,,,,,,,,,,,,Sophie
20,12,3,67,5,2,6/3/2019,,0,0,maybe,no,,,,,,,,,,,,,,,,Sophie
20,13,3,3,4,4,6/3/2019,,11,60,no,yes,1,1,1,2,1,1,5,25,1,12,10,,,,,Sophie
20,14,3,30,4,1,6/3/2019,,5,104,no,no,4,27,6,14,53,,,,,,,,,,,Sophie
20,15,3,1,3,3,6/3/2019,,0,0,maybe,no,,,,,,,,,,,,,,,,Sophie
20,16,3,72,1,4,6/3/2019,,4,13,no,yes,7,2,1,3,,,,,,,,,,,,Sophie
20,17,3,6,1,5,6/3/2019,,3,57,no,no,18,24,15,,,,,,,,,,,,,Sophie
20,18,3,67,3,3,6/3/2019,,0,0,maybe,no,,,,,,,,,,,,,,,,Sophie
20,19,3,5,3,1,6/3/2019,,1,53,no,no,53,,,,,,,,,,,,,,,Sophie
20,20,3,11,2,2,6/3/2019,,7,28,no,yes,1,1,5,4,4,8,5,,,,,,,,,Sophie
20,21,3,18,1,3,6/3/2019,,0,0,maybe,no,,,,,,,,,,,,,,,,Sophie
20,22,3,57,2,2,6/3/2019,,1,15,no,no,15,,,,,,,,,,,,,,,Sophie
20,23,3,18,4,4,6/3/2019,,5,21,no,yes,2,12,1,3,3,,,,,,,,,,,Sophie
20,24,3,8,3,4,6/3/2019,,2,25,no,no,20,5,,,,,,,,,,,,,,Sophie
20,25,3,51,4,4,6/3/2019,,5,70,no,yes,45,2,1,4,18,,,,,,,,,,,Sophie
20,26,4,31,4,5,6/3/2019,,3,21,no,no,9,10,2,,,,,,,,,,,,,Sophie
20,27,4,19,3,3,6/3/2019,,5,93,no,no,3,11,30,23,26,,,,,,,,,,,Sophie
20,28,4,5,2,5,6/3/2019,,2,18,no,no,3,15,,,,,,,,,,,,,,Sophie
20,29,4,36,2,3,6/3/2019,,4,33,no,no,7,22,2,2,,,,,,,,,,,,Sophie
20,30,4,18,4,2,6/3/2019,,4,49,no,no,15,3,2,29,,,,,,,,,,,,Sophie
20,31,4,30,2,3,6/3/2019,,4,79,no,no,37,19,5,18,,,,,,,,,,,,Sophie
20,32,4,79,1,2,6/3/2019,,2,56,no,no,30,26,,,,,,,,,,,,,,Sophie
20,33,4,36,1,3,6/3/2019,,3,37,no,no,29,2,6,,,,,,,,,,,,,Sophie
20,34,4,2,5,2,6/3/2019,,2,24,no,no,21,3,,,,,,,,,,,,,,Sophie
20,35,4,28,4,1,6/3/2019,,4,114,no,no,22,15,43,34,,,,,,,,,,,,Sophie
20,36,4,77,1,3,6/3/2019,,4,9,no,no,4,3,1,1,,,,,,,,,,,,Sophie
20,37,4,40,2,3,6/3/2019,,4,109,no,no,6,54,24,25,,,,,,,,,,,,Sophie
20,38,4,15,4,3,6/3/2019,,3,46,no,no,7,13,26,,,,,,,,,,,,,Sophie
20,39,4,47,1,3,6/3/2019,,0,0,maybe,no,,,,,,,,,,,,,,,,Sophie
20,40,4,3,5,3,6/3/2019,,3,56,no,no,14,3,39,,,,,,,,,,,,,Sophie
20,41,4,30,5,1,6/3/2019,,10,179,no,yes,2,31,15,25,35,32,8,5,3,23,,,,,,Sophie
20,42,4,27,4,4,6/3/2019,,5,76,no,yes,5,27,5,35,4,,,,,,,,,,,Sophie
20,43,4,18,5,5,6/3/2019,,0,0,nothing there,,,,,,,,,,,,,,,,,Sophie
20,44,4,2,3,5,6/3/2019,,7,115,no,no,44,2,35,7,7,16,4,,,,,,,,,Sophie
20,45,4,36,3,2,6/3/2019,,0,0,nothing there,,,,,,,,,,,,,,,,,Sophie
20,46,4,35,3,4,6/3/2019,,2,15,no,no,5,10,,,,,,,,,,,,,,Sophie
21,1,3,30,2,2,6/3/2019,,7,60,no,yes,15,2,1,1,1,3,37,,,,,,,,,Sophie
21,2,3,8,3,1,6/3/2019,,1,18,no,no,18,,,,,,,,,,,,,,,Sophie
21,3,3,31,1,4,6/3/2019,,1,18,no,no,18,,,,,,,,,,,,,,,Sophie
21,4,3,2,1,4,6/3/2019,,0,0,maybe,no,,,,,,,,,,,,,,,,Sophie
21,5,3,16,3,1,6/3/2019,,0,0,nothing there,,,,,,,,,,,,,,,,,Sophie
21,6,3,29,5,1,6/3/2019,,0,0,maybe,yes,,,,,,,,,,,,,,,,Sophie
21,7,3,8,2,4,6/3/2019,,0,0,maybe,yes,,,,,,,,,,,,,,,,Sophie
21,8,3,16,1,5,6/3/2019,,0,0,maybe,yes,,,,,,,,,,,,,,,,Sophie
21,9,3,67,2,3,6/3/2019,,0,0,maybe,yes,,,,,,,,,,,,,,,,Sophie
21,10,3,46,1,4,6/3/2019,,2,34,no,no,10,24,,,,,,,,,,,,,,Sophie
21,11,3,72,5,2,6/3/2019,,2,3,no,no,1,2,,,,,,,,,,,,,,Sophie
21,12,3,3,1,2,6/3/2019,,0,0,nothing there,,,,,,,,,,,,,,,,,Sophie
21,13,3,2,4,4,6/3/2019,,0,0,nothing there,,,,,,,,,,,,,,,,,Sophie
21,14,3,47,3,1,6/3/2019,,2,41,no,yes,10,31,,,,,,,,,,,,,,Sophie
21,15,3,51,4,5,6/3/2019,,2,8,no,no,5,3,,,,,,,,,,,,,,Sophie
21,16,3,14,2,4,6/3/2019,,0,0,nothing there,,,,,,,,,,,,,,,,,Sophie
21,17,3,42,2,3,6/3/2019,,0,0,maybe,no,,,,,,,,,,,,,,,,Sophie
21,18,3,13,5,3,6/3/2019,,0,0,maybe,no,,,,,,,,,,,,,,,,Sophie
21,19,3,47,5,5,6/3/2019,,1,20,no,no,20,,,,,,,,,,,,,,,Sophie
21,20,3,77,4,1,6/3/2019,,5,8,no,yes,2,1,1,1,3,,,,,,,,,,,Sophie
21,21,3,30,3,4,6/3/2019,,3,9,no,no,4,3,2,,,,,,,,,,,,,Sophie
21,22,3,6,5,1,6/3/2019,,2,14,no,no,1,13,,,,,,,,,,,,,,Sophie
21,23,3,18,4,1,6/3/2019,,1,14,no,no,14,,,,,,,,,,,,,,,Sophie
21,24,3,35,5,4,6/3/2019,,2,12,no,no,5,7,,,,,,,,,,,,,,Sophie
21,25,3,35,3,1,6/3/2019,,0,0,nothing there,no,,,,,,,,,,,,,,,,Sophie
21,26,4,30,5,5,6/3/2019,,0,0,maybe,no,,,,,,,,,,,,,,,,Sophie
21,27,4,18,2,2,6/3/2019,,6,65,no,yes,2,3,3,5,48,4,,,,,,,,,,Sophie
21,28,4,8,2,3,6/3/2019,,5,27,no,yes,8,4,1,1,13,,,,,,,,,,,Sophie
21,29,4,68,2,1,6/3/2019,,2,56,no,no,41,15,,,,,,,,,,,,,,Sophie
21,30,4,6,4,1,6/3/2019,,1,27,no,no,27,,,,,,,,,,,,,,,Sophie
21,31,4,4,5,3,6/3/2019,,0,0,nothing there,,,,,,,,,,,,,,,,,Sophie
21,32,4,39,4,3,6/3/2019,,2,32,no,yes,19,13,,,,,,,,,,,,,,Sophie
21,33,4,35,4,2,6/3/2019,,1,2,no,yes,2,,,,,,,,,,,,,,,Sophie
21,34,4,7,1,4,6/3/2019,,1,53,no,no,53,,,,,,,,,,,,,,,Sophie
21,35,4,19,5,4,6/3/2019,,2,31,no,yes,28,3,,,,,,,,,,,,,,Sophie
21,36,4,27,3,5,6/3/2019,,2,19,no,no,13,6,,,,,,,,,,,,,,Sophie
21,37,4,23,1,3,6/3/2019,,0,0,maybe,no,,,,,,,,,,,,,,,,Sophie
21,38,4,3,3,3,6/3/2019,,1,3,no,no,3,,,,,,,,,,,,,,,Sophie
21,39,4,40,4,4,6/3/2019,,3,52,no,no,20,10,22,,,,,,,,,,,,,Sophie
21,40,4,27,1,3,6/3/2019,,0,0,nothing there,,,,,,,,,,,,,,,,,Sophie
21,41,4,12,3,3,6/3/2019,,2,63,no,no,47,16,,,,,,,,,,,,,,Sophie
21,42,4,31,2,5,6/3/2019,,15,75,no,yes,18,12,14,16,1,1,1,1,1,1,1,1,3,2,2,Sophie
21,43,4,3,4,2,6/3/2019,,9,104,no,yes,3,18,19,7,10,4,21,17,5,,,,,,,Sophie
21,44,4,56,2,5,6/3/2019,,4,52,no,no,10,5,1,36,,,,,,,,,,,,Sophie
21,45,4,11,3,3,6/3/2019,,8,147,no,yes,27,17,7,10,6,20,40,20,,,,,,,,Sophie
21,46,4,47,2,5,6/3/2019,,2,3,no,yes,2,1,,,,,,,,,,,,,,Sophie
