Row,Column,Block,Population,Family,Replicate,Date_Measured,Comment,Dead_DC1,Dead_DC2,Dead_DC3,Alive_ram,Dead_ram,Monarch_dam,Deer_dam,Height_ram1_cm,Herbiv_ram1,Height_ram2,Herbiv_ram2,Height_ram3,Herbiv_ram3,Height_ram4,Herbiv_ram4,Height_ram5,Herbiv_ram5,Height_Ram6,herbiv_Ram6,Height_Ram7,herbiv_Ram7,Height_Ram8,herbiv_Ram8,Height_Ram9,Height_Ram10,Height_Ram11,Height_Ram12,Height_Ram13,Height_Ram14,Height_Ram15,Measurer,Exposed_rhizomes_first_measurement,Exp_rhiz_binary
1,1,NO PLANT,NO PLANT,NO PLANT,NO PLANT,NO PLANT,NO PLANT,NO PLANT,NO PLANT,NO PLANT,NO PLANT,NO PLANT,NO PLANT,NO PLANT,NO PLANT,NO PLANT,NO PLANT,NO PLANT,NO PLANT,NO PLANT,NO PLANT,NO PLANT,NO PLANT,NO PLANT,NO PLANT,NO PLANT,NO PLANT,NO PLANT,NO PLANT,NO PLANT,NO PLANT,NO PLANT,NO PLANT,NO PLANT,NO PLANT,NO PLANT,NO PLANT,NO PLANT,NO PLANT,NA
1,2,NO PLANT,NO PLANT,NO PLANT,NO PLANT,NO PLANT,NO PLANT,NO PLANT,NO PLANT,NO PLANT,NO PLANT,NO PLANT,NO PLANT,NO PLANT,NO PLANT,NO PLANT,NO PLANT,NO PLANT,NO PLANT,NO PLANT,NO PLANT,NO PLANT,NO PLANT,NO PLANT,NO PLANT,NO PLANT,NO PLANT,NO PLANT,NO PLANT,NO PLANT,NO PLANT,NO PLANT,NO PLANT,NO PLANT,NO PLANT,NO PLANT,NO PLANT,NO PLANT,NO PLANT,NA
1,3,NO PLANT,NO PLANT,NO PLANT,NO PLANT,NO PLANT,NO PLANT,NO PLANT,NO PLANT,NO PLANT,NO PLANT,NO PLANT,NO PLANT,NO PLANT,NO PLANT,NO PLANT,NO PLANT,NO PLANT,NO PLANT,NO PLANT,NO PLANT,NO PLANT,NO PLANT,NO PLANT,NO PLANT,NO PLANT,NO PLANT,NO PLANT,NO PLANT,NO PLANT,NO PLANT,NO PLANT,NO PLANT,NO PLANT,NO PLANT,NO PLANT,NO PLANT,NO PLANT,NO PLANT,NA
1,4,NO PLANT,NO PLANT,NO PLANT,NO PLANT,NO PLANT,NO PLANT,NO PLANT,NO PLANT,NO PLANT,NO PLANT,NO PLANT,NO PLANT,NO PLANT,NO PLANT,NO PLANT,NO PLANT,NO PLANT,NO PLANT,NO PLANT,NO PLANT,NO PLANT,NO PLANT,NO PLANT,NO PLANT,NO PLANT,NO PLANT,NO PLANT,NO PLANT,NO PLANT,NO PLANT,NO PLANT,NO PLANT,NO PLANT,NO PLANT,NO PLANT,NO PLANT,NO PLANT,NO PLANT,NA
1,5,NO PLANT,NO PLANT,NO PLANT,NO PLANT,NO PLANT,NO PLANT,NO PLANT,NO PLANT,NO PLANT,NO PLANT,NO PLANT,NO PLANT,NO PLANT,NO PLANT,NO PLANT,NO PLANT,NO PLANT,NO PLANT,NO PLANT,NO PLANT,NO PLANT,NO PLANT,NO PLANT,NO PLANT,NO PLANT,NO PLANT,NO PLANT,NO PLANT,NO PLANT,NO PLANT,NO PLANT,NO PLANT,NO PLANT,NO PLANT,NO PLANT,NO PLANT,NO PLANT,NO PLANT,NA
1,6,NO PLANT,NO PLANT,NO PLANT,NO PLANT,NO PLANT,NO PLANT,NO PLANT,NO PLANT,NO PLANT,NO PLANT,NO PLANT,NO PLANT,NO PLANT,NO PLANT,NO PLANT,NO PLANT,NO PLANT,NO PLANT,NO PLANT,NO PLANT,NO PLANT,NO PLANT,NO PLANT,NO PLANT,NO PLANT,NO PLANT,NO PLANT,NO PLANT,NO PLANT,NO PLANT,NO PLANT,NO PLANT,NO PLANT,NO PLANT,NO PLANT,NO PLANT,NO PLANT,NO PLANT,NA
1,7,NO PLANT,NO PLANT,NO PLANT,NO PLANT,NO PLANT,NO PLANT,NO PLANT,NO PLANT,NO PLANT,NO PLANT,NO PLANT,NO PLANT,NO PLANT,NO PLANT,NO PLANT,NO PLANT,NO PLANT,NO PLANT,NO PLANT,NO PLANT,NO PLANT,NO PLANT,NO PLANT,NO PLANT,NO PLANT,NO PLANT,NO PLANT,NO PLANT,NO PLANT,NO PLANT,NO PLANT,NO PLANT,NO PLANT,NO PLANT,NO PLANT,NO PLANT,NO PLANT,NO PLANT,NA
1,8,NO PLANT,NO PLANT,NO PLANT,NO PLANT,NO PLANT,NO PLANT,NO PLANT,NO PLANT,NO PLANT,NO PLANT,NO PLANT,NO PLANT,NO PLANT,NO PLANT,NO PLANT,NO PLANT,NO PLANT,NO PLANT,NO PLANT,NO PLANT,NO PLANT,NO PLANT,NO PLANT,NO PLANT,NO PLANT,NO PLANT,NO PLANT,NO PLANT,NO PLANT,NO PLANT,NO PLANT,NO PLANT,NO PLANT,NO PLANT,NO PLANT,NO PLANT,NO PLANT,NO PLANT,NA
1,9,NO PLANT,NO PLANT,NO PLANT,NO PLANT,NO PLANT,NO PLANT,NO PLANT,NO PLANT,NO PLANT,NO PLANT,NO PLANT,NO PLANT,NO PLANT,NO PLANT,NO PLANT,NO PLANT,NO PLANT,NO PLANT,NO PLANT,NO PLANT,NO PLANT,NO PLANT,NO PLANT,NO PLANT,NO PLANT,NO PLANT,NO PLANT,NO PLANT,NO PLANT,NO PLANT,NO PLANT,NO PLANT,NO PLANT,NO PLANT,NO PLANT,NO PLANT,NO PLANT,NO PLANT,NA
1,10,NO PLANT,NO PLANT,NO PLANT,NO PLANT,NO PLANT,NO PLANT,NO PLANT,NO PLANT,NO PLANT,NO PLANT,NO PLANT,NO PLANT,NO PLANT,NO PLANT,NO PLANT,NO PLANT,NO PLANT,NO PLANT,NO PLANT,NO PLANT,NO PLANT,NO PLANT,NO PLANT,NO PLANT,NO PLANT,NO PLANT,NO PLANT,NO PLANT,NO PLANT,NO PLANT,NO PLANT,NO PLANT,NO PLANT,NO PLANT,NO PLANT,NO PLANT,NO PLANT,NO PLANT,NA
1,11,NO PLANT,NO PLANT,NO PLANT,NO PLANT,NO PLANT,NO PLANT,NO PLANT,NO PLANT,NO PLANT,NO PLANT,NO PLANT,NO PLANT,NO PLANT,NO PLANT,NO PLANT,NO PLANT,NO PLANT,NO PLANT,NO PLANT,NO PLANT,NO PLANT,NO PLANT,NO PLANT,NO PLANT,NO PLANT,NO PLANT,NO PLANT,NO PLANT,NO PLANT,NO PLANT,NO PLANT,NO PLANT,NO PLANT,NO PLANT,NO PLANT,NO PLANT,NO PLANT,NO PLANT,NA
1,12,NO PLANT,NO PLANT,NO PLANT,NO PLANT,NO PLANT,NO PLANT,NO PLANT,NO PLANT,NO PLANT,NO PLANT,NO PLANT,NO PLANT,NO PLANT,NO PLANT,NO PLANT,NO PLANT,NO PLANT,NO PLANT,NO PLANT,NO PLANT,NO PLANT,NO PLANT,NO PLANT,NO PLANT,NO PLANT,NO PLANT,NO PLANT,NO PLANT,NO PLANT,NO PLANT,NO PLANT,NO PLANT,NO PLANT,NO PLANT,NO PLANT,NO PLANT,NO PLANT,NO PLANT,NA
1,13,1,40,3,5,9/3/2019,,no,0,0,5,0,1,0,10.3,"0,0,0,0,0",14.1,"0,0,0,0,0",3.3,"0,0,0,0,0",0.2,too small,0.3,too small,,,,,,,,,,,,,,Sophie,yes,1
1,14,1,41,2,5,9/3/2019,,no,0,0,1,2,1,0,0.5,too small,,,,,,,,,,,,,,,,,,,,,,Sophie,no,0
1,15,1,14,2,1,9/3/2019,,no,0,0,1,0,1,0,8.5,"50,0,0,0-",,,,,,,,,,,,,,,,,,,,,,Sophie,no,0
1,16,1,40,4,5,9/3/2019,,no,1,0,1,0,0,0,2.3,"0,0,0,0,0",,,,,,,,,,,,,,,,,,,,,,Sophie,no,0
1,17,1,15,5,5,9/3/2019,,maybe,1,1,,,,,,,,,,,,,,,,,,,,,,,,,,,,Sophie,no,0
1,18,1,49,4,2,9/3/2019,,maybe,1,1,,,,,,,,,,,,,,,,,,,,,,,,,,,,Sophie,no,0
1,19,1,7,2,2,9/3/2019,,no,0,0,1,3,1,0,1,too small,,,,,,,,,,,,,,,,,,,,,,Sophie,yes,1
1,20,1,29,3,5,9/3/2019,,maybe,1,1,,,,,,,,,,,,,,,,,,,,,,,,,,,,Sophie,no,0
1,21,1,15,5,2,9/3/2019,,no,0,0,3,0,1,0,1.5,"0,0,0,0,0",4.2,no leaves,4.2,no leaves,,,,,,,,,,,,,,,,,,Sophie,yes,1
1,22,1,3,3,5,9/3/2019,,no,0,0,1,2,1,0,1,"0,0,---",,,,,,,,,,,,,,,,,,,,,,Sophie,yes,1
1,23,1,68,4,5,9/3/2019,,maybe,0,0,1,0,1,0,11,"0,0,0,0,0",,,,,,,,,,,,,,,,,,,,,,Sophie,no,0
1,24,2,11,3,5,9/4/2019,,no,0,0,1,0,1,0,13.4,"0,0,0,0,0",,,,,,,,,,,,,,,,,,,,,,Sophie,no,0
1,25,2,36,4,2,9/4/2019,,no,0,0,2,0,1,0,7.5,"0,0,0,0,0",10,"0,0,3,1,55",,,,,,,,,,,,,,,,,,,,Sophie,no,0
1,26,2,40,3,4,9/4/2019,,maybe,0,0,1,0,0,0,1.5,"0,0,0,0,0",,,,,,,,,,,,,,,,,,,,,,Sophie,no,0
1,27,2,67,3,5,9/4/2019,,no,0,0,5,0,1,0,10.5,"0,22,0,0,2",3.8,"0,0,0,0,50",5.4,"5,8,0,0,0",15.2,"75,0,4,0,2",15.9,"0,0,2,80,96",,,,,,,,,,,,,,Sophie,yes,1
1,28,2,13,3,4,9/4/2019,,maybe,1,1,,,,,,,,,,,,,,,,,,,,,,,,,,,,Sophie,no,0
1,29,2,5,2,2,9/4/2019,,no,0,0,1,2,1,0,3.1,"0,0,0,0,0",4.6,"0,0,0,0,0",,,,,,,,,,,,,,,,,,,,Sophie,yes,1
1,30,2,31,3,4,9/4/2019,,nothing there,1,0,1,0,1,0,2,"0,0,0,0,22",,,,,,,,,,,,,,,,,,,,,,Sophie,,0
1,31,2,31,1,1,9/4/2019,,nothing there,1,0,1,0,1,0,4.9,"0,0,---",,,,,,,,,,,,,,,,,,,,,,Sophie,,0
1,32,2,62,5,2,9/4/2019,,no,0,0,2,0,1,0,9.9,"3,60,22,28,25",9,"0,0,0,0,0",,,,,,,,,,,,,,,,,,,,Sophie,no,0
1,33,2,13,1,5,9/4/2019,,maybe,1,0,1,0,0,0,7.7,"0,0,0,25,75",,,,,,,,,,,,,,,,,,,,,,Sophie,no,0
1,34,2,13,2,3,9/4/2019,,maybe,1,0,1,0,0,0,4,"0,0,0,0,0",,,,,,,,,,,,,,,,,,,,,,Sophie,no,0
1,35,2,19,3,2,9/4/2019,,maybe,1,0,1,0,1,0,9,"0,0,0,0,0",,,,,,,,,,,,,,,,,,,,,,Sophie,no,0
1,36,2,30,3,1,9/4/2019,,no,1,0,1,0,1,0,8.5,"0,0,0,0,0",,,,,,,,,,,,,,,,,,,,,,Sophie,yes,1
1,37,2,18,1,2,9/4/2019,,no,0,0,1,0,1,0,15.9,"52,3,5,85,0",,,,,,,,,,,,,,,,,,,,,,Sophie,no,0
1,38,2,31,5,1,9/4/2019,,no,0,0,1,0,1,0,9.5,"0,0,0,0,0",,,,,,,,,,,,,,,,,,,,,,Sophie,no,0
1,39,2,7,4,2,9/4/2019,,maybe,1,0,1,2,1,0,0.2,too small,,,,,,,,,,,,,,,,,,,,,,Sophie,no,0
1,40,2,8,1,4,9/4/2019,,no,0,0,1,0,0,0,28.5,"0,0,0,0,0",,,,,,,,,,,,,,,,,,,,,,Sophie,no,0
1,41,2,23,1,5,9/4/2019,,no,0,0,0,2,1,0,,,,,,,,,,,,,,,,,,,,,,,,Sophie,no,0
1,42,2,4,1,3,9/4/2019,,maybe,1,0,1,0,1,0,3,"0,0,---",,,,,,,,,,,,,,,,,,,,,,Sophie,no,0
1,43,2,36,3,3,9/4/2019,,no,0,0,2,0,1,0,2.4,"0,0,0,0,-",14,"0,0,0,0,0",,,,,,,,,,,,,,,,,,,,Sophie,no,0
1,44,2,30,4,5,9/4/2019,,maybe,1,0,2,0,1,0,5.4,"0,0,0,0,0",5.9,"0,0,0,0,0",,,,,,,,,,,,,,,,,,,,Sophie,no,0
1,45,2,62,2,1,9/4/2019,,maybe,1,0,2,0,0,0,11.5,"0,0,28,40,10",8.7,"5,0,10,0,0",,,,,,,,,,,,,,,,,,,,Sophie,no,0
1,46,2,6,2,4,9/4/2019,,maybe,1,0,2,0,0,0,7,"2,1,3,1,0",7.9,"0,0,0,0,0",,,,,,,,,,,,,,,,,,,,Sophie,yes,1
2,1,1,79,4,5,9/3/2019,,no,0,0,2,0,0,0,9.5,"2,0,10,13,13",9,"0,54,26,20,3",,,,,,,,,,,,,,,,,,,,Sophie,no,0
2,2,1,6,2,5,9/3/2019,,maybe,1,0,2,0,1,0,4.5,no leaves,1.5,no leaves,,,,,,,,,,,,,,,,,,,,Sophie,no,0
2,3,1,68,1,4,9/3/2019,,no,0,0,2,0,1,0,6.1,0----,6.9,"0,0,0,0,15",,,,,,,,,,,,,,,,,,,,Sophie,yes,1
2,4,1,39,2,1,9/3/2019,,maybe,0,0,1,0,0,0,10.5,"0,0,0,0,0",,,,,,,,,,,,,,,,,,,,,,Sophie,no,0
2,5,1,49,3,5,9/3/2019,,no,0,0,2,1,1,0,1.3,"0,0,0,0,0",7.3,"0,0,0,0,3",,,,,,,,,,,,,,,,,,,,Sophie,yes,1
2,6,1,14,5,2,9/3/2019,,no,0,0,0,1,1,0,,,,,,,,,,,,,,,,,,,,,,,,Sophie,yes,1
2,7,1,56,3,4,9/3/2019,,maybe,1,0,1,0,1,0,3.3,"0,0,0,0,0",,,,,,,,,,,,,,,,,,,,,,Sophie,no,0
2,8,1,27,2,5,9/3/2019,,maybe,1,0,1,0,0,0,1.8,"0,0,---",,,,,,,,,,,,,,,,,,,,,,Sophie,no,0
2,9,1,21,3,4,9/3/2019,,no,0,0,2,0,0,0,13,"0,0,15,4,8",6.2,"0,0,0,8,5",,,,,,,,,,,,,,,,,,,,Sophie,no,0
2,10,1,14,2,2,9/3/2019,,no,0,0,1,0,1,0,5,"0,0,0,0,0",,,,,,,,,,,,,,,,,,,,,,Sophie,yes,1
2,11,1,72,2,1,9/3/2019,,no,0,0,1,0,1,0,9.2,no leaves,,,,,,,,,,,,,,,,,,,,,,Sophie,yes,1
2,12,1,2,1,1,9/3/2019,,no,0,0,3,0,1,0,5.3,no leaves,6.6,no leaves,6.1,no leaves,,,,,,,,,,,,,,,,,,Sophie,yes,1
2,13,1,36,2,4,9/3/2019,,no,0,0,0,2,1,0,,,,,,,,,,,,,,,,,,,,,,,,Sophie,yes,1
2,14,1,35,2,1,9/3/2019,,no,0,0,0,1,1,0,,,,,,,,,,,,,,,,,,,,,,,,Sophie,no,0
2,15,1,15,3,4,9/3/2019,,maybe,1,0,2,0,0,0,4,"0,0,0,0,0",3,"0,0,0,0,0",,,,,,,,,,,,,,,,,,,,Sophie,no,0
2,16,1,40,2,2,9/3/2019,,no,0,0,2,0,1,0,7,"0,0,0,0,0",2.6,"0,0,0,0,0",,,,,,,,,,,,,,,,,,,,Sophie,no,0
2,17,1,46,1,5,9/3/2019,,no,0,0,4,1,1,0,5.5,"0,0,0,0,95",3,"0,98,96,--",2.4,"0,0,50,60,60",7.5,"0,0,0,0,0",,,,,,,,,,,,,,,,Sophie,no,0
2,18,1,6,4,2,9/3/2019,,no,0,0,1,0,1,0,8.5,"0,0,0,0,0",,,,,,,,,,,,,,,,,,,,,,Sophie,no,0
2,19,1,9,1,3,9/3/2019,,no,0,0,1,0,1,0,2.1,"0,0,0,0,0",,,,,,,,,,,,,,,,,,,,,,Sophie,no,0
2,20,1,18,5,1,9/3/2019,,maybe,1,0,1,0,1,0,4.2,"0,0,0,0,0",,,,,,,,,,,,,,,,,,,,,,Sophie,no,0
2,21,1,79,1,4,9/3/2019,,no,0,0,1,0,1,0,11.5,"0,0,0,0,12",,,,,,,,,,,,,,,,,,,,,,Sophie,no,0
2,22,1,77,1,5,9/3/2019,,no,0,0,1,1,0,0,15.9,"0,0,0,0,0",,,,,,,,,,,,,,,,,,,,,,Sophie,yes,1
2,23,1,31,4,2,9/3/2019,,no,0,0,4,0,1,0,2,"0,0,0,0,0",9.7,"0,0,0,0,0",7.4,"0,0,0,1,1",13.5,,,,,,,,,,,,,,,,,Sophie,no,0
2,24,2,47,2,3,9/4/2019,,nothing there,1,0,4,0,1,0,1.9,"0,0,0,0,0",14.2,"0,1,1,1,1",6.9,"0,0,0,0,0",9.4,"0,0,0,0,0",,,,,,,,,,,,,,,,Sophie,,0
2,25,2,68,5,3,9/4/2019,,no,0,0,2,0,0,0,5.6,"2,0,0,--",1.6,,,,,,,,,,,,,,,,,,,,,Sophie,no,0
2,26,2,28,1,4,9/4/2019,,maybe,1,0,1,0,1,0,3.4,no leaves,,,,,,,,,,,,,,,,,,,,,,Sophie,no,0
2,27,2,14,3,5,9/4/2019,,nothing there,0,0,0,3,1,0,,,,,,,,,,,,,,,,,,,,,,,,Sophie,,0
2,28,2,2,5,5,9/4/2019,,maybe,1,0,2,0,0,0,10.2,"0,0,0,0,0",4.2,"0,0,0,0,0",,,,,,,,,,,,,,,,,,,,Sophie,no,0
2,29,2,42,2,2,9/4/2019,,maybe,1,0,2,0,0,0,6,"0,0,0,0,0",2,"0,0,0,0,0",,,,,,,,,,,,,,,,,,,,Sophie,no,0
2,30,2,41,1,1,9/4/2019,,maybe,1,0,2,0,0,0,15.4,"5,22,2,0,15",3.6,"25,0,5,35,20",,,,,,,,,,,,,,,,,,,,Sophie,no,0
2,31,2,68,3,3,9/4/2019,,no,0,0,2,0,1,0,9.9,"0,18,0,0,70",1.4,"0,0,---",,,,,,,,,,,,,,,,,,,,Sophie,no,0
2,32,2,14,4,2,9/4/2019,,nothing there,1,1,,,,,,,,,,,,,,,,,,,,,,,,,,,,Sophie,,0
2,33,2,72,1,2,9/4/2019,,no,0,0,0,1,1,0,,,,,,,,,,,,,,,,,,,,,,,,Sophie,no,0
2,34,2,2,4,3,9/4/2019,,no,0,0,1,0,1,0,14.4,"0,0,0,0,0",,,,,,,,,,,,,,,,,,,,,,Sophie,yes,1
2,35,2,4,1,2,9/4/2019,,no,0,0,1,3,1,0,1.1,too small,,,,,,,,,,,,,,,,,,,,,,Sophie,yes,1
2,36,2,49,4,3,9/4/2019,,nothing there,1,0,1,0,0,0,4.5,"0,0,0,0,0",,,,,,,,,,,,,,,,,,,,,,Sophie,,0
2,37,2,17,2,4,9/4/2019,,nothing there,1,0,1,0,0,0,8.4,"0,0,0,45,50",,,,,,,,,,,,,,,,,,,,,,Sophie,,0
2,38,2,6,1,3,9/4/2019,,no,0,0,1,0,1,0,7,"0,0,1,1,1",,,,,,,,,,,,,,,,,,,,,,Sophie,no,0
2,39,2,77,2,2,9/4/2019,,no,0,0,1,0,1,0,22.9,"0,0,0,0,78",,,,,,,,,,,,,,,,,,,,,,Sophie,no,0
2,40,2,47,2,4,9/4/2019,,no,0,0,1,0,1,0,7.6,"0,0,0,1,1",,,,,,,,,,,,,,,,,,,,,,Sophie,no,0
2,41,2,64,1,3,9/4/2019,,no,0,0,3,0,1,0,17,no leaves,5.8,"0,0,0,0,0",19.4,"0,0,0,0,0",,,,,,,,,,,,,,,,,,Sophie,no,0
2,42,2,57,5,1,9/4/2019,,maybe,0,0,1,0,1,0,5.5,"0,0,0,0,2",,,,,,,,,,,,,,,,,,,,,,Sophie,no,0
2,43,2,57,1,4,9/4/2019,,maybe,0,0,3,0,1,0,3.4,"0,0,1,1,1",4,"2,0,0,2,0",2.1,no leaves,,,,,,,,,,,,,,,,,,Sophie,no,0
2,44,2,15,2,3,9/4/2019,,no,0,0,1,0,1,0,9.2,"0,0,0,2,1",,,,,,,,,,,,,,,,,,,,,,Sophie,no,0
2,45,2,79,5,2,9/4/2019,,no,0,0,0,1,1,0,,,,,,,,,,,,,,,,,,,,,,,,Sophie,no,0
2,46,2,17,5,4,9/4/2019,,nothing there,1,0,0,1,1,0,,,,,,,,,,,,,,,,,,,,,,,,Sophie,,0
3,1,1,12,5,1,9/3/2019,,nothing there,1,1,,,,,,,,,,,,,,,,,,,,,,,,,,,,Sophie,,0
3,2,1,68,3,4,9/3/2019,,no,0,0,1,1,1,0,0.5,too small,,,,,,,,,,,,,,,,,,,,,,Sophie,no,0
3,3,1,14,5,1,9/3/2019,,no,0,0,2,1,1,0,9.8,"0,0,0,0,-",9.2,no leaves,,,,,,,,,,,,,,,,,,,,Sophie,no,0
3,4,1,9,2,2,9/3/2019,,no,0,0,3,0,1,0,15,no leaves,11.4,"0,0,0,0,0",1.1,too small,1,too small,,,,,,,,,,,,,,,,Sophie,no,0
3,5,1,13,5,5,9/3/2019,,no,0,0,1,0,1,0,5.9,0----,,,,,,,,,,,,,,,,,,,,,,Sophie,yes,1
3,6,1,1,1,2,9/3/2019,,no,0,0,1,0,1,0,9.5,"0,0,0,0,0",,,,,,,,,,,,,,,,,,,,,,Sophie,no,0
3,7,1,68,3,5,9/3/2019,,no,0,0,0,3,1,0,,,,,,,,,,,,,,,,,,,,,,,,Sophie,no,0
3,8,1,15,4,1,9/3/2019,,no,0,1,3,0,1,0,1.1,no leaves,13.1,no leaves,6,"0,0,0,0,18",,,,,,,,,,,,,,,,,,Sophie,no,0
3,9,1,4,3,5,9/3/2019,,no,0,0,0,1,1,0,,,,,,,,,,,,,,,,,,,,,,,,Sophie,no,0
3,10,1,2,5,3,9/3/2019,,maybe,1,0,2,1,1,0,4.3,no leaves,5.6,"0,0,0,0,0",,,,,,,,,,,,,,,,,,,,Sophie,no,0
3,11,1,49,3,4,9/3/2019,,no,0,0,2,0,1,0,1.6,"25,30,0,20-",5.1,no leaves,,,,,,,,,,,,,,,,,,,,Sophie,yes,1
3,12,1,15,2,4,9/3/2019,,no,0,0,3,1,1,0,8,no leaves,5.5,no leaves,2,"0,0,0,0,0",,,,,,,,,,,,,,,,,,Sophie,no,0
3,13,1,39,2,2,9/3/2019,,maybe,1,0,1,0,1,0,7.1,no leaves,,,,,,,,,,,,,,,,,,,,,,Sophie,no,0
3,14,1,2,2,5,9/3/2019,,no,0,0,1,0,1,0,13.5,no leaves,,,,,,,,,,,,,,,,,,,,,,Sophie,no,0
3,15,1,64,3,2,9/3/2019,,maybe,1,0,4,0,1,0,2.5,"0,0,0,0,0",5.6,"0,0,0,0,0",10.6,"0,0,0,0,0",5.5,"0,0,0,0,0",,,,,,,,,,,,,,,,Sophie,no,0
3,16,1,31,2,2,9/3/2019,,no,0,0,3,1,1,0,9,no leaves,9,no leaves,9.6,no leaves,,,,,,,,,,,,,,,,,,Sophie,no,0
3,17,1,8,2,5,9/3/2019,,no,0,0,2,0,1,0,4.9,no leaves,9.4,no leaves,,,,,,,,,,,,,,,,,,,,Sophie,yes,1
3,18,1,17,1,1,9/3/2019,,no,0,0,2,0,1,0,7.5,"0,0,0,0,0",19.4,"0,0,0,0,0",,,,,,,,,,,,,,,,,,,,Sophie,no,0
3,19,1,18,1,4,9/3/2019,,no,0,0,3,0,1,0,0.2,too small,5.7,"0,0,0,0,44",5.7,"0,0,0,0,0",,,,,,,,,,,,,,,,,,Sophie,yes,1
3,20,1,36,2,2,9/3/2019,,no,0,0,2,0,1,0,6.5,"0,0,0,0,0",7.1,"0,0,0,0,0",,,,,,,,,,,,,,,,,,,,Sophie,yes,1
3,21,1,7,3,1,9/3/2019,,no,0,0,4,2,1,0,1.2,"0,0,0,0,0",2,"0,0,0,0,0",2.2,"0,0,0,0,0",9.3,"0,0,0,0,0",,,,,,,,,,,,,,,,Sophie,yes,1
3,22,1,69,2,1,9/3/2019,,no,0,0,1,0,1,0,11.6,no leaves,,,,,,,,,,,,,,,,,,,,,,Sophie,no,0
3,23,1,30,5,4,9/3/2019,,no,0,0,2,3,1,0,2.9,no leaves,2.2,no leaves,,,,,,,,,,,,,,,,,,,,Sophie,yes,1
3,24,2,4,4,5,9/4/2019,,no,0,0,2,1,1,0,7,no leaves,7.9,no leaves,,,,,,,,,,,,,,,,,,,,Sophie,yes,1
3,25,2,16,3,4,9/4/2019,,maybe,1,1,,,,,,,,,,,,,,,,,,,,,,,,,,,,Sophie,yes,1
3,26,2,62,3,1,9/4/2019,,maybe,1,0,2,0,1,0,3,"0,0,0,0,0",7.1,"0,0,0,0,0",,,,,,,,,,,,,,,,,,,,Sophie,yes,1
3,27,2,39,4,2,9/4/2019,,no,0,0,3,0,1,0,12.9,"0,0,0,0,0",19,"0,0,0,0,0",22.5,"0,0,0,0,0",,,,,,,,,,,,,,,,,,Sophie,yes,1
3,28,2,77,3,2,9/4/2019,,no,0,0,1,0,1,0,10.9,no leaves,,,,,,,,,,,,,,,,,,,,,,Sophie,no,0
3,29,2,4,4,4,9/4/2019,,maybe,0,0,2,1,1,0,5.8,"0,0,0,0,0",3.2,"0,0,0,0,0",,,,,,,,,,,,,,,,,,,,Sophie,no,0
3,30,2,72,1,3,9/4/2019,,nothing there,1,0,2,0,0,0,6,"2,1,1,2,0",7.4,"1,0,0,1,3",,,,,,,,,,,,,,,,,,,,Sophie,,0
3,31,2,56,4,4,9/4/2019,,no,0,0,2,0,1,0,17.2,"0,0,0,0,0",4.4,no leaves,,,,,,,,,,,,,,,,,,,,Sophie,no,0
3,32,2,36,3,5,9/4/2019,,maybe,0,1,,,,,,,,,,,,,,,,,,,,,,,,,,,,Sophie,no,0
3,33,2,21,2,5,9/4/2019,,maybe,1,0,3,0,1,0,9,"0,0,2,1,30",7,"85,85,90,0,0",10.1,"0,0,0,0,1",,,,,,,,,,,,,,,,,,Sophie,no,0
3,34,2,31,1,3,9/4/2019,,maybe,0,0,2,0,1,0,8.4,no leaves,13.7,no leaves,,,,,,,,,,,,,,,,,,,,Sophie,no,0
3,35,2,77,5,5,9/4/2019,,no,0,0,2,0,1,0,16,"0,0,0,0,0",4.2,"0,0,0,0,0",,,,,,,,,,,,,,,,,,,,Sophie,no,0
3,36,2,72,2,3,9/4/2019,,no,0,0,1,2,1,0,9,"0,0,0,0,0",,,,,,,,,,,,,,,,,,,,,,Sophie,yes,1
3,37,2,56,2,1,9/4/2019,,no,0,0,1,0,1,0,6.5,"2,0,0,0,1",,,,,,,,,,,,,,,,,,,,,,Sophie,no,0
3,38,2,46,2,3,9/4/2019,,no,0,0,2,0,1,0,5.9,"0,0,0,0,0",10.9,"0,0,0,0,0",,,,,,,,,,,,,,,,,,,,Sophie,no,0
3,39,2,49,5,3,9/4/2019,,no,0,0,2,0,1,0,6.9,"0,0,0,0,0",4.8,"0,0,0,0,0",,,,,,,,,,,,,,,,,,,,Sophie,no,0
3,40,2,12,5,3,9/4/2019,,no,0,0,4,0,0,0,31.2,"0,2,4,1,1",7.5,"0,0,0,0,0",4.5,"0,0,0,0,0",5.9,"0,0,26,0,6",,,,,,,,,,,,,,,,Sophie,no,0
3,41,2,67,4,3,9/4/2019,,maybe,0,0,2,0,1,0,12,"0,0,0,0,0",8.7,"0,0,0,0,0",,,,,,,,,,,,,,,,,,,,Sophie,no,0
3,42,2,46,2,2,9/4/2019,,no,0,0,2,1,1,0,9.9,"0,0,0,0,0",19.2,no leaves,,,,,,,,,,,,,,,,,,,,Sophie,no,0
3,43,2,40,5,2,9/4/2019,,no,0,0,0,1,1,0,,,,,,,,,,,,,,,,,,,,,,,,Sophie,yes,1
3,44,2,67,2,5,9/4/2019,,maybe,1,0,3,0,0,0,7,"0,0,0,0,2",4.1,"0,15,0,0,55",6.4,"18,15,0,0,0",,,,,,,,,,,,,,,,,,Sophie,no,0
3,45,2,1,1,5,9/4/2019,,no,0,0,0,4,1,0,,,,,,,,,,,,,,,,,,,,,,,,Sophie,no,0
3,46,2,19,1,1,9/4/2019,,maybe,1,0,2,0,1,0,8.9,"0,0,0,0,0",6.4,"0,0,0,0,0",,,,,,,,,,,,,,,,,,,,Sophie,no,0
4,1,1,21,4,1,9/3/2019,,no,0,0,3,0,0,0,8.9,"0,0,0,0,0",8.8,"0,5,5,8,0",26,"0,0,15,0,10",,,,,,,,,,,,,,,,,,Sophie,no,0
4,2,1,79,2,1,9/3/2019,,maybe,0,1,,,,,,,,,,,,,,,,,,,,,,,,,,,,Sophie,no,0
4,3,1,12,4,1,9/3/2019,,no,0,0,0,1,1,0,,,,,,,,,,,,,,,,,,,,,,,,Sophie,no,0
4,4,1,47,3,5,9/3/2019,,maybe,0,0,3,0,1,0,0.7,no leaves,1.1,no leaves,1.1,no leaves,,,,,,,,,,,,,,,,,,Sophie,no,0
4,5,1,47,1,1,9/3/2019,,no,0,0,0,1,1,0,,,,,,,,,,,,,,,,,,,,,,,,Sophie,no,0
4,6,1,21,2,3,9/3/2019,,no,0,0,4,0,1,0,0.2,too small,2,"0,0,---",7.6,"0,0,0,0,0",5.5,"0,0,0,0,0",,,,,,,,,,,,,,,,Sophie,no,0
4,7,1,1,2,1,9/3/2019,,maybe,1,0,2,0,1,0,12.4,"0,0,0,0,0",0.4,"0,0,0,0,0",,,,,,,,,,,,,,,,,,,,Sophie,no,0
4,8,1,1,2,2,9/3/2019,,no,0,0,1,0,1,0,5.5,"0,0,0,0,0",,,,,,,,,,,,,,,,,,,,,,Sophie,yes,1
4,9,1,30,4,3,9/3/2019,,no,1,0,0,1,1,0,,,,,,,,,,,,,,,,,,,,,,,,Sophie,yes,1
4,10,1,61,5,1,9/3/2019,,maybe,1,1,,,,,,,,,,,,,,,,,,,,,,,,,,,,Sophie,no,0
4,11,1,1,4,1,9/3/2019,,maybe,0,0,1,1,1,0,1,too small,,,,,,,,,,,,,,,,,,,,,,Sophie,no,0
4,12,1,6,4,5,9/3/2019,,no,1,1,,,,,,,,,,,,,,,,,,,,,,,,,,,,Sophie,no,0
4,13,1,17,4,4,9/3/2019,,no,0,0,1,2,1,0,5.9,no leaves,,,,,,,,,,,,,,,,,,,,,,Sophie,no,0
4,14,1,79,4,4,9/3/2019,,no,0,0,1,2,1,0,5.5,"0,0,0,0,0",,,,,,,,,,,,,,,,,,,,,,Sophie,yes,1
4,15,1,36,2,1,9/3/2019,,maybe,1,1,,,,,,,,,,,,,,,,,,,,,,,,,,,,Sophie,no,0
4,16,1,4,1,1,9/3/2019,,no,0,0,2,1,1,0,8.1,no leaves,7.6,no leaves,,,,,,,,,,,,,,,,,,,,Sophie,no,0
4,17,1,56,4,2,9/3/2019,,no,0,0,3,0,1,0,9,"0,0,0,0,0",2.5,"0,0,0,0,0",2.5,"0,0,0,0,0",,,,,,,,,,,,,,,,,,Sophie,yes,1
4,18,1,67,1,4,9/3/2019,,no,0,0,1,0,1,0,10,"0,0,0,0,0",,,,,,,,,,,,,,,,,,,,,,Sophie,no,0
4,19,1,2,3,1,9/3/2019,,no,0,0,2,0,1,0,3.7,"0,0,0,0,0",10.5,"0,0,0,0,0",,,,,,,,,,,,,,,,,,,,Sophie,no,0
4,20,1,8,1,1,9/3/2019,,no,0,0,1,0,1,0,13.1,no leaves,,,,,,,,,,,,,,,,,,,,,,Sophie,no,0
4,21,1,72,5,5,9/3/2019,,maybe,1,0,2,0,1,0,7,"0,0,0,0,0",9.2,"0,0,0,0,0",,,,,,,,,,,,,,,,,,,,Sophie,no,0
4,22,1,12,4,4,9/3/2019,,maybe,1,1,,,,,,,,,,,,,,,,,,,,,,,,,,,,Sophie,no,0
4,23,1,74,2,5,9/3/2019,,no,0,0,2,1,1,0,5,no leaves,4.5,"0,0,0,0,0",,,,,,,,,,,,,,,,,,,,Sophie,no,0
4,24,2,77,1,4,9/4/2019,,no,0,0,2,0,1,0,5,"0,0,0,0,0",8.5,no leaves,,,,,,,,,,,,,,,,,,,,Sophie,no,0
4,25,2,15,2,5,9/4/2019,,no,0,0,0,2,1,0,,,,,,,,,,,,,,,,,,,,,,,,Sophie,no,0
4,26,2,56,2,3,9/4/2019,,no,0,0,3,0,1,0,3.9,"0,0,0,0,0",3.3,"0,0,0,0,0",12,"0,0,0,0,0",,,,,,,,,,,,,,,,,,Sophie,no,0
4,27,2,32,1,2,9/4/2019,,no,0,0,2,0,1,0,12,"0,0,1,0,75",12.1,"0,0,0,0,0",,,,,,,,,,,,,,,,,,,,Sophie,no,0
4,28,2,68,4,3,9/4/2019,,no,0,0,1,0,1,0,25,"0,0,0,0,0",,,,,,,,,,,,,,,,,,,,,,Sophie,no,0
4,29,2,23,1,2,9/4/2019,,maybe,1,0,1,0,1,0,8.7,"3,4,2,2,0",,,,,,,,,,,,,,,,,,,,,,Sophie,no,0
4,30,2,4,1,4,9/4/2019,,no,0,0,3,0,1,0,5,no leaves,7.4,no leaves,2.1,"0,0,0,0,0",,,,,,,,,,,,,,,,,,Sophie,no,0
4,31,2,6,3,1,9/4/2019,,maybe,1,0,1,0,0,0,1.5,"0,0,---",,,,,,,,,,,,,,,,,,,,,,Sophie,no,0
4,32,2,72,5,3,9/4/2019,,nothing there,1,0,1,0,1,0,11,"0,0,2,72,0",,,,,,,,,,,,,,,,,,,,,,Sophie,,0
4,33,2,4,3,2,9/4/2019,,no,0,0,1,0,1,0,9.9,no leaves,,,,,,,,,,,,,,,,,,,,,,Sophie,no,0
4,34,2,51,4,3,9/4/2019,,no,0,0,1,0,0,0,21.1,"0,0,0,0,0",,,,,,,,,,,,,,,,,,,,,,Sophie,no,0
4,35,2,20,3,2,9/4/2019,,nothing there,1,1,,,,,,,,,,,,,,,,,,,,,,,,,,,,Sophie,,0
4,36,2,7,5,5,9/4/2019,,no,0,0,4,0,1,0,23.1,no leaves,15.2,no leaves,2.9,"0,0,0,0,0",1,too small,,,,,,,,,,,,,,,,Sophie,no,0
4,37,2,36,5,3,9/4/2019,,nothing there,1,0,3,0,1,0,7.5,"3,2,2,1,1",6.6,"1,1,2,1,1",3.2,"0,0,0,0,0",,,,,,,,,,,,,,,,,,Sophie,,0
4,38,2,40,5,3,9/4/2019,,no,0,0,4,0,1,0,15,"0,0,0,0,0",15.3,"0,0,0,0,0",7.2,"0,0,0,0,0",5.4,"0,0,0,0,0",,,,,,,,,,,,,,,,Sophie,yes,1
4,39,2,18,1,1,9/4/2019,,no,0,0,1,1,1,0,21.5,no leaves,,,,,,,,,,,,,,,,,,,,,,Sophie,no,0
4,40,2,36,1,4,9/4/2019,,no,0,0,8,0,1,0,17.6,no leaves,17.2,no leaves,11.2,"0,0,0,0,0",4.5,no leaves,4.1,"0,0,0,0,0",1,too small,8.5,"0,0,0,0,0",6.5,"0,0,0,0,0",,,,,,,,Sophie,yes,1
4,41,2,36,1,5,9/4/2019,,no,0,0,7,0,1,0,16.9,"0,0,0,0,0",14.5,"0,0,0,0,1",13.5,"0,0,0,0,0",12.3,"0,0,0,0,0",15.3,"0,0,0,0,0",24.4,"0,0,0,0,0",13.2,"0,0,0,0,0",10.9,"0,0,0,0,0",,,,,,,,Sophie,no,0
4,42,2,2,2,2,9/4/2019,,no,0,0,2,0,1,0,16.8,no leaves,6.4,"0,0,0,0,0",,,,,,,,,,,,,,,,,,,,Sophie,no,0
4,43,2,1,3,5,9/4/2019,,no,1,0,2,0,1,0,6.5,"0,0,0,0,0",1.7,no leaves,,,,,,,,,,,,,,,,,,,,Sophie,yes,1
4,44,2,61,4,4,9/4/2019,,no,0,0,3,0,1,0,15,"0,0,0,0,0",6.4,no leaves,3.5,"0,0,0,0,0",,,,,,,,,,,,,,,,,,Sophie,yes,1
4,45,2,18,5,2,9/4/2019,,maybe,0,1,,,,,,,,,,,,,,,,,,,,,,,,,,,,Sophie,no,0
4,46,2,46,4,1,9/4/2019,,no,0,0,0,1,1,0,,,,,,,,,,,,,,,,,,,,,,,,Sophie,no,0
5,1,1,77,1,1,9/4/2019,,maybe,1,0,1,0,1,0,9.1,"0,0,0,--",,,,,,,,,,,,,,,,,,,,,,Sophie,no,0
5,2,1,21,5,3,9/2/2019,,no,0,0,1,0,0,0,15,"40,1,26,28,0",,,,,,,,,,,,,,,,,,,,,,Sophie,no,0
5,3,1,19,3,5,9/2/2019,,maybe,0,0,0,2,1,0,,,,,,,,,,,,,,,,,,,,,,,,Sophie,no,0
5,4,1,56,3,3,9/2/2019,,nothing there,1,1,,,,,,,,,,,,,,,,,,,,,,,,,,,,Sophie,,0
5,5,1,32,1,3,9/2/2019,,maybe,1,0,1,0,1,0,7,"0,0,0,0,0",,,,,,,,,,,,,,,,,,,,,,Sophie,no,0
5,6,1,8,3,5,9/2/2019,,no,0,0,2,0,1,0,17.4,no leaves,20,no leaves,,,,,,,,,,,,,,,,,,,,Sophie,no,0
5,7,1,11,1,2,9/2/2019,,no,0,0,1,0,1,0,19,no leaves,,,,,,,,,,,,,,,,,,,,,,Sophie,no,0
5,8,1,4,5,2,9/2/2019,,no,0,0,1,0,1,0,14.5,"0,0,0,0,0",,,,,,,,,,,,,,,,,,,,,,Sophie,yes,1
5,9,1,28,1,3,9/2/2019,,nothing there,1,1,,,,,,,,,,,,,,,,,,,,,,,,,,,,Sophie,,0
5,10,1,29,1,3,9/2/2019,,maybe,1,0,0,1,1,0,,,,,,,,,,,,,,,,,,,,,,,,Sophie,no,0
5,11,1,3,2,4,9/2/2019,,maybe,1,0,1,0,1,0,4.4,no leaves,,,,,,,,,,,,,,,,,,,,,,Sophie,no,0
5,12,1,23,1,5,9/2/2019,,maybe,1,0,3,0,1,0,4,no leaves,5.6,no leaves,4.6,"0,0,0,0,0",,,,,,,,,,,,,,,,,,Sophie,no,0
5,13,1,21,3,1,9/2/2019,,no,0,0,1,0,1,0,11.7,no leaves,,,,,,,,,,,,,,,,,,,,,,Sophie,no,0
5,14,1,49,2,3,9/2/2019,,no,0,0,0,4,1,0,,,,,,,,,,,,,,,,,,,,,,,,Sophie,no,0
5,15,1,72,3,5,9/2/2019,,nothing there,1,0,1,0,0,0,4.6,"0,0,0,0,0",,,,,,,,,,,,,,,,,,,,,,Sophie,,0
5,16,1,47,1,5,9/2/2019,,no,0,0,1,0,1,0,9,no leaves,,,,,,,,,,,,,,,,,,,,,,Sophie,yes,1
5,17,1,47,3,3,9/2/2019,,no,0,0,2,1,1,0,6.7,no leaves,3.2,"0,0,0,0,0",,,,,,,,,,,,,,,,,,,,Sophie,no,0
5,18,1,46,5,3,9/2/2019,,no,0,0,1,0,1,0,20,no leaves,,,,,,,,,,,,,,,,,,,,,,Sophie,yes,1
5,19,1,21,3,5,9/2/2019,,no,0,0,3,0,1,0,12,no leaves,13,"0,0,0,0,0",11.9,"0,0,0,0,0",,,,,,,,,,,,,,,,,,Sophie,no,0
5,20,1,9,1,5,9/2/2019,,no,0,0,1,0,1,0,9.8,no leaves,,,,,,,,,,,,,,,,,,,,,,Sophie,no,0
5,21,1,47,4,5,9/2/2019,,maybe,1,0,1,0,1,0,3.3,"0,0,---",,,,,,,,,,,,,,,,,,,,,,Sophie,no,0
5,22,1,13,1,4,9/2/2019,,nothing there,1,0,1,0,1,0,5.5,"0,0,0,0,0",,,,,,,,,,,,,,,,,,,,,,Sophie,,0
5,23,2,3,4,3,9/4/2019,,maybe,0,0,2,0,1,0,3,no leaves,3,0----,,,,,,,,,,,,,,,,,,,,Sophie,yes,1
5,24,2,62,1,1,9/4/2019,,no,0,0,0,3,1,0,,,,,,,,,,,,,,,,,,,,,,,,Sophie,yes,1
5,25,2,12,5,2,9/4/2019,,maybe,1,0,2,0,1,0,3.1,"0,0,0,0,0",5.3,"0,0,0,0,0",,,,,,,,,,,,,,,,,,,,Sophie,no,0
5,26,2,74,2,1,9/4/2019,,no,0,0,4,0,1,0,5.2,no leaves,8,no leaves,6.5,"0,0,0,0,0",5.3,"0,0,0,0,0",,,,,,,,,,,,,,,,Sophie,no,0
5,27,2,30,5,2,9/4/2019,,nothing there,1,0,1,0,1,0,9.4,"0,0,0,0,0",,,,,,,,,,,,,,,,,,,,,,Sophie,,0
5,28,2,79,1,3,9/4/2019,,no,0,0,3,0,1,0,9.2,"5,2,0,0,96",4,no leaves,7.1,"0,0,---",,,,,,,,,,,,,,,,,,Sophie,yes,1
5,29,2,17,1,3,9/4/2019,,no,0,0,2,0,1,0,7.4,no leaves,0.3,too small,,,,,,,,,,,,,,,,,,,,Sophie,no,0
5,30,2,6,5,4,9/4/2019,,no,0,0,1,0,0,1,13.2,"2,0,1,0,0",,,,,,,,,,,,,,,,,,,,,,Sophie,no,0
5,31,2,77,4,2,9/4/2019,,no,0,0,6,0,1,0,12.2,"0,0,0,0,0",,,,,,,,,,,,,,,,,,,,,,Sophie,yes,1
5,32,2,27,5,3,9/4/2019,,nothing there,1,0,1,0,0,0,3.3,"0,0,0,0,0",,,,,,,,,,,,,,,,,,,,,,Sophie,,0
5,33,2,40,3,1,9/4/2019,,no,0,0,3,0,1,0,7.5,"0,0,0,0,0",7.7,no leaves,1.8,"0,0,0,0,0",,,,,,,,,,,,,,,,,,Sophie,no,0
5,34,2,67,5,1,9/4/2019,,no,0,0,6,1,1,0,2,"0,0,0,0,0",2.2,"0,0,0,0,0",0.5,too small,12.6,"0,0,0,0,0",3,"0,0,0,0,0",0.2,too small,,,,,,,,,,,,Sophie,no,0
5,35,2,17,5,1,9/4/2019,,no,0,0,2,0,1,0,9.2,no leaves,5.2,no leaves,,,,,,,,,,,,,,,,,,,,Sophie,no,0
5,36,2,41,1,5,9/4/2019,,no,0,0,1,0,1,0,12.6,"0,0,0,0,0",,,,,,,,,,,,,,,,,,,,,,Sophie,no,0
5,37,2,8,3,3,9/4/2019,,nothing there,1,0,2,0,1,0,5.6,"0,0,0,0,0",3.2,no leaves,,,,,,,,,,,,,,,,,,,,Sophie,,0
5,38,2,72,4,3,9/4/2019,,no,0,0,0,2,1,0,,,,,,,,,,,,,,,,,,,,,,,,Sophie,no,0
5,39,2,77,5,1,9/4/2019,,no,0,0,2,0,1,0,17.1,"0,0,0,0,0",15.1,"0,0,0,0,0",,,,,,,,,,,,,,,,,,,,Sophie,no,0
5,40,2,14,1,4,9/4/2019,,nothing there,0,0,3,0,1,0,4.5,"0,0,0,0,0",5,"0,0,0,0,0",5.2,"0,0,0,0,0",,,,,,,,,,,,,,,,,,Sophie,,0
5,41,2,2,1,5,9/4/2019,,nothing there,1,0,1,0,0,0,5,"0,0,0,0,0",,,,,,,,,,,,,,,,,,,,,,Sophie,,0
5,42,2,39,5,3,9/4/2019,,no,0,0,1,1,1,0,4.2,"0,0,0,0,0",,,,,,,,,,,,,,,,,,,,,,Sophie,no,0
5,43,2,36,3,4,9/4/2019,,no,0,0,1,0,0,0,21.7,"0,0,0,0,0",,,,,,,,,,,,,,,,,,,,,,Sophie,yes,1
5,44,2,69,1,4,9/4/2019,,nothing there,1,0,1,0,1,0,3.3,"0,0,---",,,,,,,,,,,,,,,,,,,,,,Sophie,,0
5,45,2,64,1,2,9/4/2019,,maybe,0,0,2,0,1,0,12.2,"0,0,0,0,0",6.1,"0,0,0,0,0",,,,,,,,,,,,,,,,,,,,Sophie,no,0
5,46,2,29,5,4,9/4/2019,,no,0,0,0,1,1,0,,,,,,,,,,,,,,,,,,,,,,,,Sophie,no,0
6,1,1,36,4,4,9/2/2019,,no,0,0,1,3,1,0,1,too small,,,,,,,,,,,,,,,,,,,,,,Sophie,no,0
6,2,1,61,4,5,9/2/2019,,no,0,0,4,0,1,0,6.3,"2,1,8,0,0",7,"0,0,---",6.8,"3,2,5,0,0",9.5,"0,0,0,50,55",,,,,,,,,,,,,,,,Sophie,no,0
6,3,1,2,2,3,9/2/2019,,no,0,0,2,0,1,0,9,"0,0,0,0,2",12.5,"0,0,0,0,2",,,,,,,,,,,,,,,,,,,,Sophie,yes,1
6,4,1,27,3,3,9/2/2019,,no,0,0,2,0,1,0,3.5,"0,0,0,0,0",7,"0,15,50,4,0",,,,,,,,,,,,,,,,,,,,Sophie,no,0
6,5,1,11,2,4,9/2/2019,,no,0,0,0,2,1,0,,,,,,,,,,,,,,,,,,,,,,,,Sophie,no,0
6,6,1,12,1,4,9/2/2019,,no,0,0,3,0,1,0,7.1,"1,1,0,0,0",0.4,too small,0.1,too small,,,,,,,,,,,,,,,,,,Sophie,no,0
6,7,1,57,5,3,9/2/2019,,no,0,0,0,1,1,0,,,,,,,,,,,,,,,,,,,,,,,,Sophie,no,0
6,8,1,7,5,3,9/2/2019,,no,0,0,2,0,1,0,12,"0,0,0,0,0",15.9,"0,0,0,0,0",,,,,,,,,,,,,,,,,,,,Sophie,no,0
6,9,1,21,4,4,9/2/2019,,no,0,0,4,0,1,1,6.8,"0,0,0,0,0",23.8,"0,0,0,0,0",24,"0,0,0,0,0",22.4,"0,0,0,0,0",,,,,,,,,,,,,,,,Sophie,no,0
6,10,1,49,4,5,9/2/2019,,maybe,0,0,3,0,1,0,4.8,"0,0,---",3.1,"0,0,0,0,0",8.5,no leaves,,,,,,,,,,,,,,,,,,Sophie,no,0
6,11,1,40,5,5,9/2/2019,,no,0,0,4,0,1,0,9,"48,56,0,0,0",8.4,"0,0,0,0,0",8,"2,0,0,0,40",8.4,"20,25,0,0,0",,,,,,,,,,,,,,,,Sophie,no,0
6,12,1,7,5,2,9/2/2019,,no,0,0,2,0,1,0,18,no leaves,8.6,no leaves,,,,,,,,,,,,,,,,,,,,Sophie,yes,1
6,13,1,46,5,1,9/2/2019,,no,0,0,0,4,1,0,,,,,,,,,,,,,,,,,,,,,,,,Sophie,yes,1
6,14,1,36,2,5,9/2/2019,,maybe,0,0,2,0,1,0,3.2,no leaves,6.4,"0,0,0,0,0",,,,,,,,,,,,,,,,,,,,Sophie,no,0
6,15,1,26,1,2,9/2/2019,,no,1,0,3,0,1,0,3.5,no leaves,0.2,too small,4.3,"0,0,0,0,0",,,,,,,,,,,,,,,,,,Sophie,yes,1
6,16,1,51,2,1,9/2/2019,,maybe,0,0,2,1,1,0,6.7,"0,0,0,0,0",2.6,"0,0,0,0,0",,,,,,,,,,,,,,,,,,,,Sophie,no,0
6,17,1,46,1,3,9/2/2019,,maybe,1,1,3,1,1,0,4.3,"0,0,0,0,0",2.6,"0,0,0,0,0",7.5,no leaves,,,,,,,,,,,,,,,,,,Sophie,no,0
6,18,1,6,2,1,9/2/2019,,maybe,1,1,1,0,1,0,6.6,no leaves,,,,,,,,,,,,,,,,,,,,,,Sophie,no,0
6,19,1,19,5,2,9/2/2019,,no,0,0,1,0,0,0,0.5,too small,,,,,,,,,,,,,,,,,,,,,,Sophie,no,0
6,20,1,3,5,1,9/2/2019,,no,0,0,4,0,1,0,14.2,no leaves,6,"0,0,0,0,0",13.3,"0,0,0,0,0",11.2,"0,0,0,0,0",,,,,,,,,,,,,,,,Sophie,yes,1
6,21,1,29,4,5,9/2/2019,,maybe,1,0,0,1,1,0,,,,,,,,,,,,,,,,,,,,,,,,Sophie,no,0
6,22,1,79,4,1,9/2/2019,,no,0,0,3,0,1,0,3.4,"0,0,0,0,-",11.3,"0,0,0,0,-",3.1,"4,3,0,25,-",,,,,,,,,,,,,,,,,,Sophie,no,0
6,23,2,21,2,2,9/3/2019,,no,0,0,0,1,1,0,,,,,,,,,,,,,,,,,,,,,,,,Sophie,no,0
6,24,2,77,4,5,9/3/2019,,no,0,0,2,0,2,0,11.7,"0,0,0,0,0",3.7,"0,0,0,0,0",,,,,,,,,,,,,,,,,,,,Sophie,no,0
6,25,2,72,2,4,9/3/2019,,nothing there,1,0,1,0,1,0,5,no leaves,,,,,,,,,,,,,,,,,,,,,,Sophie,,0
6,26,2,1,1,3,9/3/2019,,no,0,0,1,0,1,0,14.2,"0,0,0,0,0",,,,,,,,,,,,,,,,,,,,,,Sophie,no,0
6,27,2,5,5,3,9/3/2019,,maybe,1,0,1,0,1,0,3.1,"0,0,---",,,,,,,,,,,,,,,,,,,,,,Sophie,no,0
6,28,2,36,1,1,9/3/2019,,no,0,0,2,0,1,0,5.7,"0,----",15.4,"0,0,0,0,0",,,,,,,,,,,,,,,,,,,,Sophie,no,0
6,29,2,62,3,4,9/3/2019,,maybe,1,0,2,0,1,0,7.1,"0,0,0,0,0",6.3,"0,0,0,0,0",,,,,,,,,,,,,,,,,,,,Sophie,no,0
6,30,2,12,5,4,9/3/2019,,no,0,0,0,1,1,0,,,,,,,,,,,,,,,,,,,,,,,,Sophie,no,0
6,31,2,18,4,3,9/3/2019,,nothing there,1,0,1,0,0,0,5.2,"0,0,0,0,0",,,,,,,,,,,,,,,,,,,,,,Sophie,,0
6,32,2,18,2,1,9/3/2019,,no,0,0,0,1,1,0,,,,,,,,,,,,,,,,,,,,,,,,Sophie,no,0
6,33,2,14,1,1,9/3/2019,,no,0,0,4,0,1,0,5.2,no leaves,7.5,no leaves,3,"0,0,0,0,0",3.1,"0,0,0,0,0",,,,,,,,,,,,,,,,Sophie,no,0
6,34,2,57,5,2,9/3/2019,,nothing there,1,1,,,,,,,,,,,,,,,,,,,,,,,,,,,,Sophie,,0
6,35,2,1,3,4,9/3/2019,,no,0,0,3,0,1,0,11.6,"0,0,0,0,0",8.6,"0,0,0,0,0",6.6,"0,0,0,0,0",,,,,,,,,,,,,,,,,,Sophie,no,0
6,36,2,74,2,3,9/3/2019,,no,0,0,3,0,1,0,10,no leaves,10.9,no leaves,5.1,"0,0,0,0,0",,,,,,,,,,,,,,,,,,Sophie,no,0
6,37,2,17,3,2,9/3/2019,,no,0,0,1,0,1,0,11.2,"0,0,0,0,0",,,,,,,,,,,,,,,,,,,,,,Sophie,no,0
6,38,2,1,4,5,9/3/2019,,maybe,1,0,0,1,1,0,,,,,,,,,,,,,,,,,,,,,,,,Sophie,no,0
6,39,2,62,4,1,9/3/2019,,no,0,0,7,0,1,0,21.9,no leaves,19.5,no leaves,9,"0,0,0,0,0",1.6,"0,0,0,0,0",5,"0,0,0,0,0",6,"0,0,0,0,0",8.4,"0,0,0,0,0",,,,,,,,,,Sophie,no,0
6,40,2,17,2,1,9/3/2019,,no,0,0,7,0,1,0,11,no leaves,6.6,"0,0,0,0,0",10.8,"0,0,0,0,0",13.2,"0,0,0,0,0",9,"0,0,0,0,0",4.2,"0,0,0,0,0",6.6,"0,0,0,0,0",,,,,,,,,,Sophie,no,0
6,41,2,42,1,2,9/3/2019,,no,0,0,1,0,1,0,13.5,no leaves,,,,,,,,,,,,,,,,,,,,,,Sophie,yes,1
6,42,2,4,3,4,9/3/2019,,nothing there,1,1,,,,,,,,,,,,,,,,,,,,,,,,,,,,Sophie,,0
6,43,2,79,2,5,9/3/2019,,no,0,0,2,0,1,0,4.7,"0,0,0,0,0",13.6,"0,0,0,0,0",,,,,,,,,,,,,,,,,,,,Sophie,no,0
6,44,2,17,5,2,9/3/2019,,no,0,0,0,1,1,0,,,,,,,,,,,,,,,,,,,,,,,,Sophie,no,0
6,45,2,18,2,4,9/3/2019,,maybe,1,0,4,0,1,0,3,"1,0,2,55,-",0.9,too small,0.1,too small,2,"0,0,95,98,0",,,,,,,,,,,,,,,,Sophie,no,0
6,46,2,7,4,3,9/3/2019,,no,0,0,3,0,1,0,6.6,no leaves,4.1,no leaves,1.5,no leaves,,,,,,,,,,,,,,,,,,Sophie,yes,1
7,1,1,3,2,5,9/2/2019,,no,0,0,3,0,1,0,5.3,"0,0,0,0,0",2.4,"0,0,0,0,0",5.3,"0,0,0,0,0",,,,,,,,,,,,,,,,,,Sophie,no,0
7,2,1,6,2,3,9/2/2019,,no,0,0,1,1,1,0,3,"0,0,0,0,0",,,,,,,,,,,,,,,,,,,,,,Sophie,yes,1
7,3,1,7,1,3,9/2/2019,,no,0,0,3,0,1,0,14.9,"5,50,5,0,0",0.5,"0,0,0,0,0",0.8,"0,0,0,0,0",,,,,,,,,,,,,,,,,,Sophie,no,0
7,4,1,47,2,2,9/2/2019,,no,0,0,1,2,1,0,1.6,too small,,,,,,,,,,,,,,,,,,,,,,Sophie,yes,1
7,5,1,62,1,5,9/2/2019,,maybe,1,0,0,1,1,0,,,,,,,,,,,,,,,,,,,,,,,,Sophie,no,0
7,6,1,64,2,3,9/2/2019,,nothing there,1,1,,,,,,,,,,,,,,,,,,,,,,,,,,,,Sophie,,0
7,7,1,67,2,1,9/2/2019,,no,0,0,1,0,1,0,17.3,"15,0,40,95,0",,,,,,,,,,,,,,,,,,,,,,Sophie,no,0
7,8,1,5,5,4,9/2/2019,,no,0,0,1,0,1,0,15,"0,0,0,0,0",,,,,,,,,,,,,,,,,,,,,,Sophie,no,0
7,9,1,39,2,4,9/2/2019,,no,0,0,4,0,1,0,3,"0,0,0,0,0",0.4,no leaves,4,"0,0,0,0,0",11.5,"0,0,0,0,0",,,,,,,,,,,,,,,,Sophie,no,0
7,10,1,79,3,4,9/2/2019,,no,0,0,2,0,1,0,7.2,"0,0,0,0,0",7.2,"0,0,0,0,0",,,,,,,,,,,,,,,,,,,,Sophie,no,0
7,11,1,47,4,4,9/2/2019,,no,0,0,2,0,1,0,10.1,"0,0,0,0,0",12.5,"0,0,0,0,0",,,,,,,,,,,,,,,,,,,,Sophie,no,0
7,12,1,4,4,2,9/2/2019,,no,0,0,0,1,1,0,,,,,,,,,,,,,,,,,,,,,,,,Sophie,no,0
7,13,1,19,2,2,9/2/2019,,maybe,0,0,1,0,1,0,5.1,no leaves,,,,,,,,,,,,,,,,,,,,,,Sophie,no,0
7,14,1,46,5,5,9/2/2019,,maybe,1,0,1,0,0,0,4.1,"0,0,0,0,0",,,,,,,,,,,,,,,,,,,,,,Sophie,no,0
7,15,1,7,4,4,9/2/2019,,nothing there,1,0,2,0,1,0,2,"0,0,0,0,0",5,"0,0,0,0,2",,,,,,,,,,,,,,,,,,,,Sophie,,0
7,16,1,68,1,5,9/2/2019,,nothing there,1,0,6,0,1,0,2,"0,0,0,0,0",3,"0,0,0,0,0",1.5,"0,0,0,0,0",6,"0,0,0,0,0",2.4,no leaves,2.9,"0,0,0,0,0",,,,,,,,,,,,Sophie,,0
7,17,1,5,2,4,9/2/2019,,nothing there,1,0,0,1,1,0,,,,,,,,,,,,,,,,,,,,,,,,Sophie,,0
7,18,1,5,3,2,9/2/2019,,maybe,0,0,2,1,1,0,2.2,"0,0,0,0,0",6.2,"2,4,2,0,0",,,,,,,,,,,,,,,,,,,,Sophie,no,0
7,19,1,29,1,2,9/2/2019,,nothing there,1,0,2,0,1,0,0.8,too small,3.9,no leaves,,,,,,,,,,,,,,,,,,,,Sophie,,0
7,20,1,79,3,3,9/2/2019,,no,0,0,1,0,1,0,10.2,no leaves,,,,,,,,,,,,,,,,,,,,,,Sophie,no,0
7,21,1,35,3,2,9/2/2019,,maybe,1,0,2,0,1,0,8,"0,0,0,0,0",3,"0,0,0,0,0",,,,,,,,,,,,,,,,,,,,Sophie,yes,1
7,22,1,35,4,4,9/2/2019,,maybe,1,0,5,0,1,0,2.6,no leaves,3,"0,0,0,0,0",7.1,"0,0,0,0,0",8.2,"0,0,0,0,0",5.8,"0,0,0,0,0",,,,,,,,,,,,,,Sophie,yes,1
7,23,2,14,4,4,9/3/2019,,nothing there,1,0,1,0,1,0,4.5,"0,0,0,0,0",,,,,,,,,,,,,,,,,,,,,,Sophie,,0
7,24,2,7,2,3,9/3/2019,,no,0,0,2,1,1,0,11.2,no leaves,9.4,"0,0,0,0,0",,,,,,,,,,,,,,,,,,,,Sophie,yes,1
7,25,2,12,2,4,9/3/2019,,nothing there,1,0,2,0,1,0,0.3,"0,0,---",5.1,"0,0,0,0,0",,,,,,,,,,,,,,,,,,,,Sophie,,0
7,26,2,67,1,5,9/3/2019,,no,0,0,1,2,1,0,3,"0,0,0,0,0",,,,,,,,,,,,,,,,,,,,,,Sophie,no,0
7,27,2,30,2,4,9/3/2019,,no,0,0,3,3,1,0,1.4,"0,0,0,0,0",2.4,"0,0,0,0,0",11.3,"0,0,0,0,0",,,,,,,,,,,,,,,,,,Sophie,yes,1
7,28,2,8,2,2,9/3/2019,,no,0,0,1,2,1,0,14,no leaves,,,,,,,,,,,,,,,,,,,,,,Sophie,no,0
7,29,2,39,2,5,9/3/2019,,maybe,0,0,2,0,1,0,18.2,"0,0,0,0,0",11,"0,0,0,0,3",,,,,,,,,,,,,,,,,,,,Sophie,no,0
7,30,2,56,3,5,9/3/2019,,no,0,0,1,0,1,0,12.1,no leaves,,,,,,,,,,,,,,,,,,,,,,Sophie,no,0
7,31,2,62,2,3,9/3/2019,,maybe,1,0,1,0,1,0,10.5,"0,0,0,0,0",,,,,,,,,,,,,,,,,,,,,,Sophie,no,0
7,32,2,5,1,4,9/3/2019,,nothing there,1,1,,,,,,,,,,,,,,,,,,,,,,,,,,,,Sophie,,0
7,33,2,12,2,2,9/3/2019,,no,0,0,4,0,1,0,6.5,"0,0,0,0,0",16.5,"0,0,0,0,0",16.5,"0,0,0,0,0",20.4,"0,0,0,0,0",,,,,,,,,,,,,,,,Sophie,no,0
7,34,2,57,4,5,9/3/2019,,maybe,0,0,1,0,1,0,5.6,"0,0,0,0,-",,,,,,,,,,,,,,,,,,,,,,Sophie,no,0
7,35,2,62,3,5,9/3/2019,,nothing there,1,1,,,,,,,,,,,,,,,,,,,,,,,,,,,,Sophie,,0
7,36,2,79,5,1,9/3/2019,,no,0,0,1,0,1,0,14.5,"0,0,0,0,0",,,,,,,,,,,,,,,,,,,,,,Sophie,no,0
7,37,2,1,1,1,9/3/2019,,no,0,0,3,0,1,0,1.5,"0,0,0,0,0",3.5,"0,0,0,0,0",18.2,"0,0,0,0,0",,,,,,,,,,,,,,,,,,Sophie,no,0
7,38,2,64,3,4,9/3/2019,,maybe,1,0,1,0,1,0,15.5,"0,0,0,0,0",,,,,,,,,,,,,,,,,,,,,,Sophie,no,0
7,39,2,19,5,3,9/3/2019,,nothing there,1,0,2,0,1,0,11.5,no leaves,0.6,too small,,,,,,,,,,,,,,,,,,,,Sophie,,0
7,40,2,30,4,4,9/3/2019,,no,0,0,2,1,1,0,1.7,"0,0,0,0,0",17.6,no leaves,,,,,,,,,,,,,,,,,,,,Sophie,no,0
7,41,2,16,3,5,9/3/2019,,no,0,0,5,2,1,0,1.2,"0,0,0,0,0",5.2,"0,0,0,0,0",6.1,"0,0,0,0,0",11.3,"0,0,0,0,0",2.6,"0,0,0,0,0",,,,,,,,,,,,,,Sophie,no,0
7,42,2,13,3,1,9/3/2019,,nothing there,1,1,,,,,,,,,,,,,,,,,,,,,,,,,,,,Sophie,,0
7,43,2,27,4,3,9/3/2019,,nothing there,1,1,,,,,,,,,,,,,,,,,,,,,,,,,,,,Sophie,,0
7,44,2,11,2,5,9/3/2019,,no,0,0,0,1,1,0,,,,,,,,,,,,,,,,,,,,,,,,Sophie,yes,1
7,45,2,2,5,4,9/3/2019,,maybe,1,0,1,0,1,0,3.2,no leaves,,,,,,,,,,,,,,,,,,,,,,Sophie,no,0
7,46,2,29,5,2,9/3/2019,,no,0,0,1,0,1,0,12.1,no leaves,,,,,,,,,,,,,,,,,,,,,,Sophie,no,0
8,1,1,9,2,1,9/2/2019,,no,0,0,1,1,1,0,11.8,no leaves,,,,,,,,,,,,,,,,,,,,,,Sophie,no,0
8,2,1,57,1,2,9/2/2019,,no,0,0,2,0,1,0,8.3,no leaves,12.5,no leaves,,,,,,,,,,,,,,,,,,,,Sophie,no,0
8,3,1,67,3,2,9/2/2019,,maybe,0,0,1,0,1,0,10.7,"0,0,0,0,0",,,,,,,,,,,,,,,,,,,,,,Sophie,no,0
8,4,1,21,5,1,9/2/2019,,maybe,1,0,2,0,0,0,9.2,"4,78,0,0,0",1.2,too small,,,,,,,,,,,,,,,,,,,,Sophie,no,0
8,5,1,13,5,4,9/2/2019,,no,0,0,3,0,1,0,6.5,"0,0,0,0,0",11,"0,0,0,0,0",14,"0,0,0,0,65",,,,,,,,,,,,,,,,,,Sophie,no,0
8,6,1,74,1,3,9/2/2019,,no,0,0,2,4,1,0,5.3,"0,0,0,0,0",2.7,"0,0,0,0,0",,,,,,,,,,,,,,,,,,,,Sophie,yes,1
8,7,1,17,1,4,9/2/2019,,no,0,0,0,1,1,0,,,,,,,,,,,,,,,,,,,,,,,,Sophie,no,0
8,8,1,15,4,4,9/2/2019,,no,0,0,2,0,1,0,16,"0,0,0,0,0",3,"0,0,0,0,-",,,,,,,,,,,,,,,,,,,,Sophie,no,0
8,9,1,7,3,2,9/2/2019,,no,0,0,3,0,1,0,4,"0,0,0,0,0",7.4,"0,0,0,0,0",17.4,"0,0,0,0,0",,,,,,,,,,,,,,,,,,Sophie,yes,1
8,10,1,12,3,2,9/2/2019,,no,0,0,1,0,1,0,12.7,no leaves,,,,,,,,,,,,,,,,,,,,,,Sophie,no,0
8,11,1,11,4,5,9/2/2019,,no,0,0,1,0,1,0,21.4,no leaves,,,,,,,,,,,,,,,,,,,,,,Sophie,no,0
8,12,1,20,5,1,9/2/2019,,no,0,0,0,3,1,0,,,,,,,,,,,,,,,,,,,,,,,,Sophie,no,0
8,13,1,72,4,5,9/2/2019,,nothing there,1,0,1,0,1,0,14.3,"0,0,0,0,0",,,,,,,,,,,,,,,,,,,,,,Sophie,,0
8,14,1,62,2,5,9/2/2019,,maybe,0,0,2,0,1,0,11.1,no leaves,12.6,no leaves,,,,,,,,,,,,,,,,,,,,Sophie,no,0
8,15,1,15,1,5,9/2/2019,,no,0,0,2,1,1,0,8.5,no leaves,4.6,"0,0,0,0,0",,,,,,,,,,,,,,,,,,,,Sophie,no,0
8,16,1,14,3,2,9/2/2019,,no,0,0,1,0,1,0,12.1,"0,0,---",,,,,,,,,,,,,,,,,,,,,,Sophie,no,0
8,17,1,57,3,2,9/2/2019,,no,0,0,2,0,1,0,4.3,"0,0,0,0,0",11.1,"0,0,0,0,0",,,,,,,,,,,,,,,,,,,,Sophie,no,0
8,18,1,62,1,2,9/2/2019,,no,0,0,2,0,1,0,2.3,"0,0,0,0,0",11.8,"0,0,0,0,0",,,,,,,,,,,,,,,,,,,,Sophie,no,0
8,19,1,47,5,1,9/2/2019,,maybe,1,0,2,0,1,0,6.3,"0,0,0,0,1",2,no leaves,,,,,,,,,,,,,,,,,,,,Sophie,no,0
8,20,1,15,5,1,9/2/2019,,no,0,0,2,2,1,0,1.2,too small,0.3,too small,,,,,,,,,,,,,,,,,,,,Sophie,no,0
8,21,1,16,2,1,9/2/2019,,no,0,0,5,0,5,0,1.6,"0,0,0,0,0",0.3,too small,2,"0,0,0,0,0",3.4,"0,0,0,0,0",3.2,"0,0,0,0,0",,,,,,,,,,,,,,Sophie,no,0
8,22,1,29,4,3,9/2/2019,,no,0,0,1,3,1,0,3,"0,0,0,0,0",,,,,,,,,,,,,,,,,,,,,,Sophie,no,0
8,23,2,68,5,2,9/3/2019,,maybe,1,0,1,0,1,0,4.9,"0,0,0,0,0",,,,,,,,,,,,,,,,,,,,,,Sophie,no,0
8,24,2,4,2,2,9/3/2019,,no,1,0,1,0,0,0,1.2,"0,0,0,0,0",,,,,,,,,,,,,,,,,,,,,,Sophie,yes,1
8,25,2,46,2,5,9/3/2019,,no,0,0,2,3,1,0,2.7,no leaves,3.6,"10,48,25,0,0",,,,,,,,,,,,,,,,,,,,Sophie,no,0
8,26,2,68,4,1,9/3/2019,,no,0,0,2,0,1,0,10,no leaves,11.1,"0,0,0,0,0",,,,,,,,,,,,,,,,,,,,Sophie,no,0
8,27,2,6,3,5,9/3/2019,,no,0,0,1,0,1,0,12.3,no leaves,,,,,,,,,,,,,,,,,,,,,,Sophie,yes,1
8,28,2,7,1,2,9/3/2019,,maybe,0,0,2,0,1,0,9.4,"0,0,0,0,0",6.1,"0,0,0,0,0",,,,,,,,,,,,,,,,,,,,Sophie,no,0
8,29,2,35,3,5,9/3/2019,,maybe,0,0,0,1,1,0,,,,,,,,,,,,,,,,,,,,,,,,Sophie,no,0
8,30,2,39,3,3,9/3/2019,,no,0,0,1,0,1,0,16.4,"0,0,0,0,0",,,,,,,,,,,,,,,,,,,,,,Sophie,no,0
8,31,2,62,4,4,9/3/2019,,no,1,0,1,0,1,0,3.2,"0,0,0,0,0",13.5,no leaves,,,,,,,,,,,,,,,,,,,,Sophie,no,0
8,32,2,4,3,3,9/3/2019,,no,0,0,1,0,1,0,4.5,"0,0,0,0,0",,,,,,,,,,,,,,,,,,,,,,Sophie,no,0
8,33,2,21,1,2,9/3/2019,,no,0,0,1,0,1,0,19.3,no leaves,,,,,,,,,,,,,,,,,,,,,,Sophie,yes,1
8,34,2,77,4,3,9/3/2019,,no,1,0,2,0,1,0,4.1,"0,0,0,0,0",15.1,"0,0,0,0,0",,,,,,,,,,,,,,,,,,,,Sophie,yes,1
8,35,2,17,4,2,9/3/2019,,no,0,0,5,0,1,0,12.6,"0,0,0,0,0",4,"0,0,0,0,0",2,"0,0,---",3.1,"0,0,0,0,0",,,,,,,,,,,,,,,,Sophie,yes,1
8,36,2,27,5,2,9/3/2019,,no,0,0,1,1,1,0,2,too small,,,,,,,,,,,,,,,,,,,,,,Sophie,no,0
8,37,2,26,1,1,9/3/2019,,no,0,0,4,0,1,0,2,"0,0,0,0,0",0.2,"0,0,0,0,0",3,"0,0,0,0,0",9,"0,0,0,0,0",,,,,,,,,,,,,,,,Sophie,no,0
8,38,2,17,3,1,9/3/2019,,no,0,0,4,0,1,0,9,no leaves,15.5,no leaves,2.8,no leaves,9,no leaves,,,,,,,,,,,,,,,,Sophie,no,0
8,39,2,5,4,1,9/3/2019,,no,0,0,5,0,1,0,19.8,no leaves,20.8,no leaves,2,too small,1.3,too small,1.6,too small,,,,,,,,,,,,,,Sophie,no,0
8,40,2,39,3,5,9/3/2019,,nothing there,0,0,4,0,1,0,1.5,"0,0,0,0,0",4.2,"0,0,0,0,0",4,"5,4,70,0,0",7,"0,0,96,94,0",,,,,,,,,,,,,,,,Sophie,,0
8,41,2,64,2,2,9/3/2019,,maybe,1,0,1,0,0,0,3.1,"0,0,0,0,1",,,,,,,,,,,,,,,,,,,,,,Sophie,no,0
8,42,2,64,3,3,9/3/2019,,no,0,0,2,0,1,0,6,"0,0,0,0,0",4,0----,,,,,,,,,,,,,,,,,,,,Sophie,no,0
8,43,2,39,4,1,9/3/2019,,no,0,0,2,0,0,0,21,"0,0,0,0,0",21,"0,0,0,1,5",,,,,,,,,,,,,,,,,,,,Sophie,no,0
8,44,2,62,1,3,9/3/2019,,no,0,0,0,2,1,0,,,,,,,,,,,,,,,,,,,,,,,,Sophie,no,0
8,45,2,67,2,2,9/3/2019,,maybe,1,0,1,0,1,0,4.3,"0,0,0,0,0",,,,,,,,,,,,,,,,,,,,,,Sophie,no,0
8,46,2,67,5,3,9/3/2019,,no,0,0,0,1,1,0,,,,,,,,,,,,,,,,,,,,,,,,Sophie,no,0
9,1,1,28,1,5,9/2/2019,,no,0,1,,,,,,,,,,,,,,,,,,,,,,,,,,,,Sophie,no,0
9,2,1,4,3,1,9/2/2019,,no,0,0,1,0,1,0,15.9,"0,0,0,0,0",,,,,,,,,,,,,,,,,,,,,,Sophie,no,0
9,3,1,12,3,1,9/2/2019,,nothing there,1,1,,,,,,,,,,,,,,,,,,,,,,,,,,,,Sophie,,0
9,4,1,27,4,1,9/2/2019,,no,0,0,2,0,1,0,7,no leaves,3.1,no leaves,,,,,,,,,,,,,,,,,,,,Sophie,no,0
9,5,1,1,4,3,9/2/2019,,no,0,0,2,0,0,0,16.5,"2,78,22,35,0",3,"0,0,0,0,0",,,,,,,,,,,,,,,,,,,,Sophie,no,0
9,6,1,49,5,5,9/2/2019,,no,0,0,3,0,1,0,8,"0,0,0,0,0",9,"0,0,0,0,0",9.6,"0,0,0,0,0",,,,,,,,,,,,,,,,,,Sophie,no,0
9,7,1,39,3,4,9/2/2019,,maybe,1,0,2,0,1,0,11,no leaves,9,no leaves,,,,,,,,,,,,,,,,,,,,Sophie,no,0
9,8,1,77,3,1,9/2/2019,,no,0,0,1,0,1,0,12.6,"0,0,0,0,0",,,,,,,,,,,,,,,,,,,,,,Sophie,no,0
9,9,1,3,2,2,9/2/2019,,maybe,1,0,1,0,1,0,5.6,"0,0,0,0,0",,,,,,,,,,,,,,,,,,,,,,Sophie,no,0
9,10,1,69,2,4,9/2/2019,,maybe,1,0,1,0,1,0,9.8,"0,0,0,0,0",,,,,,,,,,,,,,,,,,,,,,Sophie,no,0
9,11,1,17,2,5,9/2/2019,,maybe,0,0,1,0,0,0,4.5,"0,0,0,0,0",,,,,,,,,,,,,,,,,,,,,,Sophie,no,0
9,12,1,51,4,2,9/2/2019,,no,0,0,3,0,0,0,3.5,"0,0,0,0,0",2.3,"0,0,0,0,0",2.3,"0,0,0,0,0",,,,,,,,,,,,,,,,,,Sophie,no,0
9,13,1,79,1,1,9/2/2019,,no,0,0,2,0,1,0,9.3,"0,0,0,0,0",8,no leaves,,,,,,,,,,,,,,,,,,,,Sophie,no,0
9,14,1,5,5,5,9/2/2019,,nothing there,1,1,,,,,,,,,,,,,,,,,,,,,,,,,,,,Sophie,,0
9,15,1,13,5,2,9/2/2019,,maybe,1,1,,,,,,,,,,,,,,,,,,,,,,,,,,,,Sophie,no,0
9,16,1,30,5,3,9/2/2019,,no,0,0,5,0,1,0,5.7,"0,0,0,0,0",5.3,no leaves,6,"0,0,0,0,0",4.5,"0,0,0,0,0",6.3,no leaves,,,,,,,,,,,,,,Sophie,no,0
9,17,1,39,3,2,9/2/2019,,nothing there,1,0,1,0,0,0,4.2,"0,0,0,0,0",,,,,,,,,,,,,,,,,,,,,,Sophie,,0
9,18,1,20,1,2,9/2/2019,,nothing there,1,1,,,,,,,,,,,,,,,,,,,,,,,,,,,,Sophie,,0
9,19,1,72,3,1,9/2/2019,,no,0,0,4,0,1,0,9.5,no leaves,12.6,no leaves,6.3,no leaves,11.1,no leaves,,,,,,,,,,,,,,,,Sophie,no,0
9,20,1,7,3,3,9/2/2019,,no,0,0,2,0,1,0,10.4,no leaves,12.5,"0,0,0,0,0",,,,,,,,,,,,,,,,,,,,Sophie,no,0
9,21,1,79,4,2,9/2/2019,,no,0,0,2,0,1,0,12,"0,0,0,0,0",9.8,"0,0,0,0,0",,,,,,,,,,,,,,,,,,,,Sophie,no,0
9,22,1,15,3,5,9/2/2019,,nothing there,1,1,,,,,,,,,,,,,,,,,,,,,,,,,,,,Sophie,,0
9,23,2,45,2,1,9/2/2019,,no,1,0,1,0,1,0,7.5,"0,0,0,2,1",,,,,,,,,,,,,,,,,,,,,,Sophie,yes,1
9,24,2,27,4,5,9/3/2019,,maybe,1,0,2,0,1,0,7,"0,0,0,0,0",2.5,"0,0,0,0,0",,,,,,,,,,,,,,,,,,,,Sophie,no,0
9,25,2,64,5,3,9/3/2019,,no,0,0,1,0,1,0,8.5,"0,0,0,0,0",,,,,,,,,,,,,,,,,,,,,,Sophie,no,0
9,26,2,77,1,2,9/3/2019,,no,0,0,2,0,1,0,3,"0,0,0,0,0",10.6,"0,0,0,0-",,,,,,,,,,,,,,,,,,,,Sophie,no,0
9,27,2,64,2,4,9/3/2019,,nothing there,1,1,,,,,,,,,,,,,,,,,,,,,,,,,,,,Sophie,,0
9,28,2,7,3,5,9/3/2019,,no,0,0,2,1,1,0,3,"0,0,0,0,0",1.8,"0,0,0,0,0",,,,,,,,,,,,,,,,,,,,Sophie,no,0
9,29,2,35,4,1,9/3/2019,,maybe,0,0,4,0,1,0,4,"0,0,0,0,1",1.1,no leaves,8.3,"0,0,0,0,0",6.2,"0,0,0,0,0",,,,,,,,,,,,,,,,Sophie,no,0
9,30,2,36,4,1,9/3/2019,,maybe,1,1,,,,,,,,,,,,,,,,,,,,,,,,,,,,Sophie,no,0
9,31,2,45,2,4,9/3/2019,,maybe,1,0,1,0,0,0,16.7,"0,0,0,0,0",,,,,,,,,,,,,,,,,,,,,,Sophie,no,0
9,32,2,15,3,1,9/3/2019,,no,0,0,4,0,1,0,22.5,"0,0,0,0,0",2,"0,0,0,0,0",2.7,"0,0,0,0,0",5.5,"0,0,0,0,0",,,,,,,,,,,,,,,,Sophie,no,0
9,33,2,77,5,3,9/3/2019,,no,0,0,2,0,1,0,14,"0,0,0,0,0",3.5,"0,0,0,0,0",,,,,,,,,,,,,,,,,,,,Sophie,no,0
9,34,2,36,3,1,9/3/2019,,maybe,1,1,,,,,,,,,,,,,,,,,,,,,,,,,,,,Sophie,no,0
9,35,2,49,3,1,9/3/2019,,no,0,0,3,0,1,0,3.2,"0,0,0,0,0",10.1,no leaves,6.7,"0,0,0,0,0",,,,,,,,,,,,,,,,,,Sophie,no,0
9,36,2,39,5,2,9/3/2019,,maybe,1,0,1,0,0,0,11.2,,,,,,,,,,,,,,,,,,,,,,,Sophie,no,0
9,37,2,6,4,4,9/3/2019,,no,0,0,1,0,0,0,16,"0,0,0,60,54",,,,,,,,,,,,,,,,,,,,,,Sophie,no,0
9,38,2,57,5,4,9/3/2019,,no,0,0,1,0,1,0,4,no leaves,,,,,,,,,,,,,,,,,,,,,,Sophie,no,0
9,39,2,15,5,4,9/3/2019,,no,0,0,2,0,1,0,12.5,"0,0,0,0,0",8,"0,0,0,0,0",,,,,,,,,,,,,,,,,,,,Sophie,no,0
9,40,2,62,5,5,9/3/2019,,no,0,0,4,0,1,0,2,"0,0,0,0,0",10.5,"0,0,0,0,0",11.8,"0,0,0,0,0",10.5,"0,0,0,0,0",,,,,,,,,,,,,,,,Sophie,no,0
9,41,2,17,3,5,9/3/2019,,no,0,0,1,0,1,0,16.3,"0,0,0,0,0",,,,,,,,,,,,,,,,,,,,,,Sophie,no,0
9,42,2,47,5,4,9/3/2019,,maybe,1,0,2,0,1,0,1.8,no leaves,9.1,"0,0,0,19,52",6.1,"0,0,0,0,45",,,,,,,,,,,,,,,,,,Sophie,no,0
9,43,2,35,2,2,9/3/2019,,no,0,0,0,1,1,0,,,,,,,,,,,,,,,,,,,,,,,,Sophie,no,0
9,44,2,5,2,3,9/3/2019,,no,0,0,1,0,1,0,7.4,"0,0,0,0,0",,,,,,,,,,,,,,,,,,,,,,Sophie,no,0
9,45,2,72,3,4,9/3/2019,,no,0,0,0,1,1,0,,,,,,,,,,,,,,,,,,,,,,,,Sophie,no,0
9,46,2,1,1,4,9/3/2019,,no,0,0,1,0,1,0,14.8,"0,45,50,4,53",,,,,,,,,,,,,,,,,,,,,,Sophie,no,0
10,1,1,14,4,5,9/2/2019,,nothing there,1,0,1,0,0,0,4.1,"0,0,0,0,0",,,,,,,,,,,,,,,,,,,,,,Sophie,,0
10,2,1,62,4,5,9/2/2019,,maybe,1,0,2,0,1,0,11.8,"0,0,0,0,0",9.1,"0,0,0,0,0",,,,,,,,,,,,,,,,,,,,Sophie,no,0
10,3,1,79,3,1,9/2/2019,,no,0,0,0,1,1,0,,,,,,,,,,,,,,,,,,,,,,,,Sophie,no,0
10,4,1,56,4,1,9/2/2019,,no,0,0,1,0,1,0,6.3,"0,0,0,0,0",,,,,,,,,,,,,,,,,,,,,,Sophie,no,0
10,5,1,1,5,2,9/2/2019,,no,0,0,2,0,1,0,11.8,"0,0,0,0,0",15.7,"0,0,0,0,0",,,,,,,,,,,,,,,,,,,,Sophie,no,0
10,6,1,62,4,2,9/2/2019,,maybe,1,0,1,0,1,0,4.6,no leaves,,,,,,,,,,,,,,,,,,,,,,Sophie,no,0
10,7,1,7,3,4,9/2/2019,,no,0,1,,,,,,,,,,,,,,,,,,,,,,,,,,,,Sophie,no,0
10,8,1,42,1,1,9/2/2019,,no,0,0,3,1,1,0,7.7,"0,0,0,0,22",5,"0,0,0,0,0",9.9,"0,0,0,0,0",,,,,,,,,,,,,,,,,,Sophie,no,0
10,9,1,69,1,2,9/2/2019,,no,0,0,2,0,1,0,12.5,"0,0,0,0,0",9.6,no leaves,,,,,,,,,,,,,,,,,,,,Sophie,no,0
10,10,1,67,4,5,9/2/2019,,maybe,0,0,2,0,1,0,1.1,"0,0,0,0,0",14.1,"0,0,0,0,0",,,,,,,,,,,,,,,,,,,,Sophie,no,0
10,11,1,16,3,3,9/2/2019,,no,0,0,0,1,1,0,,,,,,,,,,,,,,,,,,,,,,,,Sophie,no,0
10,12,1,72,4,4,9/2/2019,,no,0,0,1,0,1,0,7.6,"35,0,80,96,98",,,,,,,,,,,,,,,,,,,,,,Sophie,no,0
10,13,1,12,3,4,9/2/2019,,no,0,0,1,0,1,0,12.1,"0,0,0,0,3",,,,,,,,,,,,,,,,,,,,,,Sophie,no,0
10,14,1,42,2,1,9/2/2019,,no,0,0,0,2,1,0,,,,,,,,,,,,,,,,,,,,,,,,Sophie,no,0
10,15,1,61,3,3,9/2/2019,,no,0,0,2,0,1,0,3.3,"0,0,0,0,0",9,"0,0,0,0,0",,,,,,,,,,,,,,,,,,,,Sophie,no,0
10,16,1,23,1,4,9/2/2019,,no,0,0,5,1,1,0,16.5,no leaves,9,no leaves,3.6,"51,48,75,28-",4.5,"0,0,0,0,0",1.4,"0,0,0,0,0",,,,,,,,,,,,,,Sophie,no,0
10,17,1,17,5,3,9/2/2019,,no,0,0,1,3,1,0,1,too small,,,,,,,,,,,,,,,,,,,,,,Sophie,no,0
10,18,1,72,1,5,9/2/2019,,no,0,0,1,0,1,0,12.6,"0,0,0,0,-",,,,,,,,,,,,,,,,,,,,,,Sophie,no,0
10,19,1,9,2,4,9/2/2019,,no,0,0,1,0,1,0,12.1,"0,0,0,0,-",,,,,,,,,,,,,,,,,,,,,,Sophie,no,0
10,20,1,31,2,1,9/2/2019,,no,0,0,4,0,1,0,3.3,"96,96,50,0,20",2,no leaves,1.7,too small,5.5,no leaves,,,,,,,,,,,,,,,,Sophie,no,0
10,21,1,47,5,2,9/2/2019,,maybe,1,0,1,0,0,0,2.7,"0,0,0,0-",,,,,,,,,,,,,,,,,,,,,,Sophie,no,0
10,22,1,46,1,1,9/2/2019,,no,0,0,1,0,1,0,19.8,"0,0,0,0,0",,,,,,,,,,,,,,,,,,,,,,Sophie,no,0
10,23,1,31,3,3,9/2/2019,,no,0,0,1,0,1,0,5.8,no leaves,,,,,,,,,,,,,,,,,,,,,,Sophie,no,0
10,24,2,5,3,5,9/3/2019,,no,0,0,1,0,1,0,9.1,no leaves,,,,,,,,,,,,,,,,,,,,,,Sophie,no,0
10,25,2,14,1,3,9/3/2019,,no,0,0,8,0,1,0,4.2,"0,0,0,0,0",2,"0,0,0,0,0",3.4,"0,0,0,0,0",5,"0,0,0,0,0",10,"0,0,0,0,5",5.3,no leaves,11.2,no leaves,5.1,no leaves,,,,,,,,Sophie,no,0
10,26,2,3,5,4,9/3/2019,,no,0,0,0,1,1,0,,,,,,,,,,,,,,,,,,,,,,,,Sophie,no,0
10,27,2,30,3,3,9/3/2019,,no,0,0,1,1,1,0,12.6,no leaves,,,,,,,,,,,,,,,,,,,,,,Sophie,no,0
10,28,2,61,4,1,9/3/2019,,no,0,0,2,0,1,0,20.3,no leaves,2,too small,,,,,,,,,,,,,,,,,,,,Sophie,yes,1
10,29,2,31,5,2,9/3/2019,,maybe,0,0,1,0,1,0,9.3,no leaves,,,,,,,,,,,,,,,,,,,,,,Sophie,no,0
10,30,2,41,2,4,9/3/2019,,maybe,1,0,1,0,1,0,9.3,no leaves,,,,,,,,,,,,,,,,,,,,,,Sophie,no,0
10,31,2,47,4,1,9/3/2019,,no,0,0,1,1,1,0,11,"0,0,0,0,0",,,,,,,,,,,,,,,,,,,,,,Sophie,yes,1
10,32,2,16,1,2,9/3/2019,,no,1,1,,,,,,,,,,,,,,,,,,,,,,,,,,,,Sophie,no,0
10,33,2,28,4,5,9/3/2019,,no,0,0,3,0,1,0,11,"0,2,0,0,1",11.5,"0,0,0,0,0",19.5,"0,0,0,0,0",,,,,,,,,,,,,,,,,,Sophie,no,0
10,34,2,5,5,2,9/3/2019,,no,0,0,1,0,1,0,15.5,"0,0,0,0,0",,,,,,,,,,,,,,,,,,,,,,Sophie,no,0
10,35,2,56,2,4,9/3/2019,,maybe,1,0,2,0,1,0,8,"0,0,0,0,0",2.2,"0,0,0,0,0",,,,,,,,,,,,,,,,,,,,Sophie,no,0
10,36,2,72,5,1,9/3/2019,,no,0,0,2,1,1,0,12,"0,0,0,0,0",9.5,"0,0,0,0,0",,,,,,,,,,,,,,,,,,,,Sophie,no,0
10,37,2,57,1,1,9/3/2019,,no,0,0,3,0,1,0,6.4,"0,0,0,0,0",7.1,"0,0,0,0,0",15,no leaves,,,,,,,,,,,,,,,,,,Sophie,no,0
10,38,2,57,1,3,9/3/2019,,no,0,0,3,3,1,0,2.5,"0,0,0,--",4,"50,0,40,0,0",2.5,"0,0,0,0,0",,,,,,,,,,,,,,,,,,Sophie,no,0
10,39,2,79,3,5,9/3/2019,,maybe,0,0,1,3,1,0,0.1,too small,,,,,,,,,,,,,,,,,,,,,,Sophie,no,0
10,40,2,68,4,4,9/3/2019,,no,0,0,1,1,1,0,9.2,"0,0,0,0,0",,,,,,,,,,,,,,,,,,,,,,Sophie,no,0
10,41,4,15,2,1,9/2/2019,,no,0,0,3,0,1,0,9.6,no leaves,10.1,"0,0,0,0,0",0.3,too small,,,,,,,,,,,,,,,,,,Sophie,no,0
10,42,4,5,4,4,9/2/2019,,no,0,0,3,0,0,0,3.8,"0,0,0,0,0",5.1,"0,0,0,0,0",6,"0,0,0,0,0",,,,,,,,,,,,,,,,,,Sophie,no,0
10,43,4,32,1,4,9/2/2019,,maybe,1,0,2,0,1,0,2.3,"0,0,---",4,no leaves,,,,,,,,,,,,,,,,,,,,Sophie,no,0
10,44,4,61,1,1,9/2/2019,,no,0,0,0,2,1,0,,,,,,,,,,,,,,,,,,,,,,,,Sophie,yes,1
10,45,4,31,3,2,9/2/2019,,no,0,0,0,1,1,0,,,,,,,,,,,,,,,,,,,,,,,,Sophie,no,0
10,46,4,47,4,2,9/2/2019,,no,0,0,2,0,1,0,0.6,"50,0,---",6.2,"0,0,0,0,0",,,,,,,,,,,,,,,,,,,,Sophie,no,0
11,1,1,64,1,1,9/2/2019,,no,0,0,3,0,0,0,5.7,"0,0,0,0,30",4,"0,0,90,20-",16,"0,0,0,20,10",,,,,,,,,,,,,,,,,,Sophie,no,0
11,2,1,3,4,1,9/2/2019,,no,0,0,2,0,1,0,6.8,"0,0,0,0,0",9,"0,0,0,0,0",,,,,,,,,,,,,,,,,,,,Sophie,no,0
11,3,1,11,1,3,9/2/2019,,no,0,0,1,0,1,0,17.1,"0,0,0,0,0",,,,,,,,,,,,,,,,,,,,,,Sophie,no,0
11,4,1,11,3,2,9/2/2019,,nothing there,1,0,2,0,1,0,5.6,no leaves,1.1,too small,,,,,,,,,,,,,,,,,,,,Sophie,,0
11,5,1,18,3,1,9/2/2019,,no,0,0,0,2,1,0,,,,,,,,,,,,,,,,,,,,,,,,Sophie,no,0
11,6,1,29,4,1,9/2/2019,,maybe,1,1,,,,,,,,,,,,,,,,,,,,,,,,,,,,Sophie,no,0
11,7,1,35,5,3,9/2/2019,,no,0,0,2,0,1,0,12.8,"0,0,0,0,0",3.6,"0,0,---",,,,,,,,,,,,,,,,,,,,Sophie,no,0
11,8,1,64,1,4,9/2/2019,,no,0,0,4,0,1,0,4.3,no leaves,3.5,"0,0,0,0,0",7.2,"0,0,0,0,0",12.9,"0,0,0,0,0",,,,,,,,,,,,,,,,Sophie,no,0
11,9,1,2,1,2,9/2/2019,,no,0,0,1,0,1,0,8.6,"0,0,0,0,0",,,,,,,,,,,,,,,,,,,,,,Sophie,yes,1
11,10,1,64,5,1,9/2/2019,,no,0,0,0,2,1,0,,,,,,,,,,,,,,,,,,,,,,,,Sophie,no,0
11,11,1,36,1,2,9/2/2019,,no,0,0,1,0,1,0,16.7,98----,,,,,,,,,,,,,,,,,,,,,,Sophie,no,0
11,12,1,67,5,5,9/2/2019,,no,0,0,1,1,1,0,7,too small,,,,,,,,,,,,,,,,,,,,,,Sophie,no,0
11,13,1,61,1,5,9/2/2019,,no,0,0,1,1,1,0,9,no leaves,,,,,,,,,,,,,,,,,,,,,,Sophie,no,0
11,14,1,74,2,2,9/2/2019,,no,0,0,1,0,1,0,16.3,"0,0,0,0,0",,,,,,,,,,,,,,,,,,,,,,Sophie,no,0
11,15,1,68,2,5,9/2/2019,,maybe,1,0,1,0,1,0,7.4,no leaves,,,,,,,,,,,,,,,,,,,,,,Sophie,no,0
11,16,1,29,2,2,9/2/2019,,nothing there,1,1,,,,,,,,,,,,,,,,,,,,,,,,,,,,Sophie,,0
11,17,1,40,5,1,9/2/2019,,no,0,0,4,0,1,0,9.1,no leaves,3.3,no leaves,4.3,no leaves,7.3,"0,0,0,0,0",,,,,,,,,,,,,,,,Sophie,no,0
11,18,1,1,2,4,9/2/2019,,no,0,0,2,0,1,8,2.8,"0,0,0,0,0",15.3,"0,0,0,0,0",,,,,,,,,,,,,,,,,,,,Sophie,no,0
11,19,1,74,1,5,9/2/2019,,no,0,0,3,0,1,0,8,"0,0,0,0,0",11,no leaves,2.7,too small,,,,,,,,,,,,,,,,,,Sophie,no,0
11,20,1,2,4,5,9/2/2019,,no,0,0,3,1,1,0,2.5,"0,0,0,0,0",12.5,no leaves,14.3,no leaves,,,,,,,,,,,,,,,,,,Sophie,no,0
11,21,1,4,2,4,9/2/2019,,maybe,1,1,,,,,,,,,,,,,,,,,,,,,,,,,,,,Sophie,no,0
11,22,1,9,1,2,9/2/2019,,no,0,0,3,0,1,0,11.3,no leaves,4.5,"0,0,0,0,0",1.6,"0,0,0,0,0",,,,,,,,,,,,,,,,,,Sophie,no,0
11,23,1,39,5,1,9/2/2019,,no,0,0,1,0,1,0,7,no leaves,,,,,,,,,,,,,,,,,,,,,,Sophie,no,0
11,24,4,57,2,1,9/2/2019,,maybe,1,0,2,0,1,0,0.9,too small,3,"0,0,0,0,12",,,,,,,,,,,,,,,,,,,,Sophie,no,0
11,25,4,17,4,1,9/2/2019,,maybe,1,0,0,1,1,0,,,,,,,,,,,,,,,,,,,,,,,,Sophie,no,0
11,26,4,67,1,3,9/2/2019,,no,0,0,1,0,1,0,17,"0,0,0,0,96",,,,,,,,,,,,,,,,,,,,,,Sophie,no,0
11,27,4,42,2,4,9/2/2019,,maybe,1,0,0,1,1,0,,,,,,,,,,,,,,,,,,,,,,,,Sophie,no,0
11,28,4,12,2,1,9/2/2019,,maybe,0,0,2,0,1,0,11.1,no leaves,7,no leaves,,,,,,,,,,,,,,,,,,,,Sophie,no,0
11,29,4,30,2,1,9/2/2019,,no,0,0,3,0,1,0,14.1,"0,0,0,0,2",4.4,"0,0,0,0,55",5.5,"0,0,0,0,0",,,,,,,,,,,,,,,,,,Sophie,no,0
11,30,4,4,4,1,9/2/2019,,no,0,0,1,0,1,0,19.5,"0,0,0,0,0",,,,,,,,,,,,,,,,,,,,,,Sophie,no,0
11,31,4,17,4,5,9/2/2019,,no,0,0,2,1,1,0,16.6,no leaves,1.5,too small,,,,,,,,,,,,,,,,,,,,Sophie,no,0
11,32,4,35,4,3,9/2/2019,,maybe,1,0,1,0,1,0,5.9,"0,0,0,0,0",,,,,,,,,,,,,,,,,,,,,,Sophie,no,0
11,33,4,68,5,5,9/2/2019,,no,0,0,3,0,1,0,5.9,"0,0,0,0,0",4,"0,0,0,0,0",2,"0,0,---",,,,,,,,,,,,,,,,,,Sophie,yes,1
11,34,4,67,1,2,9/2/2019,,no,0,0,3,0,1,0,11,no leaves,11.6,no leaves,9.3,no leaves,,,,,,,,,,,,,,,,,,Sophie,no,0
11,35,4,40,3,2,9/2/2019,,maybe,1,0,2,0,1,0,11.5,"0,0,0,0,53",0.7,no leaves,,,,,,,,,,,,,,,,,,,,Sophie,no,0
11,36,4,68,5,4,9/2/2019,,maybe,1,0,2,0,0,0,8,"0,0,0,0,0",4.8,"0,0,0,0,0",,,,,,,,,,,,,,,,,,,,Sophie,no,0
11,37,4,4,2,1,9/2/2019,,maybe,1,0,0,1,1,0,,,,,,,,,,,,,,,,,,,,,,,,Sophie,no,0
11,38,4,28,1,2,9/2/2019,,maybe,0,0,1,0,1,0,7.6,"0,0,0,0,23",,,,,,,,,,,,,,,,,,,,,,Sophie,no,0
11,39,4,26,1,4,9/2/2019,,maybe,1,0,3,0,0,0,4.5,"0,0,0,0,0",9.5,"0,0,0,0,0",5.6,"0,0,0,0,0",,,,,,,,,,,,,,,,,,Sophie,no,0
11,40,4,6,3,4,9/2/2019,,maybe,1,0,2,0,0,0,1,too small,1.2,too small,,,,,,,,,,,,,,,,,,,,Sophie,no,0
11,41,4,16,1,1,9/2/2019,,maybe,1,0,1,0,0,0,3.5,"0,17,17,0-",,,,,,,,,,,,,,,,,,,,,,Sophie,no,0
11,42,4,42,1,4,9/2/2019,,no,0,1,,,,,,,,,,,,,,,,,,,,,,,,,,,,Sophie,no,0
11,43,4,41,1,4,9/2/2019,,no,0,0,0,1,1,0,,,,,,,,,,,,,,,,,,,,,,,,Sophie,no,0
11,44,4,21,3,3,9/2/2019,,no,0,0,0,1,1,0,,,,,,,,,,,,,,,,,,,,,,,,Sophie,no,0
11,45,4,35,3,3,9/2/2019,,no,0,0,0,1,1,0,,,,,,,,,,,,,,,,,,,,,,,,Sophie,yes,1
11,46,4,31,1,5,9/2/2019,,no,0,0,1,0,1,0,18.7,"0,0,0,0,0",,,,,,,,,,,,,,,,,,,,,,Sophie,no,0
12,1,3,7,1,1,8/31/2019,,no,1,0,1,0,1,0,8.9,"0,0,0,0,0",,,,,,,,,,,,,,,,,,,,,,Sophie,yes,1
12,2,3,1,3,2,8/31/2019,,maybe,0,0,1,0,0,0,11.1,"0,0,0,0,8",,,,,,,,,,,,,,,,,,,,,,Sophie,no,0
12,3,3,47,4,3,8/31/2019,,no,0,0,1,1,1,0,5.1,"0,0,0,0,0",,,,,,,,,,,,,,,,,,,,,,Sophie,yes,1
12,4,3,61,1,3,8/31/2019,,no,0,0,1,0,1,0,15,"0,0,0,0,0",,,,,,,,,,,,,,,,,,,,,,Sophie,yes,1
12,5,3,46,1,2,8/31/2019,,no,0,0,1,1,1,0,11.2,"0,50,0,8,10",,,,,,,,,,,,,,,,,,,,,,Sophie,no,0
12,6,3,79,2,2,8/31/2019,,no,0,0,5,0,1,0,7.5,"0,0,0,0,0",7.3,"0,0,0,0,0",3.9,"0,0,0,0,0",3.9,"0,0,0,0,0",3.6,no leaves,,,,,,,,,,,,,,Sophie,no,0
12,7,3,9,1,4,8/31/2019,,no,0,0,1,0,0,1,18.1,"10,0,0,0,2",,,,,,,,,,,,,,,,,,,,,,Sophie,no,0
12,8,3,32,1,1,8/31/2019,,maybe,1,0,2,0,0,0,3.7,"0,0,0,0,0",1.5,no leaves,,,,,,,,,,,,,,,,,,,,Sophie,no,0
12,9,3,7,2,4,8/31/2019,,nothing there,1,1,,,,,,,,,,,,,,,,,,,,,,,,,,,,Sophie,,0
12,10,3,72,5,4,8/31/2019,,no,1,1,,,,,,,,,,,,,,,,,,,,,,,,,,,,Sophie,no,0
12,11,3,47,1,4,8/31/2019,,maybe,1,0,1,0,1,0,5,"0,0,0,0,0",,,,,,,,,,,,,,,,,,,,,,Sophie,no,0
12,12,3,62,2,2,8/31/2019,,no,0,0,2,0,1,0,25.1,"2,3,96,75,0",3.9,"0,0,0,0,0",,,,,,,,,,,,,,,,,,,,Sophie,no,0
12,13,3,46,3,2,8/31/2019,,no,1,0,2,0,0,0,0.2,too small,1.1,too small,,,,,,,,,,,,,,,,,,,,Sophie,no,0
12,14,3,41,2,3,8/31/2019,,no,0,0,2,0,1,0,1,no leaves,3.6,"0,0,---",,,,,,,,,,,,,,,,,,,,Sophie,yes,1
12,15,3,67,4,1,8/31/2019,,maybe,1,0,1,0,1,0,5.6,no leaves,,,,,,,,,,,,,,,,,,,,,,Sophie,no,0
12,16,3,67,4,2,8/31/2019,,maybe,0,0,1,0,1,0,9,no leaves,,,,,,,,,,,,,,,,,,,,,,Sophie,no,0
12,17,3,8,1,2,8/31/2019,,no,0,0,3,0,1,0,9.5,"0,0,0,0,0",8.5,"0,0,0,0,0",2,"0,0,0,0,0",,,,,,,,,,,,,,,,,,Sophie,no,0
12,18,3,36,5,2,8/31/2019,,no,0,0,1,1,1,0,4.5,no leaves,,,,,,,,,,,,,,,,,,,,,,Sophie,no,0
12,19,3,57,5,5,8/31/2019,,no,0,0,3,0,1,0,1.9,no leaves,8.5,no leaves,13.5,no leaves,,,,,,,,,,,,,,,,,,Sophie,no,0
12,20,3,68,2,3,8/31/2019,,maybe,1,0,1,0,0,0,4.5,"0,0,0,0,0",,,,,,,,,,,,,,,,,,,,,,Sophie,yes,1
12,21,3,23,1,1,8/31/2019,,maybe,1,0,1,0,1,0,10.6,"0,0,0,0,0",,,,,,,,,,,,,,,,,,,,,,Sophie,no,0
12,22,1,21,4,3,9/2/2019,,no,0,0,2,0,1,0,11.5,"0,0,0,0,0",2,"0,0,0,0,0",,,,,,,,,,,,,,,,,,,,Sophie,no,0
12,23,1,6,1,1,9/2/2019,,maybe,1,1,0,1,1,0,,,,,,,,,,,,,,,,,,,,,,,,Sophie,no,0
12,24,4,17,3,4,9/2/2019,,nothing there,1,1,0,1,1,0,,,,,,,,,,,,,,,,,,,,,,,,Sophie,,0
12,25,4,57,4,4,9/2/2019,,no,0,1,1,0,1,0,5.3,no leaves,,,,,,,,,,,,,,,,,,,,,,Sophie,no,0
12,26,4,29,5,3,9/2/2019,,no,0,1,3,0,1,0,12,no leaves,9,no leaves,9.4,no leaves,,,,,,,,,,,,,,,,,,Sophie,no,0
12,27,4,6,1,2,9/2/2019,,no,1,0,1,8,0,0,6.4,"0,0,0,0,0",,,,,,,,,,,,,,,,,,,,,,Sophie,no,0
12,28,4,17,2,3,9/2/2019,,nothing there,1,1,,,,,,,,,,,,,,,,,,,,,,,,,,,,Sophie,,0
12,29,4,41,1,3,9/2/2019,,nothing there,1,0,1,0,1,0,13.4,"0,0,0,0,0",,,,,,,,,,,,,,,,,,,,,,Sophie,,0
12,30,4,14,4,3,9/2/2019,,no,0,0,1,0,1,0,13.6,"0,0,0,0,0",,,,,,,,,,,,,,,,,,,,,,Sophie,no,0
12,31,4,51,4,1,9/2/2019,,no,0,0,2,0,1,0,15,"0,0,0,0,0",14.1,"0,0,0,0,0",,,,,,,,,,,,,,,,,,,,Sophie,yes,1
12,32,4,28,4,4,9/2/2019,,no,0,0,1,3,1,0,12.9,"0,0,0,0,0",,,,,,,,,,,,,,,,,,,,,,Sophie,no,0
12,33,4,35,5,2,9/2/2019,,no,0,0,2,0,1,0,15.7,no leaves,1.6,no leaves,,,,,,,,,,,,,,,,,,,,Sophie,no,0
12,34,4,61,1,2,9/2/2019,,no,0,0,1,0,1,0,6.6,no leaves,,,,,,,,,,,,,,,,,,,,,,Sophie,no,0
12,35,4,72,3,3,9/2/2019,,nothing there,1,0,1,0,1,0,6.2,no leaves,,,,,,,,,,,,,,,,,,,,,,Sophie,,0
12,36,4,14,4,1,9/2/2019,,no,0,0,1,0,1,0,14.2,no leaves,,,,,,,,,,,,,,,,,,,,,,Sophie,no,0
12,37,4,40,4,1,9/2/2019,,no,0,0,2,0,1,0,6.1,no leaves,6.5,no leaves,,,,,,,,,,,,,,,,,,,,Sophie,no,0
12,38,4,57,2,5,9/2/2019,,maybe,1,0,0,1,1,0,,,,,,,,,,,,,,,,,,,,,,,,Sophie,no,0
12,39,4,68,1,1,9/2/2019,,maybe,1,0,0,1,1,0,,,,,,,,,,,,,,,,,,,,,,,,Sophie,no,0
12,40,4,45,2,2,9/2/2019,,no,0,0,1,1,1,0,3.9,no leaves,,,,,,,,,,,,,,,,,,,,,,Sophie,no,0
12,41,4,13,1,2,9/2/2019,,maybe,0,0,3,0,1,0,2.3,no leaves,2.7,"0,50,50,50-",3.2,"0,0,0,0,5",,,,,,,,,,,,,,,,,,Sophie,yes,1
12,42,4,47,5,3,9/2/2019,,maybe,1,0,1,0,0,0,5.8,"0,0,0,0,0",,,,,,,,,,,,,,,,,,,,,,Sophie,,0
12,43,4,19,1,5,9/2/2019,,no,0,0,1,1,1,0,3.2,"0,0,0,0,80",,,,,,,,,,,,,,,,,,,,,,Sophie,yes,1
12,44,4,64,5,2,9/2/2019,,no,0,0,1,1,1,0,5.7,"0,0,0,0,0",,,,,,,,,,,,,,,,,,,,,,Sophie,yes,1
12,45,4,21,5,5,9/2/2019,,no,0,0,0,1,1,0,,,,,,,,,,,,,,,,,,,,,,,,Sophie,no,0
12,46,4,21,5,4,9/2/2019,,no,0,0,2,0,1,0,9.6,"0,0,0,0,0",15.2,"0,0,0,0,0",,,,,,,,,,,,,,,,,,,,Sophie,no,0
13,1,3,72,2,2,8/31/2019,,no,0,0,3,0,1,0,7.2,"0,0,0,0,0",6.4,"0,0,0,0,0",5.5,"0,0,0,0,0",,,,,,,,,,,,,,,,,,Sophie,yes,1
13,2,3,39,3,1,8/31/2019,,maybe,1,0,1,0,1,0,12.2,"0,0---",,,,,,,,,,,,,,,,,,,,,,Sophie,no,0
13,3,3,13,1,3,8/31/2019,,maybe,1,1,,,,,,,,,,,,,,,,,,,,,,,,,,,,Sophie,no,0
13,4,3,41,1,4,8/31/2019,,maybe,1,1,,,,,,,,,,,,,,,,,,,,,,,,,,,,Sophie,no,0
13,5,3,77,2,5,8/31/2019,,nothing there,1,1,,,,,,,,,,,,,,,,,,,,,,,,,,,,Sophie,,0
13,6,3,35,5,5,8/31/2019,,maybe,1,1,,,,,,,,,,,,,,,,,,,,,,,,,,,,Sophie,no,0
13,7,3,20,2,2,8/31/2019,,maybe,1,1,,,,,,,,,,,,,,,,,,,,,,,,,,,,Sophie,no,0
13,8,3,42,2,5,8/31/2019,,no,0,0,1,0,1,0,19.1,"0,15,40,0,0",,,,,,,,,,,,,,,,,,,,,,Sophie,no,0
13,9,3,77,4,4,8/31/2019,,no,0,0,1,0,1,0,20.5,no leaves,,,,,,,,,,,,,,,,,,,,,,Sophie,no,0
13,10,3,49,1,1,8/31/2019,,maybe,1,1,1,0,0,0,14.2,"0,0,0,0,0",,,,,,,,,,,,,,,,,,,,,,Sophie,no,0
13,11,3,49,2,4,8/31/2019,,nothing there,0,0,4,0,1,1,13.7,no leaves,5.7,"0,0,0,0,0",8.5,"0,0,0,0,0",8,"0,0,0,0,0",,,,,,,,,,,,,,,,Sophie,,0
13,12,3,13,3,3,8/31/2019,,no,0,1,,,,,,,,,,,,,,,,,,,,,,,,,,,,Sophie,no,0
13,13,3,17,1,2,8/31/2019,,no,0,0,2,0,1,0,2.8,no leaves,3.1,"0,0,0,0,0",1.1,no leaves,,,,,,,,,,,,,,,,,,Sophie,yes,1
13,14,3,61,5,3,8/31/2019,,no,0,0,1,0,1,0,8.3,"0,0,0,0,0",,,,,,,,,,,,,,,,,,,,,,Sophie,no,0
13,15,3,62,1,4,8/31/2019,,maybe,0,0,2,0,1,0,8.8,"0,0,0,0,0",2.1,"0,0,0,0,0",,,,,,,,,,,,,,,,,,,,Sophie,no,0
13,16,3,61,4,3,8/31/2019,,maybe,0,0,2,0,1,0,10.4,"0,0,0,0,0",7,"0,0,0,98,-",,,,,,,,,,,,,,,,,,,,Sophie,no,0
13,17,3,14,1,2,8/31/2019,,no,0,0,4,3,1,0,4.6,"0,0,0,0,0",2.9,"0,0,0,0,0",2.9,"0,0,0,0,0",2.3,"0,0,0,0,0",,,,,,,,,,,,,,,,Sophie,no,0
13,18,3,14,5,5,8/31/2019,,no,0,0,1,0,1,1,5.8,,,,,,,,,,,,,,,,,,,,,,,Sophie,no,0
13,19,3,72,3,2,8/31/2019,,maybe,0,0,3,0,1,0,6.5,"0,0,0,0,0",7.5,"0,0,0,0,0",5,no leaves,,,,,,,,,,,,,,,,,,Sophie,no,0
13,20,3,20,5,5,8/31/2019,,no,0,0,4,0,0,0,6.5,"0,0,0,0,0",4.2,"0,0,0,0,0",8.5,"0,0,0,0,0",6.5,"0,0,0,0,0",,,,,,,,,,,,,,,,Sophie,no,0
13,21,3,19,3,1,8/31/2019,,nothing there,1,0,1,0,0,0,3.6,"0,0,0,0,0",,,,,,,,,,,,,,,,,,,,,,Sophie,,0
13,22,3,46,3,3,8/31/2019,,no,0,0,3,0,1,0,2.1,"0,0,0,0,0",9.5,"0,0,0,0,0",7.5,"0,0,96,0,-",,,,,,,,,,,,,,,,,,Sophie,yes,1
13,23,3,56,4,3,8/31/2019,,no,0,0,2,0,1,0,7.6,"0,0,0,0",4.1,"0,0,0,0,0",,,,,,,,,,,,,,,,,,,,Sophie,yes,1
13,24,3,11,2,3,8/31/2019,,no,0,0,1,0,1,0,8.5,no leaves,,,,,,,,,,,,,,,,,,,,,,Sophie,yes,1
13,25,3,62,2,4,8/31/2019,,no,0,0,4,1,1,0,8.2,no leaves,8.6,no leaves,10.5,no leaves,9,no leaves,,,,,,,,,,,,,,,,Sophie,no,0
13,26,4,49,1,2,9/1/2019,,nothing there,1,0,1,0,0,0,18,"0,0,0,0,0",,,,,,,,,,,,,,,,,,,,,,Sophie,,0
13,27,4,1,2,3,9/1/2019,,no,0,0,3,0,1,0,5.1,no leaves,1,too small,8,no leaves,,,,,,,,,,,,,,,,,,Sophie,no,0
13,28,4,11,1,1,9/1/2019,,no,1,0,3,0,1,0,5,no leaves,2.9,no leaves,3,no leaves,,,,,,,,,,,,,,,,,,Sophie,yes,1
13,29,4,12,1,2,9/1/2019,,no,0,0,1,0,1,0,20,"0,0,0,0,0",,,,,,,,,,,,,,,,,,,,,,Sophie,no,0
13,30,4,7,5,1,9/1/2019,,no,0,0,3,0,1,1,18.8,no leaves,21,no leaves,4.1,"0,0,0,01",,,,,,,,,,,,,,,,,,Sophie,yes,1
13,31,4,1,2,5,9/1/2019,,no,0,0,0,3,1,0,,,,,,,,,,,,,,,,,,,,,,,,Sophie,no,0
13,32,4,61,3,4,9/1/2019,,no,0,0,3,0,1,0,7.3,no leaves,12,"0,0,0,0,0",10.5,no leaves,,,,,,,,,,,,,,,,,,Sophie,no,0
13,33,4,57,1,5,9/1/2019,,nothing there,1,1,,,,,,,,,,,,,,,,,,,,,,,,,,,,Sophie,,0
13,34,4,35,2,4,9/1/2019,,nothing there,1,0,1,0,1,0,7.3,no leaves,,,,,,,,,,,,,,,,,,,,,,Sophie,,0
13,35,4,6,5,3,9/1/2019,,no,0,0,6,1,1,0,9.9,no leaves,7.1,no leaves,6,"0,0,0,0,0",3,"0,0,0,0,0",3,"0,0,0,0,0",1,"0,0,0,0,0",,,,,,,,,,,,Sophie,yes,1
13,36,4,79,4,3,9/1/2019,,no,0,0,4,2,1,0,1.3,too ,13.1,no less,0.7,too small,3.3,"10,55,25,0,0",,,,,,,,,,,,,,,,Sophie,yes,1
13,37,4,39,5,4,9/1/2019,,no,0,0,0,0,1,0,,,,,,,,,,,,,,,,,,,,,,,,Sophie,no,0
13,38,4,9,2,5,9/1/2019,,no,0,0,1,0,1,0,10.5,no leaves,,,,,,,,,,,,,,,,,,,,,,Sophie,no,0
13,39,4,5,1,3,9/1/2019,,nothing there,0,0,3,0,0,0,5.7,"0,0,0,0,18",13.4,"0,0,0,0,0",13.5,"0,0,0,0,45",,,,,,,,,,,,,,,,,,Sophie,,0
13,40,4,56,2,2,9/1/2019,,no,0,0,1,1,1,0,1.3,"0,0,0,0,0",,,,,,,,,,,,,,,,,,,,,,Sophie,no,0
13,41,4,12,1,3,9/1/2019,,nothing there,1,1,,,,,,,,,,,,,,,,,,,,,,,,,,,,Sophie,,0
13,42,4,19,5,5,9/1/2019,,no,0,0,0,1,1,0,,,,,,,,,,,,,,,,,,,,,,,,Sophie,no,0
13,43,4,1,3,1,9/1/2019,,no,0,1,,,,,,,,,,,,,,,,,,,,,,,,,,,,Sophie,yes,1
13,44,4,27,3,2,9/1/2019,,no,0,0,0,1,1,0,,,,,,,,,,,,,,,,,,,,,,,,Sophie,yes,1
13,45,4,19,5,1,9/1/2019,,no,0,0,1,1,1,0,0.5,too small,,,,,,,,,,,,,,,,,,,,,,Sophie,yes,1
13,46,4,68,1,2,9/1/2019,,no,0,0,3,1,1,0,10,no leaves,10.6,no leaves,0.3,no leaves,,,,,,,,,,,,,,,,,,Sophie,yes,1
14,1,3,57,2,3,8/31/2019,,no,0,0,2,0,1,0,7.4,0 0 0 0 0,13.5,0 0 0 0 0,,,,,,,,,,,,,,,,,,,,Sophie,yes,1
14,2,3,21,4,5,8/31/2019,,no,0,0,3,0,1,0,8,no leaves,14.1,no leaves,12.1,no leaves,,,,,,,,,,,,,,,,,,Sophie,no,0
14,3,3,21,1,3,8/31/2019,,no,0,0,4,0,0,0,1.7,0 0 0 0 0,1,no leaves,13.5,0 0 0 0 0,12.7, 0 0 0 0,,,,,,,,,,,,,,,,Sophie,yes,1
14,4,3,11,1,4,8/31/2019,,nothing there,1,1,,,,,,,,,,,,,,,,,,,,,,,,,,,,Sophie,,0
14,5,3,41,2,1,8/31/2019,,maybe,1,0,1,0,1,0,6,0 0 0 0 0,,,,,,,,,,,,,,,,,,,,,,Sophie,no,0
14,6,3,4,1,5,8/31/2019,,no,0,0,1,0,1,0,10.7,no leaves,,,,,,,,,,,,,,,,,,,,,,Sophie,yes,1
14,7,3,21,1,4,8/31/2019,,no,0,0,3,0,1,0,14,95 70 95 --,15.9,96 45 --,4.1,no leaves,,,,,,,,,,,,,,,,,,Sophie,yes,1
14,8,3,7,1,5,8/31/2019,,no,0,0,3,0,1,0,8.3,no leaves,6.4,no leaves,24.4,no leaves,,,,,,,,,,,,,,,,,,Sophie,yes,1
14,9,3,19,3,4,8/31/2019,,maybe,0,0,2,0,1,8,5.8,no leaves,8,0 0 0 0 0,,,,,,,,,,,,,,,,,,,,Sophie,no,0
14,10,3,57,3,1,8/31/2019,,no,0,0,3,0,1,1,23,no leaves,21.3,no leaves,1.2,too small,,,,,,,,,,,,,,,,,,Sophie,yes,1
14,11,3,74,2,4,8/31/2019,,no,0,0,2,0,1,0,5.8,no leaves,11.8,0 0 0 0 0,1.3,too small,,,,,,,,,,,,,,,,,,Sophie,yes,1
14,12,3,35,3,1,8/31/2019,,no,0,0,1,0,0,1,17,0 0 0 0 0,,,,,,,,,,,,,,,,,,,,,,Sophie,yes,1
14,13,3,29,2,1,8/31/2019,,no,0,0,1,0,1,0,9,0 0 0 0 0,,,,,,,,,,,,,,,,,,,,,,Sophie,no,0
14,14,3,13,2,4,8/31/2019,,no,0,0,3,0,1,0,6,no leaves,8,0 0 0 0 0,9.3,0 0 0 0 0,,,,,,,,,,,,,,,,,,Sophie,yes,1
14,15,3,77,5,4,8/31/2019,,no,0,0,2,0,1,0,4.1,no leaves,7.8,no leaves,,,,,,,,,,,,,,,,,,,,Sophie,no,0
14,16,3,35,2,5,8/31/2019,,maybe,0,0,2,0,1,1,6.8,no leaves,3.2,0 0 0 0 0,,,,,,,,,,,,,,,,,,,,Sophie,yes,1
14,17,3,47,3,2,8/31/2019,,no,0,0,1,1,0,0,4.5,0 0 0 0 65,,,,,,,,,,,,,,,,,,,,,,Sophie,no,0
14,18,3,62,4,3,8/31/2019,,no,0,0,3,0,1,0,3.6,0 0 0 0 0,6.9,0 0 0 0 0,8.1,0 0 0 0 0,,,,,,,,,,,,,,,,,,Sophie,yes,1
14,19,3,30,4,2,8/31/2019,,maybe,1,0,1,0,0,0,3.2,0 0 0 0 0,,,,,,,,,,,,,,,,,,,,,,Sophie,no,0
14,20,3,31,4,3,8/31/2019,,no,1,0,3,1,1,0,3.4,0 0 0 0 0,3,0 0 0 0 0,0.4,too small,,,,,,,,,,,,,,,,,,Sophie,yes,1
14,21,3,46,4,2,8/31/2019,,no,0,0,1,0,0,0,2.7,0 0 0 0 0,,,,,,,,,,,,,,,,,,,,,,Sophie,yes,1
14,22,3,49,3,3,8/31/2019,,no,0,0,4,0,0,1,22.9,0 0 0 0 0,3.4,0 0 0 0 0,7.6,0 0 0 0 0,27.6,0 0 0 0 0,,,,,,,,,,,,,,,,Sophie,yes,1
14,23,3,49,4,1,8/31/2019,,no,0,0,3,0,0,0,1.4,0 0 0 0 0,10.7,1 20 0  0,2.3,0 0 0 0 0,,,,,,,,,,,,,,,,,,Sophie,yes,1
14,24,3,31,4,4,8/31/2019,,no,0,0,5,0,1,0,4,0 0 0 0 0,4,0 0 0 0 0,4.5,0 0 0 0 0,7,0 0 0 0 0,14,0 0 0 0 0,,,,,,,,,,,,,,Sophie,yes,1
14,25,3,40,4,2,8/31/2019,,no,0,0,1,0,1,1,8.2,no leaves,,,,,,,,,,,,,,,,,,,,,,Sophie,no,0
14,26,4,13,2,5,9/1/2019,,maybe,1,0,2,0,1,0,5,no leaves,4.7,"0,0,0,0,0",,,,,,,,,,,,,,,,,,,,Sophie,yes,1
14,27,4,6,5,2,9/1/2019,,no,0,0,8,0,1,0,14.6,no leaves,7.1,"0,0,0,0,0",4.1,"0,0,0,0,0",11,no leaves,3.4,"0,0,0,0,0",7.8,no leaves,0.3,too small,,,,,,,,,,Sophie,no,0
14,28,4,46,5,2,9/1/2019,,no,0,0,4,0,1,0,8,"0,0,0--",4.1,"0,0,0,0,0",11.3,"0,0,0,0,0",23,"0,0,0,0,0",,,,,,,,,,,,,,,,Sophie,no,0
14,29,4,19,1,2,9/1/2019,,no,0,0,3,1,1,0,8.1,no leaves,5.8,no leaves,21,no leaves,,,,,,,,,,,,,,,,,,Sophie,yes,1
14,30,4,47,2,1,9/1/2019,,maybe,0,0,1,0,1,0,11.5,"0,0,0,0,0",,,,,,,,,,,,,,,,,,,,,,Sophie,no,0
14,31,4,2,1,3,9/1/2019,,no,0,0,3,1,1,0,5,"0,0,0,0,0",19.7,no leaves,1,too small,,,,,,,,,,,,,,,,,,Sophie,no,0
14,32,4,12,2,3,9/1/2019,,no,0,0,3,0,1,0,2.1,no leaves,4.4,no leaves,7.3,no leaves,,,,,,,,,,,,,,,,,,Sophie,no,0
14,33,4,13,3,5,9/1/2019,,nothing there,1,1,,,,,,,,,,,,,,,,,,,,,,,,,,,,Sophie,,0
14,34,4,5,4,3,9/1/2019,,no,0,0,2,0,1,0,4.9,no leaves,13,no leaves,,,,,,,,,,,,,,,,,,,,Sophie,no,0
14,35,4,79,2,4,9/1/2019,,no,0,0,1,0,0,0,1,too small,,,,,,,,,,,,,,,,,,,,,,Sophie,yes,1
14,36,4,41,2,2,9/1/2019,,no,0,0,1,0,1,0,9.5,no leaves,,,,,,,,,,,,,,,,,,,,,,Sophie,yes,1
14,37,4,35,4,2,9/1/2019,,maybe,1,1,,,,,,,,,,,,,,,,,,,,,,,,,,,,Sophie,,0
14,38,4,17,1,5,9/1/2019,,no,0,0,1,1,1,0,11.2,"0,0,0,0,0",,,,,,,,,,,,,,,,,,,,,,Sophie,no,0
14,39,4,13,2,1,9/1/2019,,no,0,0,1,0,1,0,13.9,"0,0,0,0,0",,,,,,,,,,,,,,,,,,,,,,Sophie,yes,1
14,40,4,12,4,2,9/1/2019,,no,0,0,1,2,1,0,1.1,"0,0,0,0,-",,,,,,,,,,,,,,,,,,,,,,Sophie,no,0
14,41,4,19,2,4,9/1/2019,,maybe,1,1,,,,,,,,,,,,,,,,,,,,,,,,,,,,Sophie,yes,1
14,42,4,39,1,5,9/1/2019,,no,0,0,0,1,1,0,,,,,,,,,,,,,,,,,,,,,,,,Sophie,no,0
14,43,4,41,1,2,9/1/2019,,no,0,0,3,0,1,0,2,"0,0,0,0,52",8.4,"2,55,0,0,0",11.9,"26,0,0,3,0",,,,,,,,,,,,,,,,,,Sophie,no,0
14,44,4,20,2,1,9/1/2019,,maybe,1,1,,,,,,,,,,,,,,,,,,,,,,,,,,,,Sophie,yes,1
14,45,4,5,1,5,9/1/2019,,no,0,0,0,2,1,0,,,,,,,,,,,,,,,,,,,,,,,,Sophie,yes,1
14,46,4,35,5,1,9/1/2019,,maybe,1,0,2,0,0,0,2.3,"0,0,0,0,0",3.5,"0,0,0,0,0",,,,,,,,,,,,,,,,,,,,Sophie,no,0
15,1,3,4,5,4,8/31/2019,,no,0,0,3,0,0,0,11.1, 75 0 55 22,6,0 0 0 0 0,11.1,55 0 0 76 0,,,,,,,,,,,,,,,,,,Sophie,no,0
15,2,3,29,3,4,8/31/2019,,nothing there,1,1,,,,,,,,,,,,,,,,,,,,,,,,,,,,Sophie,,0
15,3,3,41,1,3,8/31/2019,,no,0,0,1,0,0,0,22.7,3 3 2 0 0,,,,,,,,,,,,,,,,,,,,,,Sophie,yes,1
15,4,3,27,4,2,8/31/2019,,no,1,0,3,0,1,1,9.5,0 0 0 0 0,11.5,0 0 0 0 0,6.4,0 0 0 0 0,,,,,,,,,,,,,,,,,,Sophie,yes,1
15,5,3,46,4,3,8/31/2019,,no,0,0,2,0,0,0,12,0 10 96 80 50,9.5,2 0 65 4 3,,,,,,,,,,,,,,,,,,,,Sophie,yes,1
15,6,3,31,2,3,8/31/2019,,no,1,0,1,0,1,0,4.6,no leaves,,,,,,,,,,,,,,,,,,,,,,Sophie,yes,1
15,7,3,17,4,3,8/31/2019,,maybe,1,0,2,0,0,0,15.3,0 8 0 0 11,5.7,0 0 0 0 0,,,,,,,,,,,,,,,,,,,,Sophie,no,0
15,8,3,57,2,4,8/31/2019,,no,0,0,3,0,1,0,3.6,no leaves,7.2,no leaves,10.4,no leaves,,,,,,,,,,,,,,,,,,Sophie,no,0
15,9,3,18,3,3,8/31/2019,,no,0,0,2,0,1,0,6.7,no leaves,7.5,no leaves,,,,,,,,,,,,,,,,,,,,Sophie,yes,1
15,10,3,8,3,2,8/31/2019,,no,1,0,2,0,0,1,2,0 0 ---,3.5,0 0 0 0 -,,,,,,,,,,,,,,,,,,,,Sophie,yes,1
15,11,3,68,2,2,8/31/2019,,no,1,1,,,,,,,,,,,,,,,,,,,,,,,,,,,,Sophie,yes,1
15,12,3,68,4,2,8/31/2019,,no,0,0,1,0,1,0,8.9,0 0 0 0 0,,,,,,,,,,,,,,,,,,,,,,Sophie,no,0
15,13,3,27,3,4,8/31/2019,,no,0,0,1,0,1,0,20.1,no leaves,,,,,,,,,,,,,,,,,,,,,,Sophie,no,0
15,14,3,17,3,3,8/31/2019,,no,0,0,2,0,0,0,7.1,0 0 0 0 0,5.8,0 0 0 0 0,,,,,,,,,,,,,,,,,,,,Sophie,no,0
15,15,3,14,3,3,8/31/2019,,no,0,0,1,0,1,0,16.9,63 50 0 0 75,,,,,,,,,,,,,,,,,,,,,,Sophie,no,0
15,16,3,1,5,5,8/31/2019,,nothing there,1,0,3,0,0,0,0.1,too small,0.7,too small,3.8,0 0 0 0 0,,,,,,,,,,,,,,,,,,Sophie,,0
15,17,3,57,3,4,8/31/2019,,no,0,0,3,0,1,0,5.3,no leaves,6.9,no leaves,9.3,no leaves,,,,,,,,,,,,,,,,,,Sophie,no,0
15,18,3,21,2,1,8/31/2019,,no,0,0,2,0,1,0,1.4,no leaves,9.5,no leaves,,,,,,,,,,,,,,,,,,,,Sophie,no,0
15,19,3,20,3,4,8/31/2019,,nothing there,1,1,,,,,,,,,,,,,,,,,,,,,,,,,,,,Sophie,,0
15,20,3,27,3,1,8/31/2019,,no,0,0,2,0,0,1,2.7,no leaves,3.1,no leaves,,,,,,,,,,,,,,,,,,,,Sophie,no,0
15,21,3,67,2,4,8/31/2019,,no,0,0,2,0,0,0,11,0 0 0 0 0,8.2,0 0 0 0 0,,,,,,,,,,,,,,,,,,,,Sophie,no,0
15,22,3,7,4,1,8/31/2019,,no,0,0,1,0,0,0,4.5,0 0 0 0 0,,,,,,,,,,,,,,,,,,,,,,Sophie,no,0
15,23,3,27,5,4,8/31/2019,,no,0,0,1,0,1,0,14.5,0 0 0 0 0,,,,,,,,,,,,,,,,,,,,,,Sophie,no,0
15,24,3,68,3,1,8/31/2019,,no,0,0,1,0,0,0,14.4,0 0 0 0 0,,,,,,,,,,,,,,,,,,,,,,Sophie,no,0
15,25,3,74,1,2,8/31/2019,,no,0,0,1,0,0,0,11.2,0 50 0 0 0,,,,,,,,,,,,,,,,,,,,,,Sophie,no,0
15,26,4,29,3,1,9/1/2019,,no,0,1,,,,,,,,,,,,,,,,,,,,,,,,,,,,Sophie,no,0
15,27,4,29,2,4,9/1/2019,,nothing there,1,0,2,0,1,0,5,"0,0,0,0,0",8.3,"0,0,0,0,0",,,,,,,,,,,,,,,,,,,,Sophie,,0
15,28,4,15,3,3,9/1/2019,,no,1,0,1,1,1,0,12,no leaves,,,,,,,,,,,,,,,,,,,,,,Sophie,yes,1
15,29,4,14,2,5,9/1/2019,,no,0,0,2,0,1,0,5.9,"0,0,0,0,0",6,"0,0,0,0,0",,,,,,,,,,,,,,,,,,,,Sophie,no,0
15,30,4,31,3,5,9/1/2019,,no,0,0,2,0,1,0,4.2,"0,0,0,0,0",2.1,"0,0,0,0,0",,,,,,,,,,,,,,,,,,,,Sophie,no,0
15,31,4,69,1,1,9/1/2019,,maybe,1,1,,,,,,,,,,,,,,,,,,,,,,,,,,,,Sophie,yes,1
15,32,4,77,2,3,9/1/2019,,nothing there,1,0,3,0,1,0,14,"0,0,0,0,0",4,"0,0,0,0,0",4.2,"0,0,0,0,0",,,,,,,,,,,,,,,,,,Sophie,,0
15,33,4,4,5,1,9/1/2019,,no,0,1,,,,,,,,,,,,,,,,,,,,,,,,,,,,Sophie,no,0
15,34,4,11,3,4,9/1/2019,,nothing there,1,0,2,0,1,0,14.9,no leaves,12.7,no leaves,,,,,,,,,,,,,,,,,,,,Sophie,,0
15,35,4,57,4,1,9/1/2019,,no,0,0,2,1,0,0,5.6,"0,0,0,0,0",2.5,"0,0,0,0,0",,,,,,,,,,,,,,,,,,,,Sophie,no,0
15,36,4,72,4,2,9/1/2019,,nothing there,1,0,2,0,1,1,22,"97,97,96,0,0,",18.9,no leaves,,,,,,,,,,,,,,,,,,,,Sophie,,0
15,37,4,5,1,1,9/1/2019,,no,0,0,1,0,1,0,12.5,"0,0,0,0,25",,,,,,,,,,,,,,,,,,,,,,Sophie,no,0
15,38,4,56,4,5,9/1/2019,,maybe,1,0,3,0,1,0,18.2,"55,0,0,0,0",18.2,"0,0,---",4.3,"0,0,0,20,50",,,,,,,,,,,,,,,,,,Sophie,no,0
15,39,4,40,2,5,9/1/2019,,no,0,0,4,0,1,0,2.1,"0,0,0,0,0",1.1,"0,0,0,0,0",3.1,"0,0,0,0,0",8.1,no leaves,,,,,,,,,,,,,,,,Sophie,no,0
15,40,4,9,1,1,9/1/2019,,no,0,0,2,0,1,0,8.7,no leaves,3.8,no leaves,,,,,,,,,,,,,,,,,,,,Sophie,no,0
15,41,4,40,3,3,9/1/2019,,no,0,0,0,1,1,0,,,,,,,,,,,,,,,,,,,,,,,,Sophie,no,0
15,42,4,3,3,4,9/1/2019,,no,0,0,0,1,1,0,,,,,,,,,,,,,,,,,,,,,,,,Sophie,no,0
15,43,4,20,5,2,9/1/2019,,no,0,0,0,1,1,0,,,,,,,,,,,,,,,,,,,,,,,,Sophie,no,0
15,44,4,3,2,1,9/1/2019,,maybe,1,0,1,0,1,0,4.3,"0,0,0--",,,,,,,,,,,,,,,,,,,,,,Sophie,no,0
15,45,4,41,4,5,9/1/2019,,maybe,1,0,0,1,1,0,,,,,,,,,,,,,,,,,,,,,,,,Sophie,no,0
15,46,4,18,4,5,9/1/2019,,nothing there,1,1,,,,,,,,,,,,,,,,,,,,,,,,,,,,Sophie,,0
16,1,3,15,4,2,8/31/2019,,nothing there,1,0,2,0,no,no,14,9 0 0 2 0,10.6,12 6 20 15 0,,,,,,,,,,,,,,,,,,,,Sophie,,0
16,2,3,57,4,2,8/31/2019,,no,0,0,2,0,no,yes,7.2,0 0 0 0 0,11.1,0 0 0 0 0,,,,,,,,,,,,,,,,,,,,Sophie,no,0
16,3,3,27,1,1,8/31/2019,,nothing there,1,1,,,,,,,,,,,,,,,,,,,,,,,,,,,,Sophie,,0
16,4,3,77,2,1,8/31/2019,,no,0,0,1,0,no,no,16.5,0 0 0 0 0,,,,,,,,,,,,,,,,,,,,,,Sophie,no,0
16,5,3,29,4,4,8/31/2019,,no,0,0,2,0,no,no,2.7,0 0 0 0 0,8.3,0 0 0 0 0,,,,,,,,,,,,,,,,,,,,Sophie,no,0
16,6,3,21,3,2,8/31/2019,,no,0,0,3,0,no,no,21.5,0 4 2 3 0,4.2,95 0 0 45 5,23.1,0 6 45 92 0,,,,,,,,,,,,,,,,,,Sophie,no,0
16,7,3,31,1,2,8/31/2019,,no,0,0,1,0,yes,no,12.3,78 0 0 0 0,,,,,,,,,,,,,,,,,,,,,,Sophie,no,0
16,8,3,36,5,1,8/31/2019,,no,0,0,1,0,yes,no,16.2,0 0 0 0 0,,,,,,,,,,,,,,,,,,,,,,Sophie,no,0
16,9,3,21,4,2,8/31/2019,,no,0,0,1,0,yes,no,20,0 0 0 0 -,,,,,,,,,,,,,,,,,,,,,,Sophie,no,0
16,10,3,15,5,3,8/31/2019,,nothing there,1,0,1,0,no,yes,4.2,0 0 0 0 0,,,,,,,,,,,,,,,,,,,,,,Sophie,,0
16,11,3,46,4,4,8/31/2019,,no,0,0,2,0,yes,yes,13.7,0 0 0 0 0,18.9,0 0 0 0 0,,,,,,,,,,,,,,,,,,,,Sophie,no,0
16,12,3,5,2,1,8/31/2019,,nothing there,1,0,3,0,no,yes,4.2,0 0 0 0 0,6.5,0 0 0 0 0,6.6,0 0 0 0 0,,,,,,,,,,,,,,,,,,Sophie,,0
16,13,3,41,1,2,8/31/2019,,no,0,0,6,0,yes,no,1.7,0 0 0 0 0,0.3,50 50 50 50 50,4.8,no leaves,6.8,no leaves,14,no leaves,1.1,0 0 0 0 0,,,,,,,,,,,,Sophie,yes,1
16,14,3,49,2,2,8/31/2019,,nothing there,1,0,1,0,no,yes,6.2,0 4 0 0 1,,,,,,,,,,,,,,,,,,,,,,Sophie,,0
16,15,3,67,5,4,8/31/2019,,no,0,0,1,0,yes,yes,15.4,0 0 0 0 0,,,,,,,,,,,,,,,,,,,,,,Sophie,no,0
16,16,3,7,5,4,8/31/2019,,no,0,0,2,0,yes,no,16.9,96 ----,25,96 97 90 80 -,,,,,,,,,,,,,,,,,,,,Sophie,no,0
16,17,3,5,4,5,8/31/2019,,no,0,0,1,0,no,yes,4,0 0 0 0 0,,,,,,,,,,,,,,,,,,,,,,Sophie,no,0
16,18,3,4,5,5,8/31/2019,,maybe,1,1,,,,,,,,,,,,,,,,,,,,,,,,,,,,Sophie,no,0
16,19,3,68,5,1,8/31/2019,,maybe,1,0,2,1,yes,no,2.5,0 ----,0.5,too small,,,,,,,,,,,,,,,,,,,,Sophie,no,0
16,20,3,4,2,3,8/31/2019,,no,0,0,1,0,no,no,10,0 0 0 0 0,,,,,,,,,,,,,,,,,,,,,,Sophie,no,0
16,21,3,61,4,2,8/31/2019,,no,0,0,4,0,no,no,12.5,0 0 55 0 50,0.3,too small,0.2,too small,0.2,too small,,,,,,,,,,,,,,,,Sophie,no,0
16,22,3,39,4,4,8/31/2019,,maybe,1,0,1,0,yes,no,2.6,no leaves,,,,,,,,,,,,,,,,,,,,,,Sophie,no,0
16,23,3,1,5,3,8/31/2019,,no,0,0,4,0,yes,no,12,no leaves,4.6,no leaves,4,no leaves,0.1,too small,,,,,,,,,,,,,,,,Sophie,yes,1
16,24,3,2,3,2,8/31/2019,,no,0,0,2,1,yes,no,5.5,no leaves,8.4,no leaves,,,,,,,,,,,,,,,,,,,,Sophie,yes,1
16,25,3,19,1,3,8/31/2019,,maybe,1,0,2,0,no,yes,5,4 0 0 2 20,1.4,0 0 0 0 0,,,,,,,,,,,,,,,,,,,,Sophie,no,0
16,26,4,NO PLANT,NO PLANT,NO PLANT,9/1/2019,,NO PLANT,0,,,,,,,,,,,,,,,,,,,,,,,,,,,,,Sophie,,0
16,27,4,27,1,2,9/1/2019,,maybe,1,0,1,0,1,0,21,"0,0,0,0,0",,,,,,,,,,,,,,,,,,,,,,Sophie,no,0
16,28,4,2,4,2,9/1/2019,,maybe,1,0,2,0,1,0,17.7,"0,0,0,0,96",0.2,too small,,,,,,,,,,,,,,,,,,,,Sophie,no,0
16,29,4,30,2,5,9/1/2019,,no,0,1,,,,,,,,,,,,,,,,,,,,,,,,,,,,Sophie,no,0
16,30,4,19,1,4,9/1/2019,,maybe,1,0,2,0,0,0,15,"0,0,0,0,0",10.1,"0,0,0,0,0",,,,,,,,,,,,,,,,,,,,Sophie,no,0
16,31,4,39,1,4,9/1/2019,,no,0,0,3,0,1,1,20.4,"0,0,0,0,0",1.4,"0,0,0,0,0",1,"0,0,0--",,,,,,,,,,,,,,,,,,Sophie,yes,1
16,32,4,79,5,5,9/1/2019,,no,0,0,0,2,1,0,,,,,,,,,,,,,,,,,,,,,,,,Sophie,yes,1
16,33,4,18,2,5,9/1/2019,,no,0,0,2,0,1,0,22.4,"0,0,0,0,0",19.5,"0,0,0,0,0",,,,,,,,,,,,,,,,,,,,Sophie,no,0
16,34,4,31,2,4,9/1/2019,,no,0,0,2,1,1,0,5.6,"0,0,0,0,0",8,no leaves,,,,,,,,,,,,,,,,,,,,Sophie,yes,1
16,35,4,67,1,1,9/1/2019,,no,0,1,,,,,,,,,,,,,,,,,,,,,,,,,,,,Sophie,no,0
16,36,4,45,1,5,9/1/2019,,nothing there,1,0,2,0,1,0,5.7,no leaves,7.1,no leaves,,,,,,,,,,,,,,,,,,,,Sophie,,0
16,37,4,3,3,1,9/1/2019,,no,0,0,3,1,1,0,6.6,"0,0,0,0,0",1.1,too small,2.3,too small,,,,,,,,,,,,,,,,,,Sophie,no,0
16,38,4,79,2,3,9/1/2019,,maybe,1,0,1,1,1,0,17.2,"96,96,96,0,0,",,,,,,,,,,,,,,,,,,,,,,Sophie,no,0
16,39,4,68,3,2,9/1/2019,,no,0,0,3,0,1,0,,,,,,,,,,,,,,,,,,,,,,,,Sophie,no,0
16,40,4,39,1,2,9/1/2019,,no,0,0,3,0,1,1,2.4,"0,0,0,0,0",11.5,"0,0,0,0,0",17,"0,0,0,0,0",,,,,,,,,,,,,,,,,,Sophie,no,0
16,41,4,2,4,1,9/1/2019,,no,0,0,1,1,1,0,9.4,"0,0,0,0,0",,,,,,,,,,,,,,,,,,,,,,Sophie,no,0
16,42,4,20,5,3,9/1/2019,,no,0,0,1,2,1,0,1.2,too small,,,,,,,,,,,,,,,,,,,,,,Sophie,no,0
16,43,4,3,2,3,9/1/2019,,no,0,0,1,2,1,0,,,,,,,,,,,,,,,,,,,,,,,,Sophie,no,0
16,44,4,18,3,5,9/1/2019,,no,0,0,2,0,1,0,,,,,,,,,,,,,,,,,,,,,,,,Sophie,no,0
16,45,4,42,1,5,9/1/2019,,maybe,1,1,,,,,,,,,,,,,,,,,,,,,,,,,,,,Sophie,no,0
16,46,4,12,3,5,9/1/2019,,no,0,0,2,0,1,0,,,,,,,,,,,,,,,,,,,,,,,,Sophie,no,0
17,1,3,6,4,3,8/31/2019,,maybe,1,1,,,,,,,,,,,,,,,,,,,,,,,,,,,,Sophie,no,0
17,2,3,8,2,1,8/31/2019,,nothing there,1,1,,,,,,,,,,,,,,,,,,,,,,,,,,,,Sophie,,0
17,3,3,62,5,1,8/31/2019,,no,0,0,3,0,all,no,7.2,0 0 0 0 0,6.7,0 0 0 0 0,7.1,0 0 0 0 0,,,,,,,,,,,,,,,,,,Sophie,yes,1
17,4,3,12,5,5,8/31/2019,,no,0,0,2,1,all,no,8.5,0 0 0 0 0,12.4,no leaves,,,,,,,,,,,,,,,,,,,,Sophie,yes,1
17,5,3,8,1,3,8/31/2019,,nothing there,1,1,,,,,,,,,,,,,,,,,,,,,,,,,,,,Sophie,,0
17,6,3,79,5,4,8/31/2019,,no,0,0,2,0,all,no,7.3,0 0 0 0 0,15.1,0 0 0 0 0,,,,,,,,,,,,,,,,,,,,Sophie,no,0
17,7,3,3,4,5,8/31/2019,,no,0,0,2,0,all,y,17.2,0 0 0 0 0,15.7,98 96 96 0 0,,,,,,,,,,,,,,,,,,,,Sophie,no,0
17,8,3,46,3,4,8/31/2019,,no,0,0,1,0,no,no,17.1,0 8 0 0 1,,,,,,,,,,,,,,,,,,,,,,Sophie,yes,1
17,9,3,79,1,5,8/31/2019,,no,0,0,1,0,all,no,9.2,0 0 0 0 0,,,,,,,,,,,,,,,,,,,,,,Sophie,yes,1
17,10,3,39,4,5,8/31/2019,,no,0,0,3,0,all,no,10.1,0 0 0 0 0,9.5,0 0 0 0 0,22.1,,,,,,,,,,,,,,,,,,,Sophie,yes,1
17,11,3,69,2,3,8/31/2019,,no,0,0,1,0,no,no,13,3 26 0 0 0,,,,,,,,,,,,,,,,,,,,,,Sophie,no,0
17,12,3,67,4,4,8/31/2019,,maybe,1,0,1,0,no,no,14.9,0 0 0 25 96,,,,,,,,,,,,,,,,,,,,,,Sophie,no,0
17,13,3,11,2,1,8/31/2019,,no,0,0,4,0,no,yes,5.3,0 00 0 0,12.1,0 0 0 0 0,27.8,85 1 0 0 0,30,52 0 1 1 0,,,,,,,,,,,,,,,,Sophie,yes,1
17,14,3,13,5,1,8/31/2019,,no,0,0,2,0,all,no,7.7,no leaves,9.9,0 ----,,,,,,,,,,,,,,,,,,,,Sophie,no,0
17,15,3,54,1,5,8/31/2019,,no,0,0,1,0,no,yes,17.3,1 0 0 0 0,,,,,,,,,,,,,,,,,,,,,,Sophie,no,0
17,16,3,40,2,1,8/31/2019,,no,0,0,1,0,yes,no,19.8,98 ----,,,,,,,,,,,,,,,,,,,,,,Sophie,no,0
17,17,3,12,2,5,8/31/2019,,no,0,0,1,0,yes,yes,15.3,no leaves,,,,,,,,,,,,,,,,,,,,,,Sophie,no,0
17,18,3,15,4,5,8/31/2019,,no,0,0,2,0,all,no,10.9,25 0 0 0 0,11,0 0 0 0 0,,,,,,,,,,,,,,,,,,,,Sophie,no,0
17,19,3,77,5,2,8/31/2019,,no,0,0,1,1,yes,no,14.2,no leaves,,,,,,,,,,,,,,,,,,,,,,Sophie,no,0
17,20,3,40,1,1,8/31/2019,,no,0,0,1,0,yes,yes,17.3,no leaves,,,,,,,,,,,,,,,,,,,,,,Sophie,no,0
17,21,3,69,1,5,8/31/2019,,nothing there,1,1,,,,,,,,,,,,,,,,,,,,,,,,,,,,Sophie,,0
17,22,3,67,3,1,8/31/2019,,no,0,0,1,0,no,yes,14.6,0 0 0 0 0,,,,,,,,,,,,,,,,,,,,,,Sophie,no,0
17,23,3,36,4,5,8/31/2019,,maybe,1,1,,,,,,,,,,,,,,,,,,,,,,,,,,,,Sophie,no,0
17,24,3,16,1,3,8/31/2019,,no,0,0,2,0,no,yes,9.1,0 0 0 0 0,1.6,0 0 ---,,,,,,,,,,,,,,,,,,,,Sophie,no,0
17,25,3,13,1,1,8/31/2019,,no,0,0,1,2,no,no,1.4,0 0 0 0 -,,,,,,,,,,,,,,,,,,,,,,Sophie,yes,1
17,26,4,18,1,5,9/1/2019,,no,0,0,2,0,1,1,15,0 0 0 0 0,16,no leaves,2.2,no leaves,,,,,,,,,,,,,,,,,,Sophie,yes,1
17,27,4,61,3,2,9/1/2019,,no,0,0,1,0,1,0,18.2,0 0 0 0 0,,,,,,,,,,,,,,,,,,,,,,Sophie,no,0
17,28,4,12,4,3,9/1/2019,,no,0,0,1,0,1,0,9.6,no leaves,,,,,,,,,,,,,,,,,,,,,,Sophie,no,0
17,29,4,5,5,1,9/1/2019,,maybe,1,0,2,0,0,0,2.8,0 0 0 0 0,2.6,0 0 0 0 0,,,,,,,,,,,,,,,,,,,,Sophie,no,0
17,30,4,49,2,5,9/1/2019,,no,0,0,1,0,1,0,11.3,no leaves,,,,,,,,,,,,,,,,,,,,,,Sophie,no,0
17,31,4,74,1,1,9/1/2019,,maybe,0,0,2,0,1,0,0.4,too small,6.5,no leaves,,,,,,,,,,,,,,,,,,,,Sophie,no,0
17,32,4,36,4,3,9/1/2019,,nothing there,1,0,3,0,1,0,0.4,too small,10.6,no leaves,4,no leaves,,,,,,,,,,,,,,,,,,Sophie,,0
17,33,4,67,3,4,9/1/2019,,no,1,0,2,0,1,0,1.5,no leaves,2.5,no leaves,,,,,,,,,,,,,,,,,,,,Sophie,no,0
17,34,4,15,1,3,9/1/2019,,nothing there,1,1,,,,,,,,,,,,,,,,,,,,,,,,,,,,Sophie,,0
17,35,4,5,3,4,9/1/2019,,nothing there,1,0,3,0,1,0,6,no leaves,2.5,0 0 0 0 0,11,no leaves,,,,,,,,,,,,,,,,,,Sophie,,0
17,36,4,16,3,2,9/1/2019,,no,0,0,0,2,1,0,,,,,,,,,,,,,,,,,,,,,,,,Sophie,no,0
17,37,4,7,2,5,9/1/2019,,no,0,0,0,1,1,0,,,,,,,,,,,,,,,,,,,,,,,,Sophie,no,0
17,38,4,26,1,5,9/1/2019,,no,0,0,1,1,1,0,3.1,no leaves,,,,,,,,,,,,,,,,,,,,,,Sophie,no,0
17,39,4,57,3,3,9/1/2019,,no,0,0,4,3,1,0,3.1,0 0 0 0 0,2.1,0 0 0 0 0,2,0 0 0 0 0,0.2,too small,,,,,,,,,,,,,,,,Sophie,no,0
17,40,4,68,2,4,9/1/2019,,nothing there,1,1,,,,,,,,,,,,,,,,,,,,,,,,,,,,Sophie,,0
17,41,4,19,2,3,9/1/2019,,no,0,0,0,1,1,0,,,,,,,,,,,,,,,,,,,,,,,,Sophie,no,0
17,42,4,61,5,4,9/1/2019,,maybe,1,0,1,0,1,0,3.5,0 0 0 0 0,,,,,,,,,,,,,,,,,,,,,,Sophie,no,0
17,43,4,30,3,2,9/1/2019,,no,0,0,0,2,0,0,,,,,,,,,,,,,,,,,,,,,,,,Sophie,no,0
17,44,4,5,4,2,9/1/2019,,no,0,0,0,1,0,0,,,,,,,,,,,,,,,,,,,,,,,,Sophie,no,0
17,45,4,27,5,5,9/1/2019,,no,0,0,1,0,0,0,3,0 0 0 0 0,,,,,,,,,,,,,,,,,,,,,,Sophie,no,0
17,46,4,1,4,4,9/1/2019,,no,0,0,2,1,1,0,17,0 0 0 0 0,8.9,0 0 0 0 0,,,,,,,,,,,,,,,,,,,,Sophie,no,0
18,1,3,5,1,2,8/31/2019,,no,1,0,1,0,no,no,3.3,0 0 0 0 0,,,,,,,,,,,,,,,,,,,,,,Sophie,no,0
18,2,3,39,2,3,8/31/2019,,maybe,1,0,1,0,no,no,3.3,0 0 0 0 0,,,,,,,,,,,,,,,,,,,,,,Sophie,no,0
18,3,3,61,1,4,8/31/2019,,no,0,0,1,1,all,no,3.6,22 - - - -,,,,,,,,,,,,,,,,,,,,,,Sophie,no,0
18,4,3,64,5,4,8/31/2019,,no,0,0,3,0,all,no,12.6,0 0 0 0 0,15.6,0 0 0 0 0,3.1,10 15 0 0 0,,,,,,,,,,,,,,,,,,Sophie,no,0
18,5,3,46,4,5,8/31/2019,,no,0,0,3,0,all,no,14,0 98 0 0 0 ,8.6,0 0 0 0 0,7.1,0 0 0 0 0,,,,,,,,,,,,,,,,,,Sophie,no,0
18,6,3,2,3,3,8/31/2019,,no,0,0,2,0,no,no,8.6,0 0 0 0 0,8,0 0 0 0 1,,,,,,,,,,,,,,,,,,,,Sophie,no,0
18,7,3,17,2,2,8/31/2019,,nothing there,1,1,,,,,,,,,,,,,,,,,,,,,,,,,,,,Sophie,,0
18,8,3,68,1,3,8/31/2019,,no,0,0,1,0,all,no,11.9,0 0 0 0 0,,,,,,,,,,,,,,,,,,,,,,Sophie,no,0
18,9,3,4,4,3,8/31/2019,,maybe,1,0,2,0,no,no,10.5,50 44 0 24 20,4.8,0 0 9 3 0,,,,,,,,,,,,,,,,,,,,Sophie,no,0
18,10,3,3,5,2,8/31/2019,,maybe,0,0,1,1,all,no,14,0 0 0 0 0,,,,,,,,,,,,,,,,,,,,,,Sophie,no,0
18,11,3,18,3,2,8/31/2019,,maybe,0,0,3,0,1,no,5.3,0 0 0 0 0,9.3,96 - - - -,7.9,0 0 0 0 0,,,,,,,,,,,,,,,,,,Sophie,no,0
18,12,3,56,3,2,8/31/2019,,no,0,0,1,0,all,y,15.5,92 0 0 85 0,,,,,,,,,,,,,,,,,,,,,,Sophie,yes,1
18,13,3,42,1,3,8/31/2019,,no,0,0,3,1,1,no,6.9,no leaves,6,0 0 0 0 0,7.8,0 0 0 0 0,,,,,,,,,,,,,,,,,,Sophie,no,0
18,14,3,62,5,4,8/31/2019,,no,1,0,2,0,yes,no,4.9,no leaves,13.2,90 92 - - -,,,,,,,,,,,,,,,,,,,,Sophie,yes,1
18,15,3,14,3,4,8/31/2019,,no,0,0,1,0,no,y,12.1,2 0 60 0 24,,,,,,,,,,,,,,,,,,,,,,Sophie,yes,1
18,16,3,28,4,2,8/31/2019,,no,0,0,4,0,all,n,7,no leaves,1.9,no leaves,3.4,no leaves,8.1,no leaves,,,,,,,,,,,,,,,,Sophie,yes,1
18,17,3,11,1,5,8/31/2019,,no,0,0,3,0,all,n,5.4,no leaves,6.6,no leaves,10.3,no leaves,,,,,,,,,,,,,,,,,,Sophie,yes,1
18,18,3,49,3,2,8/31/2019,,no,0,0,5,0,all,n,8.6,no leaves,10.2,no leaves,2.2,no leaves,2.3,no leaves,9.4,no leaves,,,,,,,,,,,,,,Sophie,yes,1
18,19,3,7,4,5,8/31/2019,,no,0,0,2,0,all,n,9,no leaves,5.1,no leaves,,,,,,,,,,,,,,,,,,,,Sophie,yes,1
18,20,3,15,1,1,8/31/2019,,no,0,0,0,1,no,n,,,,,,,,,,,,,,,,,,,,,,,,Sophie,no,0
18,21,3,69,1,3,8/31/2019,,no,1,0,2,0,all,n,3.1,no leaves,2.7,no leaves,,,,,,,,,,,,,,,,,,,,Sophie,yes,1
18,22,3,74,5,3,8/31/2019,,no,0,0,3,0,all,n,9,no leaves,26,no leaves,21.5,no leaves,,,,,,,,,,,,,,,,,,Sophie,yes,1
18,23,3,47,3,4,8/31/2019,,no,0,0,1,0,all,n,2,no leaves,,,,,,,,,,,,,,,,,,,,,,Sophie,yes,1
18,24,3,62,3,2,8/31/2019,,no,0,0,2,0,all,n,3.9,0 0 0 0 0,5.7,0 0 0 0 0,,,,,,,,,,,,,,,,,,,,Sophie,yes,1
18,25,3,39,1,3,8/31/2019,,no,0,0,4,0,all,y,14.2,no leaves,2.6,no leaves,1.7,no leaves,10.7,no leaves,,,,,,,,,,,,,,,,Sophie,yes,1
18,26,4,36,5,5,9/1/2019,,nothing there,0,0,1,8,1,0,5,no leaves,,,,,,,,,,,,,,,,,,,,,,Sophie,,0
18,27,4,6,3,2,9/1/2019,,nothing there,1,0,1,0,0,0,5.1,0 0 0 0 0,,,,,,,,,,,,,,,,,,,,,,Sophie,,0
18,28,4,39,1,1,9/1/2019,,no,0,0,1,0,1,0,11.2,"78,0,0,60,60",,,,,,,,,,,,,,,,,,,,,,Sophie,no,0
18,29,4,20,1,1,9/1/2019,,no,0,0,1,0,1,0,13.5,0 0 0 0 0,,,,,,,,,,,,,,,,,,,,,,Sophie,no,0
18,30,4,21,1,5,9/1/2019,,no,0,0,2,0,1,0,13.1,0 0 0 0 0,2.8,0 0 0 0 0,,,,,,,,,,,,,,,,,,,,Sophie,no,0
18,31,4,64,1,5,9/1/2019,,nothing there,1,0,1,0,0,0,7.3,0 0 0 0 0,,,,,,,,,,,,,,,,,,,,,,Sophie,,0
18,32,4,5,3,3,9/1/2019,,maybe,1,0,2,0,1,0,2.8,0 0 0 0 0,7.5,0 0 0 0 0,,,,,,,,,,,,,,,,,,,,Sophie,no,0
18,33,4,18,5,4,9/1/2019,,no,0,0,0,1,1,0,,,,,,,,,,,,,,,,,,,,,,,,Sophie,yes,1
18,34,4,21,1,1,9/1/2019,,no,0,0,3,0,1,0,3.9,no leaves,2,0 0 0 0 0,2.3,0 0 0 0 0,,,,,,,,,,,,,,,,,,Sophie,no,0
18,35,4,6,5,5,9/1/2019,,maybe,1,1,,,,,,,,,,,,,,,,,,,,,,,,,,,,Sophie,no,0
18,36,4,35,2,3,9/1/2019,,maybe,1,0,1,0,1,0,2.1,0 0 0 0 0,,,,,,,,,,,,,,,,,,,,,,Sophie,no,0
18,37,4,69,2,5,9/1/2019,,no,0,0,0,5,0,0,,,,,,,,,,,,,,,,,,,,,,,,Sophie,yes,1
18,38,4,31,4,1,9/1/2019,,no,0,0,1,3,1,0,2.1,0 0 0 0 0,,,,,,,,,,,,,,,,,,,,,,Sophie,yes,1
18,39,4,30,3,5,9/1/2019,,no,0,0,2,2,1,0,1.8,too small,2,too small,,,,,,,,,,,,,,,,,,,,Sophie,no,0
18,40,4,46,2,1,9/1/2019,,no,0,0,0,1,1,0,,,,,,,,,,,,,,,,,,,,,,,,Sophie,no,0
18,41,4,3,5,5,9/1/2019,,no,0,0,0,1,1,0,,,,,,,,,,,,,,,,,,,,,,,,Sophie,no,0
18,42,4,18,2,3,9/1/2019,,no,0,0,1,4,1,0,8.5,0 0 0 0 0,,,,,,,,,,,,,,,,,,,,,,Sophie,no,0
18,43,4,40,5,4,9/1/2019,,no,0,0,0,2,1,0,,,,,,,,,,,,,,,,,,,,,,,,Sophie,no,0
18,44,4,20,3,1,9/1/2019,,no,0,0,0,2,1,0,,,,,,,,,,,,,,,,,,,,,,,,Sophie,no,0
18,45,4,3,1,1,9/1/2019,,no,0,0,0,2,1,0,,,,,,,,,,,,,,,,,,,,,,,,Sophie,yes,1
18,46,4,2,2,4,9/1/2019,,no,0,0,1,1,1,0,6.2,no leaves,,,,,,,,,,,,,,,,,,,,,,Sophie,no,0
19,1,3,2,2,1,8/30/2019,,no,0,0,3,0,0,0,18.2,"2,0,0,2,2",15.4,"25,25,0,0,0",27.9,"35,0,3,4,22",,,,,,,,,,,,,,,,,,Sophie,no,0
19,2,3,31,3,1,8/30/2019,,maybe,0,0,2,0,0,1,8.3,"25,0,0,0,0",12.5,"10,0,0,0,0",,,,,,,,,,,,,,,,,,,,Sophie,no,0
19,3,3,40,4,3,8/30/2019,,no,0,0,1,0,0,0,18.1,"0,0,0,0,0",,,,,,,,,,,,,,,,,,,,,,Sophie,no,0
19,4,3,4,2,5,8/30/2019,,maybe,1,0,1,0,0,0,3.3,"0,0,0,0,0",,,,,,,,,,,,,,,,,,,,,,Sophie,no,0
19,5,3,72,2,5,8/30/2019,,no,0,1,,,,,,,,,,,,,,,,,,,,,,,,,,,,Sophie,no,0
19,6,3,64,5,5,8/30/2019,,no,0,0,3,0,1,0,2.8,no leaves,1.1,0----,10.4,no leaves,,,,,,,,,,,,,,,,,,Sophie,no,0
19,7,3,69,2,2,8/30/2019,,nothing there,1,0,1,0,1,0,3.5,no leaves,,,,,,,,,,,,,,,,,,,,,,Sophie,,0
19,8,3,26,1,3,8/30/2019,,no,0,0,2,0,1,0,6.2,"0,0,0,10,",13.5,"0,0,0,0,0",,,,,,,,,,,,,,,,,,,,Sophie,no,0
19,9,3,61,5,2,8/30/2019,,no,0,0,1,0,0,0,17.1,"1,1,1,0,85",,,,,,,,,,,,,,,,,,,,,,Sophie,no,0
19,10,3,45,1,3,8/30/2019,,maybe,1,1,,,,,,,,,,,,,,,,,,,,,,,,,,,,Sophie,no,0
19,11,3,72,4,1,8/30/2019,,no,0,1,,,,,,,,,,,,,,,,,,,,,,,,,,,,Sophie,yes,1
19,12,3,18,3,4,8/30/2019,,no,0,0,2,1,1,0,8.3,"1,0,0,0,0",9.7,"2,0,15,4,0",,,,,,,,,,,,,,,,,,,,Sophie,no,0
19,13,3,19,2,1,8/30/2019,,no,0,0,1,0,1,0,12.7,"0,0,0,0,0",,,,,,,,,,,,,,,,,,,,,,Sophie,yes,1
19,14,3,64,3,1,8/30/2019,,maybe,1,0,3,0,0,0,10.3,"0,0,0,0,0",2.5,"0,0,0,0,0",1.6,"0,0,0,0,0",,,,,,,,,,,,,,,,,,Sophie,no,0
19,15,3,47,1,2,8/30/2019,,no,0,0,3,0,1,0,17.5,"0,0,0,0,0",4.2,"0,0,0,0,0",0.6,too small,,,,,,,,,,,,,,,,,,Sophie,no,0
19,16,3,2,5,1,8/30/2019,,nothing there,1,1,,,,,,,,,,,,,,,,,,,,,,,,,,,,Sophie,,0
19,17,3,6,3,3,8/30/2019,,no,0,0,1,0,1,0,11.1,no leaves,,,,,,,,,,,,,,,,,,,,,,Sophie,no,0
19,18,3,12,1,1,8/30/2019,,no,0,0,0,2,1,0,,,,,,,,,,,,,,,,,,,,,,,,Sophie,no,0
19,19,3,46,2,4,8/30/2019,,no,0,0,0,1,1,0,,,,,,,,,,,,,,,,,,,,,,,,Sophie,yes,1
19,20,3,28,4,3,8/30/2019,,no,0,0,2,0,1,0,16.5,"0,0,---",4.9,no leaves,,,,,,,,,,,,,,,,,,,,Sophie,no,0
19,21,3,74,1,4,8/30/2019,,maybe,1,0,1,0,1,0,8.8,"0,0,3,0,0",,,,,,,,,,,,,,,,,,,,,,Sophie,no,0
19,22,3,46,3,1,8/30/2019,,no,0,0,2,0,1,0,7.3,"0,0,0,0,0",12.1,"0,0,0,0,0",,,,,,,,,,,,,,,,,,,,Sophie,yes,1
19,23,3,6,1,4,8/30/2019,,no,0,0,2,0,0,0,7,"0,0,0,0,0",7.5,"0,0,0,0,0",,,,,,,,,,,,,,,,,,,,Sophie,yes,1
19,24,3,61,3,5,8/30/2019,,maybe,0,0,3,0,1,0,3.6,too small,2.3,too small,6,"0,0,0,0,0",,,,,,,,,,,,,,,,,,Sophie,no,0
19,25,3,15,2,2,8/30/2019,,no,0,0,4,0,1,0,6.7,"0,0,0,0,0",8.2,no leaves,6.6,no leaves,4.4,"0,0,0,0,0",,,,,,,,,,,,,,,,Sophie,no,0
19,26,4,8,1,5,9/1/2019,,no,0,0,2,0,1,0,15,"0,0,0,0,0",5,"2,----",,,,,,,,,,,,,,,,,,,,Sophie,no,0
19,27,4,1,5,1,9/1/2019,,no,0,0,1,0,1,0,16.5,"0,0,0,0,2",,,,,,,,,,,,,,,,,,,,,,Sophie,no,0
19,28,4,13,2,2,9/1/2019,,maybe,1,0,1,0,0,0,7.3,"0,0,0,0,0",,,,,,,,,,,,,,,,,,,,,,Sophie,no,0
19,29,4,61,3,1,9/1/2019,,no,0,0,3,0,1,0,10.4,no leaves,3.3,no leaves,1.8,no leaves,,,,,,,,,,,,,,,,,,Sophie,no,0
19,30,4,7,2,1,9/1/2019,,no,0,0,1,0,1,0,16.5,no leaves,,,,,,,,,,,,,,,,,,,,,,Sophie,no,0
19,31,4,1,4,2,9/1/2019,,no,0,0,1,0,1,0,16.3,"0,0,0,0,0",,,,,,,,,,,,,,,,,,,,,,Sophie,no,0
19,32,4,62,5,3,9/1/2019,,maybe,1,0,0,1,1,0,,,,,,,,,,,,,,,,,,,,,,,,Sophie,no,0
19,33,4,57,4,3,9/1/2019,,no,0,0,1,0,1,0,11.7,"0,0,0,0,0",,,,,,,,,,,,,,,,,,,,,,Sophie,no,0
19,34,4,29,5,5,9/1/2019,,no,0,0,1,0,1,0,5.1,"0,0,0,0,0",,,,,,,,,,,,,,,,,,,,,,Sophie,no,0
19,35,4,28,1,1,9/1/2019,,no,0,0,1,0,1,0,5.2,no leaves,,,,,,,,,,,,,,,,,,,,,,Sophie,no,0
19,36,4,11,4,1,9/1/2019,,maybe,1,1,,,,,,,,,,,,,,,,,,,,,,,,,,,,Sophie,no,0
19,37,4,27,5,1,9/1/2019,,no,0,0,0,1,1,0,,,,,,,,,,,,,,,,,,,,,,,,Sophie,no,0
19,38,4,79,3,2,9/1/2019,,maybe,0,0,1,0,1,0,15.3,"0,0,0,95,98",,,,,,,,,,,,,,,,,,,,,,Sophie,no,0
19,39,4,21,2,4,9/1/2019,,no,0,0,1,0,1,0,20.4,no leaves,,,,,,,,,,,,,,,,,,,,,,Sophie,no,0
19,40,4,15,1,2,9/1/2019,,no,0,0,0,1,1,,,,,,,,,,,,,,,,,,,,,,,,,Sophie,no,0
19,41,4,19,2,5,9/1/2019,,no,0,0,1,1,1,0,16.4,"0,0,0,0,0",,,,,,,,,,,,,,,,,,,,,,Sophie,no,0
19,42,4,9,2,3,9/1/2019,,no,0,0,1,0,1,0,13.2,no leaves,,,,,,,,,,,,,,,,,,,,,,Sophie,no,0
19,43,4,49,2,1,9/1/2019,,no,0,0,1,1,1,0,6.5,"0,0,0,0,0",,,,,,,,,,,,,,,,,,,,,,Sophie,no,0
19,44,4,20,3,3,9/1/2019,,no,0,0,0,2,1,0,,,,,,,,,,,,,,,,,,,,,,,,Sophie,no,0
19,45,4,15,3,2,9/1/2019,,no,0,0,3,0,0,0,10.5,"0,0,0,0,0",4,"0,0,0,0,0",4.6,"0,0,0,0,0",,,,,,,,,,,,,,,,,,Sophie,yes,1
19,46,4,46,3,5,9/1/2019,,no,0,0,0,6,1,0,,,,,,,,,,,,,,,,,,,,,,,,Sophie,yes,1
20,1,3,2,3,4,8/30/2019,,no,0,0,3,0,1,0,11.5,no leaves,9,"0,0,0,0,0",9,"0,0,---",,,,,,,,,,,,,,,,,,Sophie,yes,1
20,2,3,56,3,1,8/30/2019,,no,0,1,,,,,,,,,,,,,,,,,,,,,,,,,,,,Sophie,yes,1
20,3,3,3,3,2,8/30/2019,,maybe,1,1,,,,,,,,,,,,,,,,,,,,,,,,,,,,Sophie,,0
20,4,3,46,5,4,8/30/2019,,no,0,0,1,0,0,0,18.4,"50,0,0,0,0",,,,,,,,,,,,,,,,,,,,,,Sophie,yes,1
20,5,3,29,1,1,8/30/2019,,no,1,0,2,0,0,0,4.2,"0,0,0,20,0",8.2,"0,0,0,0,0",,,,,,,,,,,,,,,,,,,,Sophie,no,0
20,6,3,19,5,3,8/30/2019,,maybe,1,0,2,0,1,0,4.5,1----,2.5,"0,0,0,0,-",,,,,,,,,,,,,,,,,,,,Sophie,no,0
20,7,3,49,1,3,8/30/2019,,nothing there,1,1,,,,,,,,,,,,,,,,,,,,,,,,,,,,Sophie,,0
20,8,3,27,2,2,8/30/2019,,nothing there,1,0,2,0,1,0,2.6,"0,0,---",4.7,no leaves,,,,,,,,,,,,,,,,,,,,Sophie,,0
20,9,3,36,5,4,8/30/2019,,no,0,0,1,0,1,0,6.3,"1,0,0,0,0",,,,,,,,,,,,,,,,,,,,,,Sophie,no,0
20,10,3,21,5,2,8/30/2019,,no,0,0,2,0,1,0,11.3,"0,0,0,0,-",12.4,no leaves,,,,,,,,,,,,,,,,,,,,Sophie,yes,1
20,11,3,1,5,4,8/30/2019,,no,0,0,1,0,1,0,14.5,no leaves,,,,,,,,,,,,,,,,,,,,,,Sophie,no,0
20,12,3,67,5,2,8/30/2019,,maybe,0,0,1,2,1,0,7,"0,0,0,0,0",,,,,,,,,,,,,,,,,,,,,,Sophie,no,0
20,13,3,3,4,4,8/30/2019,,no,0,0,6,0,1,0,12.7,"0,0,0,0,0",14.4,"0,0,0,0,0",10,"0,0,0,0,0",1,no leaves,3.5,"0,0,0,0,0",2.8,"0,0,0,0,0",,,,,,,,,,,,Sophie,yes,1
20,14,3,30,4,1,8/30/2019,,no,0,0,1,0,1,0,16.7,"75,98,8,3,-",,,,,,,,,,,,,,,,,,,,,,Sophie,no,0
20,15,3,1,3,3,8/30/2019,,maybe,0,0,2,0,1,1,14.5,no leaves,1.1,no leaves,,,,,,,,,,,,,,,,,,,,Sophie,no,0
20,16,3,72,1,4,8/30/2019,,no,0,0,1,0,0,0,5.4,"0,0,0,0,0",,,,,,,,,,,,,,,,,,,,,,Sophie,yes,1
20,17,3,6,1,5,8/30/2019,,no,0,0,1,1,1,0,12.5,"35,50,0,50,26",,,,,,,,,,,,,,,,,,,,,,Sophie,no,0
20,18,3,67,3,3,8/30/2019,,maybe,1,0,2,0,0,0,12.7,"0,0,0,0,0",9.9,"0,0,0,0,0",,,,,,,,,,,,,,,,,,,,Sophie,no,0
20,19,3,5,3,1,8/30/2019,,no,0,0,1,0,1,0,19.2,"0,0,0,0,0",,,,,,,,,,,,,,,,,,,,,,Sophie,no,0
20,20,3,11,2,2,8/30/2019,,no,0,0,2,0,1,0,8.5,no leaves,12.3,no leaves,,,,,,,,,,,,,,,,,,,,Sophie,yes,1
20,21,3,18,1,3,8/30/2019,,maybe,1,0,0,1,,,,,,,,,,,,,,,,,,,,,,,,,,Sophie,no,0
20,22,3,57,2,2,8/30/2019,,no,0,0,1,0,1,0,8.9,0----,,,,,,,,,,,,,,,,,,,,,,Sophie,no,0
20,23,3,18,4,4,8/30/2019,,no,0,0,1,1,1,0,9.8,no leaves,,,,,,,,,,,,,,,,,,,,,,Sophie,yes,1
20,24,3,8,3,4,8/30/2019,,no,0,0,1,0,1,0,15.5,"0,0,0,58,25",,,,,,,,,,,,,,,,,,,,,,Sophie,no,0
20,25,3,51,4,4,8/30/2019,,no,0,0,1,0,1,0,19.7,"0,0,0,0,0",,,,,,,,,,,,,,,,,,,,,,Sophie,yes,1
20,26,4,31,4,5,9/1/2019,,no,0,0,1,1,1,1,6.8,"0,0,0,0,0",,,,,,,,,,,,,,,,,,,,,,Sophie,no,0
20,27,4,19,3,3,9/1/2019,,no,0,0,3,0,3,0,10,"0,0,0,0,0",10,"0,0,0,0,0",8.1,"0,0,0,0,0",,,,,,,,,,,,,,,,,,Sophie,no,0
20,28,4,5,2,5,9/1/2019,,no,0,0,1,0,1,0,12.5,"0,0,0,0,0",,,,,,,,,,,,,,,,,,,,,,Sophie,no,0
20,29,4,36,2,3,9/1/2019,,no,0,0,2,0,1,0,8.2,no leaves,6.7,no leaves,,,,,,,,,,,,,,,,,,,,Sophie,no,0
20,30,4,18,4,2,9/1/2019,,no,0,0,2,0,1,0,12,"0,0,0,0,0",5.1,"0,0,0,0,20",,,,,,,,,,,,,,,,,,,,Sophie,no,0
20,31,4,30,2,3,9/1/2019,,no,0,0,0,2,1,0,,,,,,,,,,,,,,,,,,,,,,,,Sophie,no,0
20,32,4,79,1,2,9/1/2019,,no,0,0,2,0,1,1,21.4,"0,0,0,0,0",20.5,"0,0,0,0,0",,,,,,,,,,,,,,,,,,,,Sophie,no,0
20,33,4,36,1,3,9/1/2019,,no,0,0,3,2,1,0,7.1,"0,0,0,0,0",3.6,"0,0,0,0,0",0.2,too small,,,,,,,,,,,,,,,,,,Sophie,no,0
20,34,4,2,5,2,9/1/2019,,no,0,0,3,0,1,1,1.8,no leaves,1.6,no leaves,12.7,"0,0,0,0,0",,,,,,,,,,,,,,,,,,Sophie,no,0
20,35,4,28,4,1,9/1/2019,,no,0,0,3,0,1,1,13.2,no leaves,6.8,no leaves,14,no leaves,,,,,,,,,,,,,,,,,,Sophie,no,0
20,36,4,77,1,3,9/1/2019,,no,0,0,1,2,1,0,0.6,too small,,,,,,,,,,,,,,,,,,,,,,Sophie,no,0
20,37,4,40,2,3,9/1/2019,,no,0,0,3,1,1,1,3.4,"0,0,0,0,0",11.5,"0,0,0,0,0",24,"0,0,0,0,3",,,,,,,,,,,,,,,,,,Sophie,no,0
20,38,4,15,4,3,9/1/2019,,no,0,0,2,0,1,0,15.4,"0,0,0,0,0",11,no leaves,,,,,,,,,,,,,,,,,,,,Sophie,no,0
20,39,4,47,1,3,9/1/2019,,maybe,0,0,1,0,1,0,7.5,no leaves,,,,,,,,,,,,,,,,,,,,,,Sophie,no,0
20,40,4,3,5,3,9/1/2019,,no,0,0,0,2,1,0,,,,,,,,,,,,,,,,,,,,,,,,Sophie,no,0
20,41,4,30,5,1,9/1/2019,,no,0,0,6,1,1,0,4.9,"0,0,0,0,0",7,no leaves,5.6,no leaves,5.6,no leaves,7.1,no leaves,7.2,no leaves,,,,,,,,,,,,Sophie,yes,1
20,42,4,27,4,4,9/1/2019,,no,0,0,1,2,1,0,5.3,"0,0,0,0,0",,,,,,,,,,,,,,,,,,,,,,Sophie,yes,1
20,43,4,18,5,5,9/1/2019,,nothing there,1,1,,,,,,,,,,,,,,,,,,,,,,,,,,,,Sophie,,0
20,44,4,2,3,5,9/1/2019,,no,0,0,1,1,1,1,25.8,"0,0,0,0,0",,,,,,,,,,,,,,,,,,,,,,Sophie,no,0
20,45,4,36,3,2,9/1/2019,,nothing there,1,1,,,,,,,,,,,,,,,,,,,,,,,,,,,,Sophie,,0
20,46,4,35,3,4,9/1/2019,,no,0,0,1,0,0,0,17.1,"5,0,0,9,0",,,,,,,,,,,,,,,,,,,,,,Sophie,no,0
21,1,3,30,2,2,8/30/2019,,no,0,0,2,0,1,0,10.6,no leaves,16.7,no leaves,,,,,,,,,,,,,,,,,,,,Sophie,yes,1
21,2,3,8,3,1,8/30/2019,,no,0,0,2,0,1,0,9.8,no leaves,10.8,no leaves,,,,,,,,,,,,,,,,,,,,Sophie,no,0
21,3,3,31,1,4,8/30/2019,,no,1,0,1,0,1,0,7.3,"0,0,0,0,0",,,,,,,,,,,,,,,,,,,,,,Sophie,no,0
21,4,3,2,1,4,8/30/2019,,maybe,1,0,1,0,0,0,2.4,"0,0,0,0,0",,,,,,,,,,,,,,,,,,,,,,Sophie,no,0
21,5,3,16,3,1,8/30/2019,,nothing there,1,1,,,,,,,,,,,,,,,,,,,,,,,,,,,,Sophie,,0
21,6,3,29,5,1,8/30/2019,,maybe,1,1,,,,,,,,,,,,,,,,,,,,,,,,,,,,Sophie,yes,1
21,7,3,8,2,4,8/30/2019,,maybe,1,0,2,0,0,1,11,too small,62,"90,58,---",,,,,,,,,,,,,,,,,,,,Sophie,yes,1
21,8,3,16,1,5,8/30/2019,,maybe,1,1,,,,,,,,,,,,,,,,,,,,,,,,,,,,Sophie,yes,1
21,9,3,67,2,3,8/30/2019,,maybe,0,0,1,2,1,0,10,too small,,,,,,,,,,,,,,,,,,,,,,Sophie,yes,1
21,10,3,46,1,4,8/30/2019,,no,0,0,2,0,0,0,21.6,"3,45,5,0,0",13.4,"0,2,1,5,12",,,,,,,,,,,,,,,,,,,,Sophie,no,0
21,11,3,72,5,2,8/30/2019,,no,1,0,2,0,1,0,4.6,"0,0,0,0,0",8.8,"0,0,0,0,0",,,,,,,,,,,,,,,,,,,,Sophie,no,0
21,12,3,3,1,2,8/30/2019,,nothing there,1,1,,,,,,,,,,,,,,,,,,,,,,,,,,,,Sophie,,0
21,13,3,2,4,4,8/30/2019,,nothing there,1,1,,,,,,,,,,,,,,,,,,,,,,,,,,,,Sophie,,0
21,14,3,47,3,1,8/30/2019,,no,0,0,1,1,1,0,13.3,"0,0,0,0,2",,,,,,,,,,,,,,,,,,,,,,Sophie,yes,1
21,15,3,51,4,5,8/30/2019,,no,0,0,2,0,1,0,2.3,"0,0,0--",9,no leaves,,,,,,,,,,,,,,,,,,,,Sophie,no,0
21,16,3,14,2,4,8/30/2019,,nothing there,1,1,,,,,,,,,,,,,,,,,,,,,,,,,,,,Sophie,,0
21,17,3,42,2,3,8/30/2019,,maybe,1,0,3,0,1,0,6.5,"0,0,0,0,24",7.7,no leaves,5.8,"0,0,0,0,0",,,,,,,,,,,,,,,,,,Sophie,no,0
21,18,3,13,5,3,8/30/2019,,maybe,1,1,,,,,,,,,,,,,,,,,,,,,,,,,,,,Sophie,no,0
21,19,3,47,5,5,8/30/2019,,no,0,0,2,0,1,1,15.2,"0,0,0,0,0",8.4,"0,0,0,0,94",,,,,,,,,,,,,,,,,,,,Sophie,no,0
21,20,3,77,4,1,8/30/2019,,no,0,0,2,0,1,0,7.6,"0,0,---",1.8,"0,0,0,0,0",,,,,,,,,,,,,,,,,,,,Sophie,yes,1
21,21,3,30,3,4,8/30/2019,,no,0,0,2,0,1,1,10.4,"0,0,---",4.1,no leaves,,,,,,,,,,,,,,,,,,,,Sophie,no,0
21,22,3,6,5,1,8/30/2019,,no,0,0,1,0,0,0,15.9,"0,0,0,0,0",,,,,,,,,,,,,,,,,,,,,,Sophie,no,0
21,23,3,18,4,1,8/30/2019,,no,0,0,1,0,0,0,18.5,"0,0,0,0,0",,,,,,,,,,,,,,,,,,,,,,Sophie,no,0
21,24,3,35,5,4,8/30/2019,,no,0,0,2,0,1,0,11.2,"0,0,0,0,0",8.2,"0,0,0,0,0",,,,,,,,,,,,,,,,,,,,Sophie,no,0
21,25,3,35,3,1,8/30/2019,,nothing there,1,1,,,,,,,,,,,,,,,,,,,,,,,,,,,,Sophie,no,0
21,26,4,30,5,5,9/1/2019,,maybe,1,0,0,1,1,0,,,,,,,,,,,,,,,,,,,,,,,,Sophie,no,0
21,27,4,18,2,2,9/1/2019,,no,0,0,0,1,1,0,,,,,,,,,,,,,,,,,,,,,,,,Sophie,yes,1
21,28,4,8,2,3,9/1/2019,,no,0,0,1,0,1,0,10.6,"0,0,0,0,0",,,,,,,,,,,,,,,,,,,,,,Sophie,yes,1
21,29,4,68,2,1,9/1/2019,,no,0,0,1,0,1,0,16.7,"0,0,0,0,0",,,,,,,,,,,,,,,,,,,,,,Sophie,no,0
21,30,4,6,4,1,9/1/2019,,no,0,0,1,1,1,0,6.3,"0,0,0,0,0",,,,,,,,,,,,,,,,,,,,,,Sophie,no,0
21,31,4,4,5,3,9/1/2019,,nothing there,1,1,,,,,,,,,,,,,,,,,,,,,,,,,,,,Sophie,,0
21,32,4,39,4,3,9/1/2019,,no,0,0,2,0,1,1,30.5,"0,0,0,0,0",30.2,"0,0,0,0,0",,,,,,,,,,,,,,,,,,,,Sophie,yes,1
21,33,4,35,4,2,9/1/2019,,no,1,0,3,0,0,0,2.9,"0,0,0,0,0",1.8,"0,0,0,0,0",1.6,too small,,,,,,,,,,,,,,,,,,Sophie,yes,1
21,34,4,7,1,4,9/1/2019,,no,0,0,1,0,0,0,24.7,"0,0,0,0,0",,,,,,,,,,,,,,,,,,,,,,Sophie,no,0
21,35,4,19,5,4,9/1/2019,,no,0,0,1,0,1,0,17.5,"0,0,0,0,25",,,,,,,,,,,,,,,,,,,,,,Sophie,yes,1
21,36,4,27,3,5,9/1/2019,,no,0,0,1,0,1,0,23.4,"0,0,0,0,0",,,,,,,,,,,,,,,,,,,,,,Sophie,no,0
21,37,4,23,1,3,9/1/2019,,maybe,0,0,1,1,1,0,5.1,"0,0,0,0,25",,,,,,,,,,,,,,,,,,,,,,Sophie,no,0
21,38,4,3,3,3,9/1/2019,,no,0,0,2,1,1,0,1.6,"0,0,0,0,0",3,"8,5,0,--",,,,,,,,,,,,,,,,,,,,Sophie,no,0
21,39,4,40,4,4,9/1/2019,,no,0,0,2,0,1,0,8,no leaves,7.1,no leaves,,,,,,,,,,,,,,,,,,,,Sophie,no,0
21,40,4,27,1,3,9/1/2019,,nothing there,1,1,,,,,,,,,,,,,,,,,,,,,,,,,,,,Sophie,,0
21,41,4,12,3,3,9/1/2019,,no,0,0,1,2,1,0,4,"0,0,0,0,0",,,,,,,,,,,,,,,,,,,,,,Sophie,no,0
21,42,4,31,2,5,9/1/2019,,no,0,0,1,5,1,0,0.2,too small,,,,,,,,,,,,,,,,,,,,,,Sophie,yes,1
21,43,4,3,4,2,9/1/2019,,no,0,0,6,0,1,0,0.2,too small,10.5,"0,0,0,0,0",11,"0,0,0,0,0",12.3,"0,0,0,0,0",8.2,"0,0,0,0,0",6,"0,0,0,0,0",,,,,,,,,,,,Sophie,yes,1
21,44,4,56,2,5,9/1/2019,,no,0,0,3,0,1,0,5.6,"0,0,0,0,0",1.8,no leaves,12.7,"0,0,0,0,0",,,,,,,,,,,,,,,,,,Sophie,no,0
21,45,4,11,3,3,9/1/2019,,no,0,0,6,0,0,0,4.7,"50,0,0,0,90",8.3,"0,0,0,0,0",15.3,"0,0,0,0,0",13.2,"0,0,0,0,0",13.2,"0,0,0,0,0",9,"0,0,0,0,0",,,,,,,,,,,,Sophie,yes,1
21,46,4,47,2,5,9/1/2019,,no,1,0,1,0,0,0,2.8,"0,0,0,0,0",,,,,,,,,,,,,,,,,,,,,,Sophie,yes,1
