Row,Column,Block,Population,Family,Replicate,Comment,Date,Alive,Herbivory,Surveyor
1,1,NO PLANT,NO PLANT,NO PLANT,NO PLANT,NO PLANT,NO PLANT,NO PLANT,NO PLANT,NO PLANT
1,2,NO PLANT,NO PLANT,NO PLANT,NO PLANT,NO PLANT,NO PLANT,NO PLANT,NO PLANT,NO PLANT
1,3,NO PLANT,NO PLANT,NO PLANT,NO PLANT,NO PLANT,NO PLANT,NO PLANT,NO PLANT,NO PLANT
1,4,NO PLANT,NO PLANT,NO PLANT,NO PLANT,NO PLANT,NO PLANT,NO PLANT,NO PLANT,NO PLANT
1,5,NO PLANT,NO PLANT,NO PLANT,NO PLANT,NO PLANT,NO PLANT,NO PLANT,NO PLANT,NO PLANT
1,6,NO PLANT,NO PLANT,NO PLANT,NO PLANT,NO PLANT,NO PLANT,NO PLANT,NO PLANT,NO PLANT
1,7,NO PLANT,NO PLANT,NO PLANT,NO PLANT,NO PLANT,NO PLANT,NO PLANT,NO PLANT,NO PLANT
1,8,NO PLANT,NO PLANT,NO PLANT,NO PLANT,NO PLANT,NO PLANT,NO PLANT,NO PLANT,NO PLANT
1,9,NO PLANT,NO PLANT,NO PLANT,NO PLANT,NO PLANT,NO PLANT,NO PLANT,NO PLANT,NO PLANT
1,10,NO PLANT,NO PLANT,NO PLANT,NO PLANT,NO PLANT,NO PLANT,NO PLANT,NO PLANT,NO PLANT
1,11,NO PLANT,NO PLANT,NO PLANT,NO PLANT,NO PLANT,NO PLANT,NO PLANT,NO PLANT,NO PLANT
1,12,NO PLANT,NO PLANT,NO PLANT,NO PLANT,NO PLANT,NO PLANT,NO PLANT,NO PLANT,NO PLANT
1,13,1,40,3,5,,6/25/2021,1,"0,0,0,0,0",Sophie
1,14,1,41,2,5,,6/25/2021,1,"2,1,3,0,0",Sophie
1,15,1,14,2,1,,6/25/2021,1,"0,0,0,0,0",Sophie
1,16,1,40,4,5,,6/25/2021,0,NA,Sophie
1,17,1,15,5,5,,6/25/2021,1,"0,0,0,0,02",Sophie
1,18,1,49,4,2,,6/25/2021,0,NA,Sophie
1,19,1,7,2,2,,6/25/2021,1,"0,0,0,0,04",Sophie
1,20,1,29,3,5,,6/25/2021,0,NA,Sophie
1,21,1,15,5,2,,6/25/2021,1,"0,0,0,1,5",Sophie
1,22,1,3,3,5,,6/25/2021,1,"0,0,0,0,02",Sophie
1,23,1,68,4,5,,6/25/2021,1,"0,0,0,0,0",Sophie
1,24,2,11,3,5,,6/25/2021,1,"0,0,0,0,0",Sophie
1,25,2,36,4,2,,6/25/2021,1,"0,0,0,0,0",Sophie
1,26,2,40,3,4,,6/25/2021,1,"0,0,0,0,0",Sophie
1,27,2,67,3,5,,6/25/2021,1,"0,0,0,0,0",Sophie
1,28,2,13,3,4,,6/25/2021,0,NA,Sophie
1,29,2,5,2,2,,6/25/2021,1,"0,0,0,0,0",Sophie
1,30,2,31,3,4,,6/25/2021,0,NA,Sophie
1,31,2,31,1,1,,6/25/2021,1,"28,7,12,0,4",Sophie
1,32,2,62,5,2,,6/25/2021,1,"0,0,0,0,0",Sophie
1,33,2,13,1,5,,6/25/2021,1,"0,0,0,0,0",Sophie
1,34,2,13,2,3,,6/25/2021,1,"0,0,0,0,0",Sophie
1,35,2,19,3,2,,6/25/2021,1,"0,0,0,0,0",Sophie
1,36,2,30,3,1,,6/25/2021,1,"0,5,0,0,05",Sophie
1,37,2,18,1,2,,6/25/2021,1,"0,16,5,0,4",Sophie
1,38,2,31,5,1,,6/25/2021,1,"0,0,0,0,08",Sophie
1,39,2,7,4,2,only 1 Ramat outside of pot check not dead,6/25/2021,1,"0,0,0,0,0",Sophie
1,40,2,8,1,4,,6/25/2021,1,"0,0,0,0,04",Sophie
1,41,2,23,1,5,,6/25/2021,1,"0,0,0,0,02",Sophie
1,42,2,4,1,3,,6/25/2021,1,"0,0,0,0,018",Sophie
1,43,2,36,3,3,,6/25/2021,1,"0,0,0,0,0",Sophie
1,44,2,30,4,5,,6/25/2021,1,"0,0,0,0,0",Sophie
1,45,2,62,2,1,,6/25/2021,1,"0,0,0,0,02",Sophie
1,46,2,6,2,4,,6/25/2021,1,"100,100,100,96,100",Sophie
2,1,1,79,4,5,,6/25/2021,1,"0,0,0,0,0",Sophie
2,2,1,6,2,5,,6/25/2021,1,"0,0,0,0,0",Sophie
2,3,1,68,1,4,,6/25/2021,1,"0,0,0,0,0",Sophie
2,4,1,39,2,1,,6/25/2021,1,"0,0,0,0,0",Sophie
2,5,1,49,3,5,,6/25/2021,1,"0,0,0,3,5",Sophie
2,6,1,14,5,2,,6/25/2021,1,"0,0,0,0,0",Sophie
2,7,1,56,3,4,,6/25/2021,1,"0,0,0,0,0",Sophie
2,8,1,27,2,5,,6/25/2021,0,NA,Sophie
2,9,1,21,3,4,,6/25/2021,1,"8,78,3,5,0",Sophie
2,10,1,14,2,2,,6/25/2021,1,"0,0,0,0,06",Sophie
2,11,1,72,2,1,,6/25/2021,1,"0,0,08,05,16",Sophie
2,12,1,2,1,1,,6/25/2021,1,"0,0,0,0,0",Sophie
2,13,1,36,2,4,,6/25/2021,1,"0,0,0,0,0",Sophie
2,14,1,35,2,1,,6/25/2021,1,"18,13,0,0,16",Sophie
2,15,1,15,3,4,,6/25/2021,1,"0,0,0,0,0",Sophie
2,16,1,40,2,2,,6/25/2021,1,"0,0,0,0,0",Sophie
2,17,1,46,1,5,,6/25/2021,1,"0,0,4,2,0",Sophie
2,18,1,6,4,2,,6/25/2021,1,"0,0,0,0,0",Sophie
2,19,1,9,1,3,,6/25/2021,1,"0,3,4,0,0",Sophie
2,20,1,18,5,1,,6/25/2021,1,"0,0,0,0,0",Sophie
2,21,1,79,1,4,,6/25/2021,1,"0,0,0,0,05",Sophie
2,22,1,77,1,5,,6/25/2021,1,"0,0,0,0,0",Sophie
2,23,1,31,4,2,,6/25/2021,1,"0,0,0,0,0",Sophie
2,24,2,47,2,3,,6/25/2021,1,"0,0,0,0,0",Sophie
2,25,2,68,5,3,,6/25/2021,1,"0,0,0,0,0",Sophie
2,26,2,28,1,4,,6/25/2021,1,"0,0,0,0,0",Sophie
2,27,2,14,3,5,,6/25/2021,1,"0,0,0,0,0",Sophie
2,28,2,2,5,5,,6/25/2021,1,"0,0,0,0,0",Sophie
2,29,2,42,2,2,,6/25/2021,0,NA,Sophie
2,30,2,41,1,1,,6/25/2021,1,"0,0,0,0,0",Sophie
2,31,2,68,3,3,,6/25/2021,1,"0,0,0,0,024",Sophie
2,32,2,14,4,2,,6/25/2021,0,NA,Sophie
2,33,2,72,1,2,,6/25/2021,1,"0,0,0,0,20",Sophie
2,34,2,2,4,3,,6/25/2021,1,"0,0,0,0,0",Sophie
2,35,2,4,1,2,,6/25/2021,1,"0,0,0,0,0",Sophie
2,36,2,49,4,3,,6/25/2021,1,"0,4,2,16,4",Sophie
2,37,2,17,2,4,,6/25/2021,1,"0,0,0,0,0",Sophie
2,38,2,6,1,3,,6/25/2021,1,"0,0,0,03,03",Sophie
2,39,2,77,2,2,,6/25/2021,1,"0,0,0,0,03",Sophie
2,40,2,47,2,4,,6/25/2021,1,"0,0,0,0,0",Sophie
2,41,2,64,1,3,,6/25/2021,1,"0,0,0,0,0",Sophie
2,42,2,57,5,1,,6/25/2021,1,"0,0,0,0,0",Sophie
2,43,2,57,1,4,,6/25/2021,1,"0,0,0,0,0",Sophie
2,44,2,15,2,3,,6/25/2021,1,"0,0,0,0,0",Sophie
2,45,2,79,5,2,,6/25/2021,1,"0,0,4,0,2",Sophie
2,46,2,17,5,4,,6/25/2021,1,"0,0,0,0,03",Sophie
3,1,1,12,5,1,,6/25/2021,1,"0,0,0,0,0",Sophie
3,2,1,68,3,4,,6/25/2021,1,"0,0,0,0,03",Sophie
3,3,1,14,5,1,,6/25/2021,1,"0,0,0,0,0",Sophie
3,4,1,9,2,2,,6/25/2021,1,"0,0,0,0,0",Sophie
3,5,1,13,5,5,,6/25/2021,1,"0,0,0,0,03",Sophie
3,6,1,1,1,2,,6/25/2021,1,"0,0,0,0,0",Sophie
3,7,1,68,3,5,,6/25/2021,1,"0,0,0,0,0",Sophie
3,8,1,15,4,1,,6/25/2021,1,"0,0,0,0,0",Sophie
3,9,1,4,3,5,,6/25/2021,1,too withered,Sophie
3,10,1,2,5,3,,6/25/2021,1,"0,0,0,0,25",Sophie
3,11,1,49,3,4,,6/25/2021,1,"0,0,0,3,3",Sophie
3,12,1,15,2,4,,6/25/2021,1,"0,0,0,0,0",Sophie
3,13,1,39,2,2,,6/25/2021,1,"0,0,0,0,0",Sophie
3,14,1,2,2,5,,6/25/2021,1,"0,0,0,0,14",Sophie
3,15,1,64,3,2,,6/25/2021,1,"0,0,0,0,80",Sophie
3,16,1,31,2,2,,6/25/2021,1,"0,0,0,0,0",Sophie
3,17,1,8,2,5,,6/25/2021,1,"0,0,0,0,0",Sophie
3,18,1,17,1,1,,6/25/2021,1,"0,0,0,0,0",Sophie
3,19,1,18,1,4,,6/25/2021,1,"0,0,0,0,0",Sophie
3,20,1,36,2,2,,6/25/2021,1,"0,0,0,0,0",Sophie
3,21,1,7,3,1,,6/25/2021,1,"0,0,0,0,05",Sophie
3,22,1,69,2,1,,6/25/2021,1,"0,03,0,0,025",Sophie
3,23,1,30,5,4,,6/25/2021,1,"0,0,0,0,0",Sophie
3,24,2,4,4,5,,6/25/2021,1,"0,0,0,0,06",Sophie
3,25,2,16,3,4,,6/25/2021,1,"0,0,0,0,0",Sophie
3,26,2,62,3,1,,6/25/2021,1,"0,0,0,0,0",Sophie
3,27,2,39,4,2,,6/25/2021,1,"0,16,0,0,34",Sophie
3,28,2,77,3,2,,6/25/2021,1,"0,0,0,0,0",Sophie
3,29,2,4,4,4,,6/25/2021,1,"0,0,0,0,0",Sophie
3,30,2,72,1,3,,6/25/2021,1,"0,0,0,0,0",Sophie
3,31,2,56,4,4,,6/25/2021,1,"0,0,0,0,0",Sophie
3,32,2,36,3,5,,6/25/2021,0,NA,Sophie
3,33,2,21,2,5,,6/25/2021,1,"0,0,0,0,08",Sophie
3,34,2,31,1,3,,6/25/2021,1,"0,0,0,0,03",Sophie
3,35,2,77,5,5,,6/25/2021,1,"0,0,0,0,0",Sophie
3,36,2,72,2,3,,6/25/2021,1,"0,0,0,0,06",Sophie
3,37,2,56,2,1,,6/25/2021,1,"0,0,0,0,0",Sophie
3,38,2,46,2,3,,6/25/2021,1,"0,0,0,0,0",Sophie
3,39,2,49,5,3,,6/25/2021,1,"12,0,0,3,0",Sophie
3,40,2,12,5,3,,6/25/2021,1,"0,0,0,0,04",Sophie
3,41,2,67,4,3,,6/25/2021,1,"0,0,0,0,03",Sophie
3,42,2,46,2,2,,6/25/2021,1,"0,0,0,0,0",Sophie
3,43,2,40,5,2,,6/25/2021,0,NA,Sophie
3,44,2,67,2,5,,6/25/2021,1,"0,0,0,0,028",Sophie
3,45,2,1,1,5,,6/25/2021,1,"0,0,0,0,0",Sophie
3,46,2,19,1,1,,6/25/2021,1,"0,0,0,0,04",Sophie
4,1,1,21,4,1,,6/25/2021,1,"0,0,52,22,0",Sophie
4,2,1,79,2,1,,6/25/2021,1,"1,20,2,0,18",Sophie
4,3,1,12,4,1,,6/25/2021,1,"0,0,46,1,0",Sophie
4,4,1,47,3,5,,6/25/2021,1,"0,0,0,0,22",Sophie
4,5,1,47,1,1,,6/25/2021,1,"0,0,0,0,03",Sophie
4,6,1,21,2,3,,6/25/2021,1,"0,0,0,0,05",Sophie
4,7,1,1,2,1,,6/25/2021,1,"0,0,0,0,03",Sophie
4,8,1,1,2,2,,6/25/2021,1,"0,3,0,0,12",Sophie
4,9,1,30,4,3,,6/25/2021,1,"0,0,0,0,0",Sophie
4,10,1,61,5,1,,6/25/2021,0,NA,Sophie
4,11,1,1,4,1,,6/25/2021,1,"0,0,0,0,03",Sophie
4,12,1,6,4,5,,6/25/2021,0,NA,Sophie
4,13,1,17,4,4,,6/25/2021,1,"0,0,0,0,04",Sophie
4,14,1,79,4,4,,6/25/2021,1,"0,0,0,0,0",Sophie
4,15,1,36,2,1,,6/25/2021,1,"0,0,0,0,0",Sophie
4,16,1,4,1,1,,6/25/2021,1,"0,0,0,0,0",Sophie
4,17,1,56,4,2,,6/25/2021,1,"0,0,0,0,03",Sophie
4,18,1,67,1,4,,6/25/2021,1,"0,0,0,0,0",Sophie
4,19,1,2,3,1,,6/25/2021,1,"0,0,0,0,04",Sophie
4,20,1,8,1,1,,6/25/2021,1,"0,0,0,0,0",Sophie
4,21,1,72,5,5,,6/25/2021,1,"0,0,0,0,0",Sophie
4,22,1,12,4,4,,6/25/2021,0,NA,Sophie
4,23,1,74,2,5,,6/25/2021,1,"0,0,0,0,0",Sophie
4,24,2,77,1,4,,6/25/2021,1,"0,0,0,0,0",Sophie
4,25,2,15,2,5,,6/25/2021,1,"26,3,0,0,0",Sophie
4,26,2,56,2,3,,6/25/2021,1,"0,0,0,0,0",Sophie
4,27,2,32,1,2,,6/25/2021,1,"0,0,22,8,0",Sophie
4,28,2,68,4,3,,6/25/2021,1,"0,0,0,0,04",Sophie
4,29,2,23,1,2,,6/25/2021,1,"0,0,0,05,08",Sophie
4,30,2,4,1,4,,6/25/2021,1,"0,0,0,0,0",Sophie
4,31,2,6,3,1,,6/25/2021,1,"0,0,0,0,0",Sophie
4,32,2,72,5,3,,6/25/2021,1,"0,0,0,0,0",Sophie
4,33,2,4,3,2,,6/25/2021,1,"0,0,0,0,03",Sophie
4,34,2,51,4,3,,6/25/2021,1,"0,0,0,0,04",Sophie
4,35,2,20,3,2,,6/25/2021,0,NA,Sophie
4,36,2,7,5,5,,6/25/2021,1,"0,0,0,0,02",Sophie
4,37,2,36,5,3,,6/25/2021,1,"0,0,0,0,012",Sophie
4,38,2,40,5,3,,6/25/2021,1,"0,0,01,0,05",Sophie
4,39,2,18,1,1,,6/25/2021,1,"0,0,6,2,1",Sophie
4,40,2,36,1,4,,6/25/2021,1,"0,0,0,0,0",Sophie
4,41,2,36,1,5,,6/25/2021,1,"0,0,0,0,0",Sophie
4,42,2,2,2,2,,6/25/2021,1,"0,8,0,3,0",Sophie
4,43,2,1,3,5,,6/25/2021,1,"0,0,0,0,0",Sophie
4,44,2,61,4,4,,6/25/2021,1,"0,0,0,0,0",Sophie
4,45,2,18,5,2,,6/25/2021,1,"0,0,0,0,0",Sophie
4,46,2,46,4,1,,6/25/2021,1,"0,0,8,3,3",Sophie
5,1,1,77,1,1,,6/25/2021,1,"0,0,0,0,0",Sophie
5,2,1,21,5,3,,6/25/2021,1,"0,0,0,0,0",Sophie
5,3,1,19,3,5,,6/25/2021,1,"0,0,0,0,0",Sophie
5,4,1,56,3,3,,6/25/2021,0,NA,Sophie
5,5,1,32,1,3,,6/25/2021,1,"0,0,0,0,0",Sophie
5,6,1,8,3,5,,6/25/2021,1,"0,0,0,0,05",Sophie
5,7,1,11,1,2,,6/25/2021,1,"0,0,0,0,0",Sophie
5,8,1,4,5,2,,6/25/2021,1,"0,0,0,0,06",Sophie
5,9,1,28,1,3,,6/25/2021,0,NA,Sophie
5,10,1,29,1,3,,6/25/2021,0,NA,Sophie
5,11,1,3,2,4,,6/25/2021,1,"0,0,0,0,0",Sophie
5,12,1,23,1,5,,6/25/2021,1,"8,0,0,0,10",Sophie
5,13,1,21,3,1,,6/25/2021,1,"0,0,0,0,0",Sophie
5,14,1,49,2,3,,6/25/2021,1,"0,0,0,0,20",Sophie
5,15,1,72,3,5,,6/25/2021,1,"0,0,0,0,018",Sophie
5,16,1,47,1,5,,6/25/2021,1,"0,0,0,0,40",Sophie
5,17,1,47,3,3,,6/25/2021,1,"0,0,0,0,0",Sophie
5,18,1,46,5,3,,6/25/2021,1,"0,0,0,0,06",Sophie
5,19,1,21,3,5,,6/25/2021,1,"0,6,36,0,0",Sophie
5,20,1,9,1,5,,6/25/2021,1,"0,0,0,0,036",Sophie
5,21,1,47,4,5,,6/25/2021,1,"0,0,0,0,02",Sophie
5,22,1,13,1,4,,6/25/2021,1,"0,0,0,0,30",Sophie
5,23,2,3,4,3,,6/25/2021,1,"0,0,0,0,03",Sophie
5,24,2,62,1,1,,6/25/2021,1,"0,0,0,0,0",Sophie
5,25,2,12,5,2,,6/25/2021,0,NA,Sophie
5,26,2,74,2,1,,6/25/2021,1,"0,0,0,0,0",Sophie
5,27,2,30,5,2,,6/25/2021,1,"0,0,0,0,0",Sophie
5,28,2,79,1,3,,6/25/2021,1,"0,0,0,0,0",Sophie
5,29,2,17,1,3,,6/25/2021,1,"0,0,0,0,0",Sophie
5,30,2,6,5,4,,6/25/2021,1,"0,0,0,0,03",Sophie
5,31,2,77,4,2,,6/25/2021,1,"0,0,0,0,02",Sophie
5,32,2,27,5,3,,6/25/2021,1,too withered,Sophie
5,33,2,40,3,1,,6/25/2021,1,"20,2,0,0,16",Sophie
5,34,2,67,5,1,,6/25/2021,1,"0,0,0,0,08",Sophie
5,35,2,17,5,1,,6/25/2021,1,"0,0,0,0,0",Sophie
5,36,2,41,1,5,,6/25/2021,1,"0,0,0,0,0",Sophie
5,37,2,8,3,3,,6/25/2021,1,"0,0,0,02,04",Sophie
5,38,2,72,4,3,,6/25/2021,1,"0,0,0,0,0",Sophie
5,39,2,77,5,1,,6/25/2021,1,"0,0,0,0,0",Sophie
5,40,2,14,1,4,,6/25/2021,1,"0,0,0,0,0",Sophie
5,41,2,2,1,5,,6/25/2021,1,"0,0,0,0,03",Sophie
5,42,2,39,5,3,,6/25/2021,1,"0,0,0,0,03",Sophie
5,43,2,36,3,4,,6/25/2021,1,"0,0,0,0,02",Sophie
5,44,2,69,1,4,,6/25/2021,1,"0,0,0,0,0",Sophie
5,45,2,64,1,2,,6/25/2021,1,"5,12,0,0,0",Sophie
5,46,2,29,5,4,,6/25/2021,1,"0,03,0,0,05",Sophie
6,1,1,36,4,4,,6/25/2021,1,"0,0,0,0,0",Sophie
6,2,1,61,4,5,,6/25/2021,1,"0,0,0,0,02",Sophie
6,3,1,2,2,3,,6/25/2021,1,"0,0,0,0,0",Sophie
6,4,1,27,3,3,,6/25/2021,1,"0,0,0,5,4",Sophie
6,5,1,11,2,4,,6/25/2021,1,"0,3,3,0,0",Sophie
6,6,1,12,1,4,,6/25/2021,1,"0,0,0,0,0",Sophie
6,7,1,57,5,3,,6/25/2021,1,"0,0,0,0,0",Sophie
6,8,1,7,5,3,,6/25/2021,1,"0,0,0,0,024",Sophie
6,9,1,21,4,4,,6/25/2021,1,"0,0,0,0,0",Sophie
6,10,1,49,4,5,,6/25/2021,1,"0,0,0,0,0",Sophie
6,11,1,40,5,5,,6/25/2021,1,"6,5,30,0,54",Sophie
6,12,1,7,5,2,,6/25/2021,1,"0,0,0,0,05",Sophie
6,13,1,46,5,1,,6/25/2021,1,"4,0,10,0,0",Sophie
6,14,1,36,2,5,,6/25/2021,1,"0,0,0,0,0",Sophie
6,15,1,26,1,2,,6/25/2021,1,"0,0,0,0,0",Sophie
6,16,1,51,2,1,,6/25/2021,1,"0,0,24,40,2",Sophie
6,17,1,46,1,3,,6/25/2021,0,NA,Sophie
6,18,1,6,2,1,,6/25/2021,0,NA,Sophie
6,19,1,19,5,2,,6/25/2021,1,"5,0,0,3,1",Sophie
6,20,1,3,5,1,,6/25/2021,1,"0,0,0,0,50",Sophie
6,21,1,29,4,5,,6/25/2021,0,NA,Sophie
6,22,1,79,4,1,,6/25/2021,1,"0,0,0,0,02",Sophie
6,23,2,21,2,2,,6/25/2021,0,NA,Sophie
6,24,2,77,4,5,,6/25/2021,1,"0,0,14,18,0",Sophie
6,25,2,72,2,4,,6/25/2021,1,"0,0,0,0,04",Sophie
6,26,2,1,1,3,,6/25/2021,1,"4,0,3,0,1",Sophie
6,27,2,5,5,3,,6/25/2021,1,"0,0,0,0,0",Sophie
6,28,2,36,1,1,,6/25/2021,1,"0,0,0,0,0",Sophie
6,29,2,62,3,4,,6/25/2021,1,"0,0,0,0,40",Sophie
6,30,2,12,5,4,,6/25/2021,1,"12,0,70,2,0",Sophie
6,31,2,18,4,3,,6/25/2021,1,"0,0,0,0,0",Sophie
6,32,2,18,2,1,,6/25/2021,1,"0,0,0,0,08",Sophie
6,33,2,14,1,1,,6/25/2021,1,"0,0,0,0,0",Sophie
6,34,2,57,5,2,,6/25/2021,0,NA,Sophie
6,35,2,1,3,4,,6/25/2021,1,"0,05,0,0,05",Sophie
6,36,2,74,2,3,,6/25/2021,1,"0,0,0,0,0",Sophie
6,37,2,17,3,2,,6/25/2021,1,"0,0,0,0,0",Sophie
6,38,2,1,4,5,,6/25/2021,1,"0,0,0,0,0",Sophie
6,39,2,62,4,1,,6/25/2021,1,"0,0,0,0,05",Sophie
6,40,2,17,2,1,,6/25/2021,1,"0,0,2, 1,0",Sophie
6,41,2,42,1,2,,6/25/2021,1,"24,0,16,0,0",Sophie
6,42,2,4,3,4,,6/25/2021,0,NA,Sophie
6,43,2,79,2,5,,6/25/2021,1,"0,0,0,0,10",Sophie
6,44,2,17,5,2,,6/25/2021,1,"0,4,0,0,9",Sophie
6,45,2,18,2,4,,6/25/2021,1,"0,0,0,0,5",Sophie
6,46,2,7,4,3,,6/25/2021,1,"0,0,0,0,0",Sophie
7,1,1,3,2,5,,6/25/2021,1,"0,0,0,0,0",Sophie
7,2,1,6,2,3,,6/25/2021,0,NA,Sophie
7,3,1,7,1,3,,6/25/2021,1,"2,0,3,0,0",Sophie
7,4,1,47,2,2,,6/25/2021,1,"0,0,0,0,0",Sophie
7,5,1,62,1,5,,6/25/2021,1,"0,0,0,0,025",Sophie
7,6,1,64,2,3,,6/25/2021,0,NA,Sophie
7,7,1,67,2,1,,6/25/2021,1,"0,0,0,0,0",Sophie
7,8,1,5,5,4,,6/25/2021,1,"0,0,0,0,0",Sophie
7,9,1,39,2,4,,6/25/2021,1,"0,0,0,0,05",Sophie
7,10,1,79,3,4,,6/25/2021,1,"0,48,50,3,0",Sophie
7,11,1,47,4,4,,6/25/2021,1,"0,0,0,0,02",Sophie
7,12,1,4,4,2,,6/25/2021,1,"0,0,0,0,01",Sophie
7,13,1,19,2,2,,6/25/2021,1,"0,0,0,0,0",Sophie
7,14,1,46,5,5,,6/25/2021,1,"0,1,0,0,2",Sophie
7,15,1,7,4,4,,6/25/2021,1,"0,1,1,0,4",Sophie
7,16,1,68,1,5,,6/25/2021,1,"0,0,0,4,1",Sophie
7,17,1,5,2,4,,6/25/2021,1,"0,0,8,16,64",Sophie
7,18,1,5,3,2,,6/25/2021,1,"24,10,0,0,1",Sophie
7,19,1,29,1,2,,6/25/2021,1,"0,0,0,0,12",Sophie
7,20,1,79,3,3,,6/25/2021,1,"0,0,0,4,4",Sophie
7,21,1,35,3,2,,6/25/2021,1,"0,0,0,0,0",Sophie
7,22,1,35,4,4,,6/25/2021,1,"0,0,0,0,06",Sophie
7,23,2,14,4,4,,6/25/2021,0,NA,Sophie
7,24,2,7,2,3,,6/25/2021,1,"0,0,50,0,78",Sophie
7,25,2,12,2,4,,6/25/2021,1,"0,0,0,0,0",Sophie
7,26,2,67,1,5,,6/25/2021,1,"0,0,0,0,0",Sophie
7,27,2,30,2,4,,6/25/2021,1,"0,0,0,0,0",Sophie
7,28,2,8,2,2,,6/25/2021,1,"0,0,0,0,0",Sophie
7,29,2,39,2,5,,6/25/2021,1,"0,0,0,2,4",Sophie
7,30,2,56,3,5,,6/25/2021,1,"0,0,0,0,0",Sophie
7,31,2,62,2,3,,6/25/2021,1,"0,0,0,0,20",Sophie
7,32,2,5,1,4,only stem in outside pot check alive last year,6/25/2021,1,"0,0,0,0,0",Sophie
7,33,2,12,2,2,,6/25/2021,1,"0,0,0,0,0",Sophie
7,34,2,57,4,5,,6/25/2021,1,"0,0,0,0,02",Sophie
7,35,2,62,3,5,,6/25/2021,0,NA,Sophie
7,36,2,79,5,1,,6/25/2021,1,"0,0,0,0,0",Sophie
7,37,2,1,1,1,,6/25/2021,1,"0,0,0,0,0",Sophie
7,38,2,64,3,4,,6/25/2021,1,"0,0,0,0,02",Sophie
7,39,2,19,5,3,,6/25/2021,1,"0,0,0,0,0",Sophie
7,40,2,30,4,4,,6/25/2021,1,"0,0,0,0,02",Sophie
7,41,2,16,3,5,,6/25/2021,1,"0,0,0,0,0",Sophie
7,42,2,13,3,1,,6/25/2021,0,NA,Sophie
7,43,2,27,4,3,,6/25/2021,0,NA,Sophie
7,44,2,11,2,5,,6/25/2021,1,"0,25,0,0,2",Sophie
7,45,2,2,5,4,,6/25/2021,1,"0,0,0,0,024",Sophie
7,46,2,29,5,2,,6/25/2021,1,"0,4,0,6,0",Sophie
8,1,1,9,2,1,,6/23/2022,1,"0,0,0,0,0",Sophie
8,2,1,57,1,2,,6/23/2022,1,"3,16,0,0,0",Sophie
8,3,1,67,3,2,,6/23/2022,1,"0,0,0,0,02",Sophie
8,4,1,21,5,1,,6/23/2022,1,"8,0,0,0,30",Sophie
8,5,1,13,5,4,,6/23/2022,1,"0,0,0,0,0",Sophie
8,6,1,74,1,3,,6/23/2022,1,"0,0,0,0,50",Sophie
8,7,1,17,1,4,,6/23/2022,1,"0,0,0,0,0",Sophie
8,8,1,15,4,4,,6/23/2022,1,"0,0,0,0,0",Sophie
8,9,1,7,3,2,,6/23/2022,0,NA,Sophie
8,10,1,12,3,2,,6/23/2022,1,too withered,Sophie
8,11,1,11,4,5,,6/23/2022,0,NA,Sophie
8,12,1,20,5,1,,6/23/2022,1,"0,0,0,0,025",Sophie
8,13,1,72,4,5,,6/23/2022,1,"0,0,0,0,0",Sophie
8,14,1,62,2,5,,6/23/2022,1,too withered,Sophie
8,15,1,15,1,5,,6/23/2022,1,"0,0,0,0,08",Sophie
8,16,1,14,3,2,,6/23/2022,1,"0,0,0,0,0",Sophie
8,17,1,57,3,2,,6/23/2022,0,NA,Sophie
8,18,1,62,1,2,,6/23/2022,1,"4,5,0,2,40",Sophie
8,19,1,47,5,1,,6/23/2022,1,"25,0,5,0,8",Sophie
8,20,1,15,5,1,,6/23/2022,1,"0,0,0,5,3",Sophie
8,21,1,16,2,1,,6/23/2022,1,"0,0,0,0,05",Sophie
8,22,1,29,4,3,,6/23/2022,1,"0,0,0,0,04",Sophie
8,23,2,68,5,2,,6/23/2022,1,"0,0,0,0,0",Sophie
8,24,2,4,2,2,,6/23/2022,1,"0,0,0,0,0",Sophie
8,25,2,46,2,5,,6/23/2022,1,"0,0,0,0,20",Sophie
8,26,2,68,4,1,,6/23/2022,1,"0,0,0,0,0",Sophie
8,27,2,6,3,5,,6/23/2022,1,"0,0,0,0,0",Sophie
8,28,2,7,1,2,,6/23/2022,1,"0,0,0,0,0",Sophie
8,29,2,35,3,5,,6/23/2022,1,too withered,Sophie
8,30,2,39,3,3,,6/23/2022,1,"0,0,0,0,0",Sophie
8,31,2,62,4,4,,6/23/2022,1,"0,0,0,0,01",Sophie
8,32,2,4,3,3,,6/23/2022,1,"0,0,0,0,01",Sophie
8,33,2,21,1,2,,6/23/2022,1,"0,0,0,0,40",Sophie
8,34,2,77,4,3,,6/23/2022,1,"0,0,0,0,0",Sophie
8,35,2,17,4,2,,6/23/2022,1,"0,0,0,0,0",Sophie
8,36,2,27,5,2,,6/23/2022,1,"0,0,0,0,0",Sophie
8,37,2,26,1,1,,6/23/2022,1,"1,0,0,2,1",Sophie
8,38,2,17,3,1,,6/23/2022,1,"0,0,0,0,0",Sophie
8,39,2,5,4,1,,6/23/2022,1,"0,0,0,0,01",Sophie
8,40,2,39,3,5,,6/23/2022,1,"0,0,0,0,01",Sophie
8,41,2,64,2,2,,6/23/2022,1,"0,0,0,0,20",Sophie
8,42,2,64,3,3,,6/23/2022,1,"0,0,0,0,028",Sophie
8,43,2,39,4,1,,6/23/2022,1,"2,4,1,2,0",Sophie
8,44,2,62,1,3,,6/23/2022,1,"0,0,0,0,04",Sophie
8,45,2,67,2,2,,6/23/2022,1,"0,0,0,0,02",Sophie
8,46,2,67,5,3,,6/23/2022,0,NA,Sophie
9,1,1,28,1,5,,6/23/2022,1,"0,0,0,0,05",Sophie
9,2,1,4,3,1,,6/23/2022,1,"0,0,0,0,02",Sophie
9,3,1,12,3,1,,6/23/2022,0,NA,Sophie
9,4,1,27,4,1,,6/23/2022,1,"6,2,0,0,5",Sophie
9,5,1,1,4,3,,6/23/2022,1,"0,0,0,0,01",Sophie
9,6,1,49,5,5,,6/23/2022,1,"0,0,0,0,04",Sophie
9,7,1,39,3,4,,6/23/2022,1,"0,0,0,0,0",Sophie
9,8,1,77,3,1,,6/23/2022,1,"0,0,0,0,02",Sophie
9,9,1,3,2,2,,6/23/2022,1,"0,0,0,0,08",Sophie
9,10,1,69,2,4,,6/23/2022,0,NA,Sophie
9,11,1,17,2,5,,6/23/2022,1,"0,0,0,0,0",Sophie
9,12,1,51,4,2,,6/23/2022,1,"0,0,0,0,0",Sophie
9,13,1,79,1,1,,6/23/2022,1,"0,0,0,0,0",Sophie
9,14,1,5,5,5,,6/23/2022,0,NA,Sophie
9,15,1,13,5,2,NO POT,6/23/2022,na,NA,Sophie
9,16,1,30,5,3,,6/23/2022,1,"0,0,0,0,0",Sophie
9,17,1,39,3,2,,6/23/2022,1,"28,2,25,60,72",Sophie
9,18,1,20,1,2,,6/23/2022,0,NA,Sophie
9,19,1,72,3,1,,6/23/2022,1,"0,0,0,0,0",Sophie
9,20,1,7,3,3,,6/23/2022,1,"0,0,0,0,0",Sophie
9,21,1,79,4,2,,6/23/2022,1,"0,0,0,0,02",Sophie
9,22,1,15,3,5,,6/23/2022,0,NA,Sophie
9,23,2,45,2,1,,6/23/2022,1,"0,0,0,0,0",Sophie
9,24,2,27,4,5,,6/23/2022,1,"0,75,44,15,58",Sophie
9,25,2,64,5,3,,6/23/2022,1,"0,0,0,0,0",Sophie
9,26,2,77,1,2,,6/23/2022,1,"0,3,4,0,2",Sophie
9,27,2,64,2,4,,6/23/2022,0,NA,Sophie
9,28,2,7,3,5,,6/23/2022,1,"0,0,0,0,50",Sophie
9,29,2,35,4,1,,6/23/2022,1,"0,1,12,0,0",Sophie
9,30,2,36,4,1,,6/23/2022,1,"0,10,8,0,2",Sophie
9,31,2,45,2,4,,6/23/2022,1,"0,0,0,0,0",Sophie
9,32,2,15,3,1,,6/23/2022,1,"0,0,0,0,0",Sophie
9,33,2,77,5,3,,6/23/2022,1,"0,0,20,0,0",Sophie
9,34,2,36,3,1,,6/23/2022,0,NA,Sophie
9,35,2,49,3,1,,6/23/2022,1,"0,0,0,0,0",Sophie
9,36,2,39,5,2,,6/23/2022,1,"0,0,0,0,0",Sophie
9,37,2,6,4,4,,6/23/2022,1,"0,0,0,0,05",Sophie
9,38,2,57,5,4,,6/23/2022,1,"0,0,0,0,0",Sophie
9,39,2,15,5,4,,6/23/2022,1,"22,18,0,82,52",Sophie
9,40,2,62,5,5,,6/23/2022,1,"0,0,0,0,0",Sophie
9,41,2,17,3,5,,6/23/2022,1,"0,0,0,0,0",Sophie
9,42,2,47,5,4,,6/23/2022,1,"0,0,0,0,0",Sophie
9,43,2,35,2,2,,6/23/2022,1,"0,0,0,0,0",Sophie
9,44,2,5,2,3,,6/23/2022,1,"0,0,0,0,05",Sophie
9,45,2,72,3,4,,6/23/2022,1,"0,0,0,0,0",Sophie
9,46,2,1,1,4,,6/23/2022,1,"0,0,0,5,5",Sophie
10,1,1,14,4,5,,6/22/2021,1,"0,0,0,0,0",Kavya
10,2,1,62,4,5,,6/22/2021,1,"0,0,0,0,01",Kavya
10,3,1,79,3,1,,6/22/2021,1,"0,0,0,30,3",Kavya
10,4,1,56,4,1,,6/22/2021,1,too withered,Kavya
10,5,1,1,5,2,,6/22/2021,1,"0,0,0,0,0",Kavya
10,6,1,62,4,2,,6/22/2021,1,"0,0,0,1,10",Kavya
10,7,1,7,3,4,,6/22/2021,0,NA,Kavya
10,8,1,42,1,1,,6/22/2021,1,"2,3,0,0,0",Kavya
10,9,1,69,1,2,,6/22/2021,1,"4,1,2,4,0",Kavya
10,10,1,67,4,5,,6/22/2021,1,"0,0,0,0,01",Kavya
10,11,1,16,3,3,,6/22/2021,1,"2,5,4,65,5",Kavya
10,12,1,72,4,4,,6/22/2021,1,"0,0,0,0,0",Kavya
10,13,1,12,3,4,,6/22/2021,1,"10,1,40,0,0",Kavya
10,14,1,42,2,1,,6/22/2021,1,"0,0,0,0,02",Kavya
10,15,1,61,3,3,,6/22/2021,1,"0,0,0,0,02",Kavya
10,16,1,23,1,4,,6/22/2021,1,"99,19,2,0,0",Kavya
10,17,1,17,5,3,,6/22/2021,1,"6,2,0,0,0",Kavya
10,18,1,72,1,5,,6/22/2021,1,"0,0,0,0,08",Kavya
10,19,1,9,2,4,,6/22/2021,1,"0,0,0,0,01",Kavya
10,20,1,31,2,1,,6/22/2021,1,"4,8,0,0,0",Kavya
10,21,1,47,5,2,,6/22/2021,0,NA,Kavya
10,22,1,46,1,1,,6/22/2021,1,"99,3,22,94,0",Kavya
10,23,1,31,3,3,,6/22/2021,1,"1,2,0,0,0",Kavya
10,24,2,5,3,5,,6/22/2021,1,"0,0,0,0,0",Kavya
10,25,2,14,1,3,,6/22/2021,1,"0,0,0,0,02",Kavya
10,26,2,3,5,4,,6/22/2021,1,"0,0,0,0,18",Kavya
10,27,2,30,3,3,,6/22/2021,1,"99,10,0,0,0",Kavya
10,28,2,61,4,1,,6/22/2021,1,"1,1,0,0,0",Kavya
10,29,2,31,5,2,,6/22/2021,1,"97,-,-,-,-",Kavya
10,30,2,41,2,4,,6/22/2021,0,NA,Kavya
10,31,2,47,4,1,,6/22/2021,1,"2,27,0,0,0",Kavya
10,32,2,16,1,2,,6/22/2021,0,NA,Kavya
10,33,2,28,4,5,,6/22/2021,1,"0,0,0,0,01",Kavya
10,34,2,5,5,2,,6/22/2021,1,"0,0,0,0,01",Kavya
10,35,2,56,2,4,,6/22/2021,1,"0,0,0,0,0",Kavya
10,36,2,72,5,1,,6/22/2021,1,"4,1,0,0,0",Kavya
10,37,2,57,1,1,,6/22/2021,1,"15,2,14,1,0",Kavya
10,38,2,57,1,3,,6/22/2021,1,too withered,Kavya
10,39,2,79,3,5,,6/22/2021,1,"0,0,0,0,0",Kavya
10,40,2,68,4,4,,6/22/2021,1,"0,0,0,0,04",Kavya
10,41,4,15,2,1,,6/22/2021,1,"0,0,0,0,20",Kavya
10,42,4,5,4,4,,6/22/2021,1,"99,5,0,0,0",Kavya
10,43,4,32,1,4,,6/22/2021,1,"0,0,0,0,0",Kavya
10,44,4,61,1,1,,6/22/2021,1,"0,0,0,0,07",Kavya
10,45,4,31,3,2,,6/22/2021,1,"0,0,0,0,10",Kavya
10,46,4,47,4,2,,6/22/2021,1,"0,0,0,0,02",Kavya
11,1,1,64,1,1,,6/23/2022,1,"0,0,0,16,1",Sophie
11,2,1,3,4,1,,6/23/2022,1,"0,2,45,30,0",Sophie
11,3,1,11,1,3,,6/23/2022,1,"0,0,0,0,0",Sophie
11,4,1,11,3,2,,6/23/2022,1,"1,0,0,0,5",Sophie
11,5,1,18,3,1,,6/23/2022,1,"0,0,0,0,052",Sophie
11,6,1,29,4,1,,6/23/2022,0,NA,Sophie
11,7,1,35,5,3,,6/23/2022,1,"0,0,0,0,0",Sophie
11,8,1,64,1,4,,6/23/2022,1,"0,0,0,0,02",Sophie
11,9,1,2,1,2,,6/23/2022,1,"0,0,8,2,0",Sophie
11,10,1,64,5,1,,6/23/2022,1,"3,0,0,2,2",Sophie
11,11,1,36,1,2,,6/23/2022,1,"0,0,0,8,20",Sophie
11,12,1,67,5,5,,6/23/2022,1,"3,4,8,5,0",Sophie
11,13,1,61,1,5,,6/23/2022,1,"0,0,0,0,10",Sophie
11,14,1,74,2,2,,6/23/2022,1,"0,0,0,0,06",Sophie
11,15,1,68,2,5,,6/23/2022,1,"0,0,0,0,0",Sophie
11,16,1,29,2,2,,6/23/2022,0,NA,Sophie
11,17,1,40,5,1,,6/23/2022,1,"0,8,12,0,32",Sophie
11,18,1,1,2,4,,6/23/2022,1,too withered,Sophie
11,19,1,74,1,5,,6/23/2022,1,"0,0,0,0,0",Sophie
11,20,1,2,4,5,,6/23/2022,1,"0,0,0,0,018",Sophie
11,21,1,4,2,4,,6/23/2022,1,"5,5,8,0,2",Sophie
11,22,1,9,1,2,,6/23/2022,1,"0,0,0,0,0",Sophie
11,23,1,39,5,1,,6/23/2022,1,"0,0,0,0,0",Sophie
11,24,4,57,2,1,,6/23/2022,1,"0,0,0,0,0",Sophie
11,25,4,17,4,1,,6/23/2022,0,NA,Sophie
11,26,4,67,1,3,,6/23/2022,1,"1,10,10,0,0",Sophie
11,27,4,42,2,4,,6/23/2022,1,"0,0,0,0,0",Sophie
11,28,4,12,2,1,,6/23/2022,1,"0,5,3,2,0",Sophie
11,29,4,30,2,1,,6/23/2022,1,"0,0,0,0,0",Sophie
11,30,4,4,4,1,,6/23/2022,1,"0,0,0,0,0",Sophie
11,31,4,17,4,5,,6/23/2022,1,"0,0,0,0,02",Sophie
11,32,4,35,4,3,,6/23/2022,1,"0,0,0,0,05",Sophie
11,33,4,68,5,5,,6/23/2022,1,"0,0,0,0,0",Sophie
11,34,4,67,1,2,,6/23/2022,1,"5,0,0,10,0",Sophie
11,35,4,40,3,2,,6/23/2022,1,"0,10,0,3,0",Sophie
11,36,4,68,5,4,,6/23/2022,1,"0,0,0,0,0",Sophie
11,37,4,4,2,1,,6/23/2022,0,NA,Sophie
11,38,4,28,1,2,,6/23/2022,0,NA,Sophie
11,39,4,26,1,4,,6/23/2022,1,"1,2,0,4,0",Sophie
11,40,4,6,3,4,,6/23/2022,0,NA,Sophie
11,41,4,16,1,1,,6/23/2022,1,"18,0,0,8,0",Sophie
11,42,4,42,1,4,,6/23/2022,0,NA,Sophie
11,43,4,41,1,4,,6/23/2022,1,"0,0,0,0,0",Sophie
11,44,4,21,3,3,,6/23/2022,1,"0,60,25,20,0",Sophie
11,45,4,35,3,3,,6/23/2022,1,"0,0,0,0,0",Sophie
11,46,4,31,1,5,,6/23/2022,1,"3,0,5,0,0",Sophie
12,1,3,7,1,1,,6/22/2021,1,"0,0,3,3,0",Sophie
12,2,3,1,3,2,,6/22/2021,1,"3,3,0,0,1",Sophie
12,3,3,47,4,3,,6/22/2021,1,"90,66,30,65,72",Sophie
12,4,3,61,1,3,,6/22/2021,1,"0,0,0,0,0",Sophie
12,5,3,46,1,2,,6/22/2021,1,"0,0,0,0,03",Sophie=
12,6,3,79,2,2,,6/22/2021,1,"70,0,0,0,0",Sophie
12,7,3,9,1,4,,6/22/2021,1,"0,0,0,0,0",Sophie
12,8,3,32,1,1,,6/22/2021,1,"0,0,0,0,0",Sophie
12,9,3,7,2,4,,6/22/2021,0,NA,Sophie
12,10,3,72,5,4,,6/22/2021,1,"0,0,0,0,028",Sophie
12,11,3,47,1,4,,6/22/2021,1,"0,0,0,0,0",Sophie
12,12,3,62,2,2,,6/22/2021,1,"16,4,2,0,0",Sophie
12,13,3,46,3,2,,6/22/2021,0,NA,Sophie
12,14,3,41,2,3,,6/22/2021,1,"0,0,0,0,02",Sophie
12,15,3,67,4,1,,6/22/2021,1,"0,0,0,0,10",Sophie
12,16,3,67,4,2,,6/22/2021,1,"0,0,0,0,0",Sophie
12,17,3,8,1,2,,6/22/2021,1,"0,0,0,0,0",Sophie
12,18,3,36,5,2,,6/22/2021,0,NA,Sophie
12,19,3,57,5,5,,6/22/2021,1,"3,0,6,2,0",Sophie
12,20,3,68,2,3,,6/22/2021,1,"2,3,3,8,4",Sophie
12,21,3,23,1,1,,6/22/2021,1,"0,0,0,0,0",Sophie
12,22,1,21,4,3,,6/22/2021,1,"0,0,0,0,0",Sophie
12,23,1,6,1,1,,6/22/2021,1,"0,0,0,0,0",Sophie
12,24,4,17,3,4,,6/22/2021,1,"0,0,0,0,0",Sophie
12,25,4,57,4,4,,6/22/2021,0,NA,Sophie
12,26,4,29,5,3,,6/22/2021,1,"0,0,0,0,02",Sophie
12,27,4,6,1,2,,6/22/2021,1,"0,0,0,0,40",Sophie
12,28,4,17,2,3,,6/22/2021,0,NA,Sophie
12,29,4,41,1,3,,6/22/2021,1,"0,0,0,0,02",Sophie
12,30,4,14,4,3,,6/22/2021,1,"0,0,0,0,0",Sophie
12,31,4,51,4,1,,6/22/2021,1,"0,0,0,0,0",Sophie
12,32,4,28,4,4,,6/22/2021,1,"0,0,0,0,0",Sophie
12,33,4,35,5,2,,6/22/2021,1,"0,0,0,0,0",Sophie
12,34,4,61,1,2,,6/22/2021,1,"0,0,0,0,0",Sophie
12,35,4,72,3,3,,6/22/2021,1,"0,0,0,0,3",Sophie
12,36,4,14,4,1,,6/22/2021,1,"0,0,0,0,0",Sophie
12,37,4,40,4,1,,6/22/2021,1,"0,0,0,0,0",Sophie
12,38,4,57,2,5,,6/22/2021,1,"0,0,0,0,2",Sophie
12,39,4,68,1,1,,6/22/2021,1,"0,0,0,0,0",Sophie
12,40,4,45,2,2,,6/22/2021,1,"0,0,0,0,0",Sophie
12,41,4,13,1,2,,6/22/2021,0,NA,Sophie
12,42,4,47,5,3,,6/22/2021,1,"0,0,0,0,0",Sophie
12,43,4,19,1,5,,6/22/2021,1,"0,0,0,0,0",Sophie
12,44,4,64,5,2,,6/22/2021,1,"0,0,0,0,0",Sophie
12,45,4,21,5,5,,6/22/2021,1,"0,0,0,0,0",Sophie
12,46,4,21,5,4,,6/22/2021,1,"0,0,0,0,0",Sophie
13,1,3,72,2,2,,6/22/2021,1,"0,0,0,0,02",Sophie
13,2,3,39,3,1,,6/22/2021,1,"0,0,0,0,0",Sophie
13,3,3,13,1,3,,6/22/2021,1,"1,0,6,0,0",Sophie
13,4,3,41,1,4,,6/22/2021,1,"0,2,0,2,5",Sophie
13,5,3,77,2,5,,6/22/2021,0,NA,Sophie
13,6,3,35,5,5,,6/22/2021,1,"0,0,0,0,0",Sophie
13,7,3,20,2,2,,6/22/2021,0,NA,Sophie
13,8,3,42,2,5,,6/22/2021,1,"0,0,0,0,05",Sophie
13,9,3,77,4,4,,6/22/2021,1,"8,5,0,0,0",Sophie
13,10,3,49,1,1,,6/22/2021,1,"0,0,0,0,0",Sophie
13,11,3,49,2,4,,6/22/2021,1,"0,0,0,0,05",Sophie
13,12,3,13,3,3,,6/22/2021,0,NA,Sophie
13,13,3,17,1,2,,6/22/2021,1,"0,0,0,0,0",Sophie
13,14,3,61,5,3,,6/22/2021,1,"1,5,1,0,0",Sophie
13,15,3,62,1,4,,6/22/2021,1,"0,0,1,0,6",Sophie
13,16,3,61,4,3,,6/22/2021,1,"0,0,0,0,0",Sophie
13,17,3,14,1,2,,6/22/2021,1,"90,96,96,98,98",Sophie
13,18,3,14,5,5,,6/22/2021,1,"2,0,10,8,0",Sophie
13,19,3,72,3,2,,6/22/2021,1,"0,0,0,0,20",Sophie
13,20,3,20,5,5,,6/22/2021,1,"0,0,0,0,0",Sophie
13,21,3,19,3,1,,6/22/2021,1,"0,0,0,0,0",Sophie
13,22,3,46,3,3,,6/22/2021,1,"0,0,0,0,0",Sophie
13,23,3,56,4,3,,6/22/2021,1,too withered,Sophie
13,24,3,11,2,3,,6/22/2021,1,"3,0,0,2,0",Sophie
13,25,3,62,2,4,,6/22/2021,1,"0,0,0,0,0",Sophie
13,26,4,49,1,2,,6/22/2021,1,"0,0,0,0,0",Sophie
13,27,4,1,2,3,,6/22/2021,0,NA,Sophie
13,28,4,11,1,1,,6/22/2021,1,"3,0,2,0,0",Sophie
13,29,4,12,1,2,,6/22/2021,1,"0,0,0,0,10",Sophie
13,30,4,7,5,1,,6/22/2021,1,"0,0,0,0,0",Sophie
13,31,4,1,2,5,,6/22/2021,1,"0,0,0,0,0",Sophie
13,32,4,61,3,4,,6/22/2021,1,"0,0,0,0,02",Sophie
13,33,4,57,1,5,,6/22/2021,0,NA,Sophie
13,34,4,35,2,4,,6/22/2021,1,"1,0,8,22,0",Sophie
13,35,4,6,5,3,,6/22/2021,1,too small,Sophie
13,36,4,79,4,3,,6/22/2021,1,"0,0,0,0,01",Sophie
13,37,4,39,5,4,,6/22/2021,1,"0,0,0,0,0",Sophie
13,38,4,9,2,5,,6/22/2021,1,"0,0,0,0,0",Sophie
13,39,4,5,1,3,,6/22/2021,1,"0,0,0,0,0",Sophie
13,40,4,56,2,2,,6/22/2021,0,NA,Sophie
13,41,4,12,1,3,,6/22/2021,0,NA,Sophie
13,42,4,19,5,5,,6/22/2021,1,"0,0,0,0,0",Sophie
13,43,4,1,3,1,,6/22/2021,0,NA,Sophie
13,44,4,27,3,2,,6/22/2021,1,"0,0,0,0,0",Sophie
13,45,4,19,5,1,,6/22/2021,1,"0,0,0,0,0",Sophie
13,46,4,68,1,2,,6/22/2021,1,"0,0,0,0,4",Sophie
14,1,3,57,2,3,,6/22/2021,1,"0,0,0,0,03",Sophie
14,2,3,21,4,5,,6/22/2021,1,"0,0,0,0,0",Sophie
14,3,3,21,1,3,,6/22/2021,1,"0,0,0,0,048",Sophie
14,4,3,11,1,4,,6/22/2021,0,NA,Sophie
14,5,3,41,2,1,,6/22/2021,1,"0,0,0,0,0",Sophie
14,6,3,4,1,5,,6/22/2021,1,"0,2,1,0,0,",Sophie
14,7,3,21,1,4,,6/22/2021,1,"0,3,2,0,0",Sophie
14,8,3,7,1,5,,6/22/2021,1,"0,0,0,0,04",Sophie
14,9,3,19,3,4,,6/22/2021,1,"0,0,0,0,0",Sophie
14,10,3,57,3,1,,6/22/2021,1,"0,0,0,0,01",Sophie
14,11,3,74,2,4,,6/22/2021,1,"0,0,0,0,0",Sophie
14,12,3,35,3,1,,6/22/2021,1,"2,15,0,30,0",Sophie
14,13,3,29,2,1,,6/22/2021,1,"0,0,0,0,02",Sophie
14,14,3,13,2,4,,6/22/2021,1,"0,0,0,0,04",Sophie
14,15,3,77,5,4,,6/22/2021,1,"0,0,0,0,0",Sophie
14,16,3,35,2,5,,6/22/2021,1,"0,0,0,0,0",Sophie
14,17,3,47,3,2,,6/22/2021,1,"0,0,0,0,028",Sophie
14,18,3,62,4,3,,6/22/2021,1,"0,10,4,16,0",Sophie
14,19,3,30,4,2,,6/22/2021,1,"8,3,3,3,0",Sophie
14,20,3,31,4,3,,6/22/2021,1,"0,0,0,0,04",Sophie
14,21,3,46,4,2,,6/22/2021,1,"0,0,0,0,0",Sophie
14,22,3,49,3,3,,6/22/2021,1,"0,0,0,0,05",Sophie
14,23,3,49,4,1,,6/22/2021,1,"0,0,0,0,0",Sophie
14,24,3,31,4,4,,6/22/2021,1,"0,0,0,0,10",Sophie
14,25,3,40,4,2,,6/22/2021,1,"0,0,0,0,0",Sophie
14,26,4,13,2,5,,6/22/2021,1,"0,8,50,2,0",Sophie
14,27,4,6,5,2,,6/22/2021,1,"0,0,0,0,0",Sophie
14,28,4,46,5,2,,6/22/2021,1,"0,0,0,0,0",Sophie
14,29,4,19,1,2,,6/22/2021,1,"0,0,0,0,0",Sophie
14,30,4,47,2,1,,6/22/2021,1,"0,0,0,0,0",Sophie
14,31,4,2,1,3,,6/22/2021,1,"0,0,0,0,0",Sophie
14,32,4,12,2,3,,6/22/2021,1,"0,0,0,0,01",Sophie
14,33,4,13,3,5,,6/22/2021,0,NA,Sophie
14,34,4,5,4,3,,6/22/2021,1,"3,2,0,5,0",Sophie
14,35,4,79,2,4,,6/22/2021,0,NA,Sophie
14,36,4,41,2,2,,6/22/2021,1,"50,3,0,0,2",Sophie
14,37,4,35,4,2,,6/22/2021,1,"0,0,0,0,0",Sophie
14,38,4,17,1,5,,6/22/2021,1,"0,0,0,0,02",Sophie
14,39,4,13,2,1,,6/22/2021,1,"0,0,0,0,0",Sophie
14,40,4,12,4,2,,6/22/2021,0,NA,Sophie
14,41,4,19,2,4,,6/22/2021,1,"0,0,0,0,0",Sophie
14,42,4,39,1,5,,6/22/2021,1,"0,0,0,0,0",Sophie
14,43,4,41,1,2,,6/22/2021,1,"0,0,0,0,0",Sophie
14,44,4,20,2,1,,6/22/2021,0,NA,Sophie
14,45,4,5,1,5,,6/22/2021,1,"0,0,0,0,0",Sophie
14,46,4,35,5,1,,6/22/2021,1,"0,0,0,0,0",Sophie
15,1,3,4,5,4,,6/22/2021,1,"0,0,0,0,0",Sophie
15,2,3,29,3,4,,6/22/2021,0,NA,Sophie
15,3,3,41,1,3,,6/22/2021,1,"0,0,0,0,0",Sophie
15,4,3,27,4,2,,6/22/2021,1,"0,0,0,0,0",Sophie
15,5,3,46,4,3,,6/22/2021,1,"0,0,3,0,1",Sophie
15,6,3,31,2,3,,6/22/2021,1,"3,0,10,0,0",Sophie
15,7,3,17,4,3,,6/22/2021,1,"0,0,0,0,0",Sophie
15,8,3,57,2,4,,6/22/2021,1,"0,0,0,0,04",Sophie
15,9,3,18,3,3,,6/22/2021,1,"0,0,0,0,0",Sophie
15,10,3,8,3,2,,6/22/2021,1,"0,0,10,0,0",Sophie
15,11,3,68,2,2,,6/22/2021,1,"2,1,1,0,0",Sophie
15,12,3,68,4,2,,6/22/2021,1,"0,0,0,0,04",Sophie
15,13,3,27,3,4,,6/22/2021,1,"0,0,0,2,0",Sophie
15,14,3,17,3,3,,6/22/2021,1,"0,0,0,0,0",Sophie
15,15,3,14,3,3,,6/22/2021,1,"0,0,0,0,0",Sophie
15,16,3,1,5,5,,6/22/2021,1,"0,0,0,0,06",Sophie
15,17,3,57,3,4,,6/22/2021,1,"0,0,0,0,0",Sophie
15,18,3,21,2,1,,6/22/2021,1,"0,3,20,44,46",Sophie
15,19,3,20,3,4,,6/22/2021,0,NA,Sophie
15,20,3,27,3,1,,6/22/2021,1,too withered,Sophie
15,21,3,67,2,4,,6/22/2021,1,"0,0,0,0,0",Sophie
15,22,3,7,4,1,,6/22/2021,1,"0,0,0,1,3",Sophie
15,23,3,27,5,4,,6/22/2021,1,"0,0,0,0,01",Sophie
15,24,3,68,3,1,,6/22/2021,1,"0,0,0,0,0",Sophie
15,25,3,74,1,2,,6/22/2021,1,"0,0,3,0,10",Sophie
15,26,4,29,3,1,,6/22/2021,1,"0,0,0,0,0",Sophie
15,27,4,29,2,4,,6/22/2021,0,NA,Sophie
15,28,4,15,3,3,,6/22/2021,1,"0,0,0,0,08",Sophie
15,29,4,14,2,5,,6/22/2021,1,"0,0,0,0,0",Sophie
15,30,4,31,3,5,,6/22/2021,1,"0,0,0,0,0",Sophie
15,31,4,69,1,1,,6/22/2021,1,"0,0,0,0,0",Sophie
15,32,4,77,2,3,,6/22/2021,0,NA,Sophie
15,33,4,4,5,1,,6/22/2021,1,"0,0,0,0,02",Sophie
15,34,4,11,3,4,,6/22/2021,0,NA,Sophie
15,35,4,57,4,1,,6/22/2021,1,"0,0,0,5,1",Sophie
15,36,4,72,4,2,,6/22/2021,0,NA,Sophie
15,37,4,5,1,1,,6/22/2021,1,"0,1,0,3,3",Sophie
15,38,4,56,4,5,,6/22/2021,1,"1,0,6,0,0",Sophie
15,39,4,40,2,5,,6/22/2021,1,"0,0,0,0,01",Sophie
15,40,4,9,1,1,,6/22/2021,1,"0,0,0,0,0",Sophie
15,41,4,40,3,3,,6/22/2021,1,"0,0,0,0,0",Sophie
15,42,4,3,3,4,,6/22/2021,1,"0,0,0,0,0",Sophie
15,43,4,20,5,2,,6/22/2021,1,"0,0,0,1,1",Sophie
15,44,4,3,2,1,,6/22/2021,1,"0,0,0,0,0",Sophie
15,45,4,41,4,5,,6/22/2021,1,"2,0,20,0,2",Sophie
15,46,4,18,4,5,,6/22/2021,0,NA,Sophie
16,1,3,15,4,2,,6/22/2021,1,"0,0,0,0,01",Sophie
16,2,3,57,4,2,,6/22/2021,1,"22,22,0,0,3",Sophie
16,3,3,27,1,1,,6/22/2021,0,NA,Sophie
16,4,3,77,2,1,,6/22/2021,1,"0,0,0,0,01",Sophie
16,5,3,29,4,4,,6/22/2021,1,"0,0,0,0,0",Sophie
16,6,3,21,3,2,,6/22/2021,1,"0,0,0,0,0",Sophie
16,7,3,31,1,2,,6/22/2021,1,"0,0,0,0,0",Sophie
16,8,3,36,5,1,,6/22/2021,1,"0,2,4,3,1",Sophie
16,9,3,21,4,2,,6/22/2021,1,"0,0,0,0,06",Sophie
16,10,3,15,5,3,,6/22/2021,1,"0,0,0,0,09",Sophie
16,11,3,46,4,4,,6/22/2021,1,"0,0,0,0,0",Sophie
16,12,3,5,2,1,,6/22/2021,1,"0,0,0,3,3",Sophie
16,13,3,41,1,2,,6/22/2021,1,"0,0,0,2,3",Sophie
16,14,3,49,2,2,,6/22/2021,1,"0,0,0,0,04",Sophie
16,15,3,67,5,4,,6/22/2021,1,"0,0,0,0,0",Sophie
16,16,3,7,5,4,,6/22/2021,1,"0,0,0,0,0",Sophie
16,17,3,5,4,5,,6/22/2021,0,NA,Sophie
16,18,3,4,5,5,,6/22/2021,0,NA,Sophie
16,19,3,68,5,1,,6/22/2021,0,NA,Sophie
16,20,3,4,2,3,,6/22/2021,1,"0,0,0,0,01",Sophie
16,21,3,61,4,2,,6/22/2021,1,"0,0,0,0,0",Sophie
16,22,3,39,4,4,,6/22/2021,1,"0,0,0,3,3",Sophie
16,23,3,1,5,3,,6/22/2021,1,"0,0,0,3,22",Sophie
16,24,3,2,3,2,,6/22/2021,1,"0,2,0,0,32",Sophie
16,25,3,19,1,3,,6/22/2021,1,too withered,Sophie
16,26,4,NO PLANT,NO PLANT,NO PLANT,,6/22/2021,0,NA,Sophie
16,27,4,27,1,2,,6/22/2021,1,"0,0,32,0,1",Sophie
16,28,4,2,4,2,,6/22/2021,1,"5,4,10,2,0",Sophie
16,29,4,30,2,5,,6/22/2021,1,"0,0,0,0,0",Sophie
16,30,4,19,1,4,,6/22/2021,1,"0,0,0,0,0",Sophie
16,31,4,39,1,4,,6/22/2021,0,NA,Sophie
16,32,4,79,5,5,,6/22/2021,1,"0,0,0,0,0",Sophie
16,33,4,18,2,5,,6/22/2021,1,"0,0,2,3,0",Sophie
16,34,4,31,2,4,,6/22/2021,0,NA,Sophie
16,35,4,67,1,1,,6/22/2021,1,"0,0,0,0,01",Sophie
16,36,4,45,1,5,,6/22/2021,0,NA,Sophie
16,37,4,3,3,1,,6/22/2021,1,"0,0,0,0,0",Sophie
16,38,4,79,2,3,,6/22/2021,1,"0,0,0,0,0",Sophie
16,39,4,68,3,2,,6/22/2021,1,"0,0,0,0,01",Sophie
16,40,4,39,1,2,,6/22/2021,1,"0,0,0,0,06",Sophie
16,41,4,2,4,1,,6/22/2021,1,"0,0,0,0,0",Sophie
16,42,4,20,5,3,,6/22/2021,1,"0,0,0,0,06",Sophie
16,43,4,3,2,3,,6/22/2021,1,"0,0,0,0,0",Sophie
16,44,4,18,3,5,,6/22/2021,1,"0,0,0,0,0",Sophie
16,45,4,42,1,5,,6/22/2021,0,NA,Sophie
16,46,4,12,3,5,,6/22/2021,1,"0,0,0,0,0",Sophie
17,1,3,6,4,3,,6/22/2021,1,"0,0,0,0,02",Sophie
17,2,3,8,2,1,,6/22/2021,1,"0,0,0,0,0",Sophie
17,3,3,62,5,1,,6/22/2021,1,"0,0,0,0,0",Sophie
17,4,3,12,5,5,,6/22/2021,1,"0,0,0,1,2",Sophie
17,5,3,8,1,3,,6/22/2021,0,NA,Sophie
17,6,3,79,5,4,,6/22/2021,1,"0,10,2,0,3",Sophie
17,7,3,3,4,5,,6/22/2021,1,"0,0,0,0,0",Sophie
17,8,3,46,3,4,1wk flowers,6/22/2021,1,"0,0,0,0,05",Sophie
17,9,3,79,1,5,,6/22/2021,1,"0,0,0,0,02",Sophie
17,10,3,39,4,5,,6/22/2021,1,"0,0,0,0,0",Sophie
17,11,3,69,2,3,,6/22/2021,1,"0,0,0,0,0",Sophie
17,12,3,67,4,4,,6/22/2021,1,"1,3,1,0,0",Sophie
17,13,3,11,2,1,,6/22/2021,1,"0,0,25,3,2",Sophie
17,14,3,13,5,1,,6/22/2021,1,"1,2,0,0,0",Sophie
17,15,3,54,1,5,,6/22/2021,0,NA,Sophie
17,16,3,40,2,1,,6/22/2021,1,"0,0,0,0,0",Sophie
17,17,3,12,2,5,,6/22/2021,1,"16,2,6,1,0",Sophie
17,18,3,15,4,5,,6/22/2021,1,"4,0,3,0,0",Sophie
17,19,3,77,5,2,,6/22/2021,1,"0,0,1,0,4",Sophie
17,20,3,40,1,1,,6/22/2021,1,"0,0,0,0,0",Sophie
17,21,3,69,1,5,,6/22/2021,0,NA,Sophie
17,22,3,67,3,1,,6/22/2021,1,"16,0,0,0,44",Sophie
17,23,3,36,4,5,,6/22/2021,0,NA,Sophie
17,24,3,16,1,3,,6/22/2021,,"28,4,64,18,16",Sophie
17,25,3,13,1,1,,6/22/2021,1,"0,0,0,0,0",Sophie
17,26,4,18,1,5,,6/22/2021,1,"0,0,0,0,0",Sophie
17,27,4,61,3,2,,6/22/2021,1,"0,0,0,0,0",Sophie
17,28,4,12,4,3,,6/22/2021,1,"14,2,3,12,20",Sophie
17,29,4,5,5,1,,6/22/2021,1,"0,18,8,0,0",Sophie
17,30,4,49,2,5,,6/22/2021,1,"30,20,0,0,",Sophie
17,31,4,74,1,1,,6/22/2021,1,"0,0,0,0,04",Sophie
17,32,4,36,4,3,,6/22/2021,1,"0,0,0,0,03",Sophie
17,33,4,67,3,4,,6/22/2021,1,too withered,Sophie
17,34,4,15,1,3,,6/22/2021,0,NA,Sophie
17,35,4,5,3,4,,6/22/2021,0,NA,Sophie
17,36,4,16,3,2,,6/22/2021,1,"3,0,1,3,3",Sophie
17,37,4,7,2,5,,6/22/2021,0,NA,Sophie
17,38,4,26,1,5,,6/22/2021,1,"0,0,0,0,0",Sophie
17,39,4,57,3,3,,6/22/2021,0,NA,Sophie
17,40,4,68,2,4,,6/22/2021,0,NA,Sophie
17,41,4,19,2,3,,6/22/2021,1,"0,0,0,0,05",Sophie
17,42,4,61,5,4,,6/22/2021,0,NA,Sophie
17,43,4,30,3,2,,6/22/2021,1,"0,0,0,0,0",Sophie
17,44,4,5,4,2,,6/22/2021,0,NA,Sophie
17,45,4,27,5,5,,6/22/2021,1,"0,0,0,0,0",Sophie
17,46,4,1,4,4,,6/22/2021,1,"0,0,0,0,08",Sophie
18,1,3,5,1,2,,6/22/2021,1,"0,0,0,0,05",Sophie
18,2,3,39,2,3,,6/22/2021,1,"0,0,0,0,0",Sophie
18,3,3,61,1,4,,6/22/2021,1,"0,0,0,0,0",Sophie
18,4,3,64,5,4,,6/22/2021,1,"0,0,0,0,0",Sophie
18,5,3,46,4,5,,6/22/2021,1,"0,0,0,0,0",Sophie
18,6,3,2,3,3,,6/22/2021,1,"0,0,0,0,0",Sophie
18,7,3,17,2,2,,6/22/2021,0,NA,Sophie
18,8,3,68,1,3,,6/22/2021,1,"0,0,0,0,034",Sophie
18,9,3,4,4,3,,6/22/2021,1,"0,0,0,0,022",Sophie
18,10,3,3,5,2,,6/22/2021,1,"0,0,0,0,01",Sophie
18,11,3,18,3,2,,6/22/2021,1,"0,0,0,0,0",Sophie
18,12,3,56,3,2,,6/22/2021,1,"0,0,0,0,0",Sophie
18,13,3,42,1,3,,6/22/2021,1,"0,0,0,0,0",Sophie
18,14,3,62,5,4,,6/22/2021,1,"0,0,0,0,08",Sophie
18,15,3,14,3,4,,6/22/2021,1,"0,0,0,0,042",Sophie
18,16,3,28,4,2,,6/22/2021,1,"0,0,0,0,0",Sophie
18,17,3,11,1,5,,6/22/2021,1,"0,0,0,0,0",Sophie
18,18,3,49,3,2,,6/22/2021,1,"0,95,12,0,25",Sophie
18,19,3,7,4,5,,6/22/2021,1,"0,0,0,0,0",Sophie
18,20,3,15,1,1,,6/22/2021,0,NA,Sophie
18,21,3,69,1,3,,6/22/2021,1,"4,18,14,0,0",Sophie
18,22,3,74,5,3,,6/22/2021,0,NA,Sophie
18,23,3,47,3,4,,6/22/2021,no pot,no pot,Sophie
18,24,3,62,3,2,,6/22/2021,0,NA,Sophie
18,25,3,39,1,3,,6/22/2021,1,"0,0,0,0,0",Sophie
18,26,4,36,5,5,,6/22/2021,1,"0,0,0,0,0",Sophie
18,27,4,6,3,2,,6/22/2021,1,"0,0,0,0,0",Sophie
18,28,4,39,1,1,,6/22/2021,1,"0,0,0,0,0",Sophie
18,29,4,20,1,1,,6/22/2021,1,too withered,Sophie
18,30,4,21,1,5,,6/22/2021,1,"0,0,0,0,0",Sophie
18,31,4,64,1,5,,6/22/2021,1,"0,0,0,0,0",Sophie
18,32,4,5,3,3,,6/22/2021,1,"0,0,0,0,0",Sophie
18,33,4,18,5,4,,6/22/2021,1,"0,0,0,0,0",Sophie
18,34,4,21,1,1,,6/22/2021,1,"0,0,0,0,01",Sophie
18,35,4,6,5,5,,6/22/2021,0,NA,Sophie
18,36,4,35,2,3,,6/22/2021,1,"0,0,0,0,0",Sophie
18,37,4,69,2,5,,6/22/2021,0,NA,Sophie
18,38,4,31,4,1,,6/22/2021,1,"0,0,0,0,03",Sophie
18,39,4,30,3,5,,6/22/2021,1,"0,0,0,0,02",Sophie
18,40,4,46,2,1,,6/22/2021,1,"0,0,0,0,0",Sophie
18,41,4,3,5,5,,6/22/2021,1,"0,0,0,0,0",Sophie
18,42,4,18,2,3,,6/22/2021,1,"0,0,0,0,03",Sophie
18,43,4,40,5,4,,6/22/2021,1,"0,0,0,0,0",Sophie
18,44,4,20,3,1,,6/22/2021,1,"0,0,12,50,96",Sophie
18,45,4,3,1,1,,6/22/2021,1,"50,0,0,0,0",Sophie
18,46,4,2,2,4,,6/22/2021,1,"0,0,0,23,24",Sophie
19,1,3,2,2,1,,6/22/2021,1,"0,0,0,0,0",Sophie
19,2,3,31,3,1,,6/22/2021,1,"0,0,0,0,0",Sophie
19,3,3,40,4,3,,6/22/2021,1,"4,4,2,0,0",Sophie
19,4,3,4,2,5,,6/22/2021,1,"0,0,0,0,65",Sophie
19,5,3,72,2,5,,6/22/2021,1,"0,0,0,0,0",Sophie
19,6,3,64,5,5,,6/22/2021,1,"0,0,0,0,0",Sophie
19,7,3,69,2,2,,6/22/2021,1,"0,0,0,0,0",Sophie
19,8,3,26,1,3,,6/22/2021,1,"0,0,0,0,06",Sophie
19,9,3,61,5,2,,6/22/2021,1,"0,0,0,0,03",Sophie
19,10,3,45,1,3,,6/22/2021,0,NA,Sophie
19,11,3,72,4,1,,6/22/2021,1,"0,0,0,0,05",Sophie
19,12,3,18,3,4,,6/22/2021,1,"0,0,0,0,20",Sophie
19,13,3,19,2,1,,6/22/2021,1,"0,0,0,0,36",Sophie
19,14,3,64,3,1,,6/22/2021,1,"0,0,0,0,0",Sophie
19,15,3,47,1,2,,6/22/2021,1,"0,0,0,0,0",Sophie
19,16,3,2,5,1,,6/22/2021,1,"0,0,0,0,0",Sophie
19,17,3,6,3,3,,6/22/2021,1,"0,0,0,0,06",Sophie
19,18,3,12,1,1,,6/22/2021,1,"90,90,90,90,90",Sophie
19,19,3,46,2,4,,6/22/2021,1,"0,0,0,0,20",Sophie
19,20,3,28,4,3,,6/22/2021,1,"0,0,0,20,28",Sophie
19,21,3,74,1,4,,6/22/2021,1,"3,5,0,0,0",Sophie
19,22,3,46,3,1,,6/22/2021,1,"4,0,0,5,3",Sophie
19,23,3,6,1,4,,6/22/2021,1,"2,3,0,0,0",Sophie
19,24,3,61,3,5,,6/22/2021,1,"1,10,4,0,0",Sophie
19,25,3,15,2,2,,6/22/2021,1,"0,0,0,0,0",Sophie
19,26,4,8,1,5,,6/22/2021,1,"38,10,0,0,0",Sophie
19,27,4,1,5,1,,6/22/2021,1,"0,0,0,0,0",Sophie
19,28,4,13,2,2,,6/22/2021,1,"0,98,0,0,24",Sophie
19,29,4,61,3,1,,6/22/2021,1,"56,52,96,94,90",Sophie
19,30,4,7,2,1,,6/22/2021,1,"4,0,0,0,0",Sophie
19,31,4,1,4,2,,6/22/2021,0,NA,Sophie
19,32,4,62,5,3,,6/22/2021,1,"0,0,0,0,03",Sophie
19,33,4,57,4,3,,6/22/2021,1,"0,0,0,0,0",Sophie
19,34,4,29,5,5,,6/22/2021,1,"0,0,0,0,0",Sophie
19,35,4,28,1,1,,6/22/2021,1,"0,0,0,0,28",Sophie
19,36,4,11,4,1,,6/22/2021,0,NA,Sophie
19,37,4,27,5,1,,6/22/2021,1,"0,0,0,0,08",Sophie
19,38,4,79,3,2,,6/22/2021,1,"0,0,0,0,0",Sophie
19,39,4,21,2,4,,6/22/2021,1,"0,0,0,0,0",Sophie
19,40,4,15,1,2,,6/22/2021,1,"0,0,0,20,52",Sophie
19,41,4,19,2,5,,6/22/2021,1,too small,Sophie
19,42,4,9,2,3,,6/22/2021,1,"0,0,0,0,0",Sophie
19,43,4,49,2,1,,6/22/2021,1,"0,0,0,0,01",Sophie
19,44,4,20,3,3,,6/22/2021,1,"0,0,0,0,0",Sophie
19,45,4,15,3,2,,6/22/2021,1,"0,0,0,0,0",Sophie
19,46,4,46,3,5,,6/22/2021,1,"0,0,0,0,0",Sophie
20,1,3,2,3,4,,6/22/2021,1,"0,0,0,0,03",Sophie
20,2,3,56,3,1,,6/22/2021,0,NA,Sophie
20,3,3,3,3,2,,6/22/2021,1,"0,15,20,15,20",Sophie
20,4,3,46,5,4,,6/22/2021,1,"0,0,10,60,40",Sophie
20,5,3,29,1,1,,6/22/2021,1,"0,10,0,3,56",Sophie
20,6,3,19,5,3,,6/22/2021,1,"0,0,0,0,0",Sophie
20,7,3,49,1,3,,6/22/2021,0,NA,Sophie
20,8,3,27,2,2,,6/22/2021,1,"0,0,0,0,0",Sophie
20,9,3,36,5,4,,6/22/2021,1,"0,0,0,0,0",Sophie
20,10,3,21,5,2,,6/22/2021,1,"3,0,0,12,4",Sophie
20,11,3,1,5,4,,6/22/2021,1,"0,0,0,0,08",Sophie
20,12,3,67,5,2,,6/22/2021,1,"0,0,0,1,3",Sophie
20,13,3,3,4,4,,6/22/2021,1,"0,0,0,3,48",Sophie
20,14,3,30,4,1,,6/22/2021,1,"0,0,0,0,01",Sophie
20,15,3,1,3,3,,6/22/2021,1,"0,0,0,0,04",Sophie
20,16,3,72,1,4,,6/22/2021,1,"0,0,0,0,0",Sophie
20,17,3,6,1,5,,6/22/2021,1,"8,8,26,22,30",Sophie
20,18,3,67,3,3,,6/22/2021,1,"3,1,0,0,0",Sophie
20,19,3,5,3,1,,6/22/2021,1,"1,3,15,0,0",Sophie
20,20,3,11,2,2,,6/22/2021,1,"0,0,0,0,0",Sophie
20,21,3,18,1,3,,6/22/2021,1,too withered,Sophie
20,22,3,57,2,2,,6/22/2021,0,NA,Sophie
20,23,3,18,4,4,,6/22/2021,1,"1,1,1,0,0",Sophie
20,24,3,8,3,4,,6/22/2021,1,"0,3,25,1,3",Sophie
20,25,3,51,4,4,,6/22/2021,1,"3,0,0,0,0",Sophie
20,26,4,31,4,5,,6/22/2021,1,"0,0,0,0,0",Sophie
20,27,4,19,3,3,,6/22/2021,0,NA,Sophie
20,28,4,5,2,5,,6/22/2021,1,"3,2,2,0,0",Sophie
20,29,4,36,2,3,,6/22/2021,1,"0,0,0,0,0",Sophie
20,30,4,18,4,2,,6/22/2021,1,"0,0,0,0,0",Sophie
20,31,4,30,2,3,,6/22/2021,0,NA,Sophie
20,32,4,79,1,2,,6/22/2021,1,"0,0,0,0,0",Sophie
20,33,4,36,1,3,,6/22/2021,1,"0,0,0,0,0",Sophie
20,34,4,2,5,2,,6/22/2021,1,"0,0,0,0,0",Sophie
20,35,4,28,4,1,,6/22/2021,1,"0,0,0,0,15",Sophie
20,36,4,77,1,3,,6/22/2021,1,"0,0,0,0,0",Sophie
20,37,4,40,2,3,,6/22/2021,1,"7,0,1,1,58",Sophie
20,38,4,15,4,3,,6/22/2021,1,"3,1,0,0,0",Sophie
20,39,4,47,1,3,,6/22/2021,1,"95,3,95,1,1",Sophie
20,40,4,3,5,3,,6/22/2021,1,"0,0,0,0,0",Sophie
20,41,4,30,5,1,,6/22/2021,1,"0,0,0,0,0",Sophie
20,42,4,27,4,4,,6/22/2021,0,NA,Sophie
20,43,4,18,5,5,,6/22/2021,0,NA,Sophie
20,44,4,2,3,5,,6/22/2021,1,"0,0,0,0,0",Sophie
20,45,4,36,3,2,,6/22/2021,0,NA,Sophie
20,46,4,35,3,4,,6/22/2021,1,"0,0,0,38,44",Sophie
21,1,3,30,2,2,,6/22/2021,1,"0,0,0,0,30",Sophie
21,2,3,8,3,1,,6/22/2021,1,"4,0,0,10,0",Sophie
21,3,3,31,1,4,,6/22/2021,1,"3,0,6,0,13",Sophie
21,4,3,2,1,4,,6/22/2021,1,"0,0,0,0,0",Sophie
21,5,3,16,3,1,,6/22/2021,0,NA,Sophie
21,6,3,29,5,1,,6/22/2021,1,"4,0,0,0,0",Sophie
21,7,3,8,2,4,,6/22/2021,1,"0,0,0,0,0",Sophie
21,8,3,16,1,5,,6/22/2021,0,NA,Sophie
21,9,3,67,2,3,,6/22/2021,1,"0,0,0,0,0",Sophie
21,10,3,46,1,4,,6/22/2021,1,"0,0,0,0,0",Sophie
21,11,3,72,5,2,,6/22/2021,1,"0,5,30,0,1",Sophie
21,12,3,3,1,2,,6/22/2021,0,NA,Sophie
21,13,3,2,4,4,,6/22/2021,0,NA,Sophie
21,14,3,47,3,1,,6/22/2021,1,"0,3,1,1,25",Sophie
21,15,3,51,4,5,,6/22/2021,1,"0,0,0,0,1",Sophie
21,16,3,14,2,4,,6/22/2021,0,NA,Sophie
21,17,3,42,2,3,,6/22/2021,1,"0,0,0,0,0",Sophie
21,18,3,13,5,3,,6/22/2021,0,NA,Sophie
21,19,3,47,5,5,,6/22/2021,0,NA,Sophie
21,20,3,77,4,1,,6/22/2021,0,NA,Sophie
21,21,3,30,3,4,,6/22/2021,1,"2,5,80,30,30",Sophie
21,22,3,6,5,1,,6/22/2021,1,"0,0,0,0,0",Sophie
21,23,3,18,4,1,,6/22/2021,1,"0,0,0,0,0",Sophie
21,24,3,35,5,4,,6/22/2021,1,"10,0,0,0,0",Sophie
21,25,3,35,3,1,,6/22/2021,0,NA,Sophie
21,26,4,30,5,5,,6/22/2021,0,NA,Sophie
21,27,4,18,2,2,,6/22/2021,1,"0,0,0,0,0",Sophie
21,28,4,8,2,3,,6/22/2021,1,"0,0,0,0,0",Sophie
21,29,4,68,2,1,,6/22/2021,1,"0,0,2,1,30",Sophie
21,30,4,6,4,1,,6/22/2021,1,"0,0,0,0,0",Sophie
21,31,4,4,5,3,,6/22/2021,0,NA,Sophie
21,32,4,39,4,3,,6/22/2021,1,"3,0,3,0,5",Sophie
21,33,4,35,4,2,,6/22/2021,1,"0,0,0,0,0",Sophie
21,34,4,7,1,4,,6/22/2021,1,"0,0,0,0,2",Sophie
21,35,4,19,5,4,,6/22/2021,1,"0,0,0,0,95",Sophie
21,36,4,27,3,5,,6/22/2021,1,"0,0,0,0,22",Sophie
21,37,4,23,1,3,,6/22/2021,1,"0,12,100,4,12",Sophie
21,38,4,3,3,3,,6/22/2021,1,"0,6,0,1,0",Sophie
21,39,4,40,4,4,,6/22/2021,1,"0,0,0,0,4",Sophie
21,40,4,27,1,3,,6/22/2021,0,NA,Sophie
21,41,4,12,3,3,,6/22/2021,1,"0,0,0,0,4",Sophie
21,42,4,31,2,5,,6/22/2021,0,NA,Sophie
21,43,4,3,4,2,,6/22/2021,1,"0,0,0,0,2",Sophie
21,44,4,56,2,5,,6/22/2021,1,"1,7,0,10,0",Sophie
21,45,4,11,3,3,,6/22/2021,1,"0,0,3,0,6",Sophie
21,46,4,47,2,5,,6/22/2021,1,"0,100,1,2,0",Sophie
