"","Row","Column","Block","Population","Family","Replicate","Comment","Date_oldest_inflor_flower","Date_youngest_inflor_flower","Date_first_follicle_2in","Pods","Peduncles","Flowered2022"
"13",1,13,"1","40","3","5",NA,NA,NA,NA,NA,NA,"0"
"14",1,14,"1","41","2","5",NA,NA,NA,NA,NA,NA,"0"
"15",1,15,"1","14","2","1",NA,NA,NA,NA,NA,NA,"0"
"16",1,16,"1","40","4","5",NA,NA,NA,NA,NA,NA,"0"
"17",1,17,"1","15","5","5",NA,"6/29/2022","7/13/2022",NA,0,5,"1"
"18",1,18,"1","49","4","2",NA,NA,NA,NA,NA,NA,"0"
"19",1,19,"1","7","2","2",NA,NA,NA,NA,NA,NA,"0"
"20",1,20,"1","29","3","5",NA,NA,NA,NA,NA,NA,"0"
"21",1,21,"1","15","5","2",NA,"7/1/2022","7/18/2022","7/25/2022",10,8,"1"
"22",1,22,"1","3","3","5",NA,NA,NA,NA,NA,NA,"0"
"23",1,23,"1","68","4","5",NA,NA,NA,NA,NA,NA,"0"
"24",1,24,"2","11","3","5",NA,"7/6/2022","7/25/2022","7/27/2022",15,15,"1"
"25",1,25,"2","36","4","2",NA,NA,NA,NA,NA,NA,"0"
"26",1,26,"2","40","3","4",NA,NA,NA,NA,NA,NA,"0"
"27",1,27,"2","67","3","5",NA,NA,NA,NA,NA,NA,"0"
"28",1,28,"2","13","3","4",NA,NA,NA,NA,NA,NA,"0"
"29",1,29,"2","5","2","2",NA,NA,NA,NA,NA,NA,"0"
"30",1,30,"2","31","3","4",NA,"7/8/2022","7/13/2022",NA,0,3,"1"
"31",1,31,"2","31","1","1",NA,"7/4/2022","7/11/2022","7/29/2022",5,3,"1"
"32",1,32,"2","62","5","2",NA,NA,NA,NA,NA,NA,"0"
"33",1,33,"2","13","1","5",NA,NA,NA,NA,NA,NA,"0"
"34",1,34,"2","13","2","3",NA,NA,NA,NA,NA,NA,"0"
"35",1,35,"2","19","3","2",NA,NA,NA,NA,NA,NA,"0"
"36",1,36,"2","30","3","1",NA,NA,NA,NA,NA,NA,"0"
"37",1,37,"2","18","1","2",NA,"7/8/2022","7/18/2022","8/2/2022",7,5,"1"
"38",1,38,"2","31","5","1",NA,NA,NA,NA,NA,NA,"0"
"39",1,39,"2","7","4","2",NA,NA,NA,NA,NA,NA,"0"
"40",1,40,"2","8","1","4",NA,"7/4/2022","7/8/2022","7/27/2022",4,2,"1"
"41",1,41,"2","23","1","5",NA,NA,NA,NA,NA,NA,"0"
"42",1,42,"2","4","1","3",NA,"7/11/2022","7/18/2022","8/2/2022",8,3,"1"
"43",1,43,"2","36","3","3",NA,"6/29/2022","7/18/2022","7/25/2022",31,11,"1"
"44",1,44,"2","30","4","5",NA,NA,NA,NA,NA,NA,"0"
"45",1,45,"2","62","2","1",NA,NA,NA,NA,NA,NA,"0"
"46",1,46,"2","6","2","4",NA,NA,NA,NA,NA,NA,"0"
"47",2,1,"1","79","4","5","only 1 inflor and only 1 flower left ","7/18/2022","7/18/2022",NA,0,1,"1"
"48",2,2,"1","6","2","5",NA,"6/27/2022","7/13/2022","7/20/2022",17,9,"1"
"49",2,3,"1","68","1","4",NA,"7/4/2022","7/6/2022","8/2/2022",2,3,"1"
"50",2,4,"1","39","2","1",NA,"7/1/2022","7/20/2022","7/25/2022",13,8,"1"
"51",2,5,"1","49","3","5",NA,"7/4/2022","7/11/2022","8/4/2022",3,3,"1"
"52",2,6,"1","14","5","2",NA,NA,NA,NA,NA,NA,"0"
"53",2,7,"1","56","3","4",NA,NA,NA,NA,NA,NA,"0"
"54",2,8,"1","27","2","5",NA,NA,NA,NA,NA,NA,"0"
"55",2,9,"1","21","3","4",NA,"7/6/2022","7/8/2022","8/4/2022",1,3,"1"
"56",2,10,"1","14","2","2",NA,NA,NA,NA,NA,NA,"0"
"57",2,11,"1","72","2","1",NA,NA,NA,NA,NA,NA,"0"
"58",2,12,"1","2","1","1",NA,NA,NA,NA,NA,NA,"0"
"59",2,13,"1","36","2","4","only 1 inflor","7/11/2022","7/11/2022","8/8/2022",4,1,"1"
"60",2,14,"1","35","2","1",NA,"7/11/2022","7/25/2022","8/4/2022",14,6,"1"
"61",2,15,"1","15","3","4",NA,NA,NA,NA,NA,NA,"0"
"62",2,16,"1","40","2","2","only 2 inflor ","7/6/2022","7/8/2022",NA,0,2,"1"
"63",2,17,"1","46","1","5",NA,NA,NA,NA,NA,NA,"0"
"64",2,18,"1","6","4","2",NA,"7/6/2022","7/25/2022","7/27/2022",10,7,"1"
"65",2,19,"1","9","1","3",NA,NA,NA,NA,NA,NA,"0"
"66",2,20,"1","18","5","1",NA,NA,NA,NA,NA,NA,"0"
"67",2,21,"1","79","1","4",NA,NA,NA,NA,NA,NA,"0"
"68",2,22,"1","77","1","5",NA,"6/29/2022","7/6/2022","7/22/2022",15,5,"1"
"69",2,23,"1","31","4","2","only 2 inflor","6/29/2022","7/6/2022","7/27/2022",4,4,"1"
"70",2,24,"2","47","2","3",NA,NA,NA,NA,NA,NA,"0"
"71",2,25,"2","68","5","3",NA,"6/29/2022","7/13/2022","7/25/2022",25,11,"1"
"72",2,26,"2","28","1","4",NA,"7/13/2022","7/18/2022","8/8/2022",8,4,"1"
"73",2,27,"2","14","3","5",NA,NA,NA,NA,NA,NA,"0"
"74",2,28,"2","2","5","5",NA,NA,NA,NA,NA,NA,"0"
"75",2,29,"2","42","2","2",NA,NA,NA,NA,NA,NA,"0"
"76",2,30,"2","41","1","1","only 2 inflor ","7/22/2022","7/25/2022","8/19/2022",2,2,"1"
"77",2,31,"2","68","3","3",NA,NA,NA,NA,NA,NA,"0"
"78",2,32,"2","14","4","2",NA,NA,NA,NA,NA,NA,"0"
"79",2,33,"2","72","1","2",NA,NA,NA,NA,NA,NA,"0"
"80",2,34,"2","2","4","3",NA,NA,NA,NA,NA,NA,"0"
"81",2,35,"2","4","1","2",NA,NA,NA,NA,NA,NA,"0"
"82",2,36,"2","49","4","3",NA,NA,NA,NA,NA,NA,"0"
"83",2,37,"2","17","2","4",NA,NA,NA,NA,NA,NA,"0"
"84",2,38,"2","6","1","3",NA,NA,NA,NA,NA,NA,"0"
"85",2,39,"2","77","2","2",NA,"7/8/2022","7/27/2022","8/12/2022",26,15,"1"
"86",2,40,"2","47","2","4",NA,"7/8/2022","7/18/2022","8/2/2022",7,5,"1"
"87",2,41,"2","64","1","3",NA,"7/1/2022","7/27/2022","7/27/2022",35,18,"1"
"88",2,42,"2","57","5","1",NA,NA,NA,NA,NA,NA,"0"
"89",2,43,"2","57","1","4","only 2 inflor ","7/18/2022","7/20/2022",NA,0,2,"1"
"90",2,44,"2","15","2","3","only 2 inflor ","7/1/2022","7/22/2022",NA,0,2,"1"
"91",2,45,"2","79","5","2",NA,"7/1/2022","7/22/2022","7/27/2022",1,2,"1"
"92",2,46,"2","17","5","4",NA,NA,NA,NA,NA,NA,"0"
"93",3,1,"1","12","5","1",NA,"6/27/2022","7/18/2022","8/2/2022",20,15,"1"
"94",3,2,"1","68","3","4","only 1 inflor","7/4/2022","7/8/2022","8/2/2022",1,2,"1"
"95",3,3,"1","14","5","1",NA,"7/4/2022","8/4/2022","7/27/2022",18,13,"1"
"96",3,4,"1","9","2","2",NA,"7/8/2022","7/22/2022","8/10/2022",5,6,"1"
"97",3,5,"1","13","5","5","3rd inflor only has one left","7/4/2022","7/18/2022","7/29/2022",13,5,"1"
"98",3,6,"1","1","1","2",NA,NA,NA,NA,NA,NA,"0"
"99",3,7,"1","68","3","5",NA,NA,NA,NA,NA,NA,"0"
"100",3,8,"1","15","4","1","only 2 inflor ","7/13/2022","7/15/2022",NA,0,2,"1"
"101",3,9,"1","4","3","5",NA,NA,NA,NA,NA,NA,"0"
"102",3,10,"1","2","5","3",NA,NA,NA,NA,NA,NA,"0"
"103",3,11,"1","49","3","4",NA,NA,NA,NA,NA,NA,"0"
"104",3,12,"1","15","2","4",NA,NA,NA,NA,NA,NA,"0"
"105",3,13,"1","39","2","2",NA,"7/4/2022","7/6/2022","8/2/2022",1,3,"1"
"106",3,14,"1","2","2","5",NA,"6/29/2022","7/15/2022","7/27/2022",9,5,"1"
"107",3,15,"1","64","3","2",NA,NA,NA,NA,NA,NA,"0"
"108",3,16,"1","31","2","2",NA,NA,NA,NA,NA,NA,"0"
"109",3,17,"1","8","2","5",NA,"7/11/2022","7/15/2022","8/8/2022",4,5,"1"
"110",3,18,"1","17","1","1",NA,NA,NA,NA,NA,NA,"0"
"111",3,19,"1","18","1","4","second inflor too eaten ","7/13/2022","7/25/2022","8/4/2022",8,4,"1"
"112",3,20,"1","36","2","2",NA,"7/1/2022","7/13/2022","7/25/2022",6,3,"1"
"113",3,21,"1","7","3","1",NA,NA,NA,NA,NA,NA,"0"
"114",3,22,"1","69","2","1",NA,NA,NA,NA,NA,NA,"0"
"115",3,23,"1","30","5","4","only 2 inflor","7/22/2022","7/25/2022",NA,0,2,"1"
"116",3,24,"2","4","4","5",NA,"7/15/2022","7/25/2022","8/8/2022",13,5,"1"
"117",3,25,"2","16","3","4",NA,NA,NA,NA,NA,NA,"0"
"118",3,26,"2","62","3","1",NA,"7/15/2022","7/22/2022","8/8/2022",17,5,"1"
"119",3,27,"2","39","4","2",NA,NA,NA,NA,NA,NA,"0"
"120",3,28,"2","77","3","2",NA,"7/18/2022","7/25/2022","8/15/2022",17,7,"1"
"121",3,29,"2","4","4","4",NA,"7/13/2022","7/20/2022","8/8/2022",17,5,"1"
"122",3,30,"2","72","1","3",NA,NA,NA,NA,NA,NA,"0"
"123",3,31,"2","56","4","4",NA,NA,NA,NA,NA,NA,"0"
"124",3,32,"2","36","3","5",NA,NA,NA,NA,NA,NA,"0"
"125",3,33,"2","21","2","5",NA,NA,NA,NA,NA,NA,"0"
"126",3,34,"2","31","1","3",NA,"7/22/2022","7/29/2022","8/10/2022",7,4,"1"
"127",3,35,"2","77","5","5",NA,NA,NA,NA,NA,NA,"0"
"128",3,36,"2","72","2","3",NA,NA,NA,NA,NA,NA,"0"
"129",3,37,"2","56","2","1",NA,NA,NA,NA,NA,NA,"0"
"130",3,38,"2","46","2","3","only 2 inflor ","7/20/2022","7/20/2022","8/17/2022",2,2,"1"
"131",3,39,"2","49","5","3",NA,"7/6/2022","7/20/2022","8/10/2022",9,6,"1"
"132",3,40,"2","12","5","3",NA,NA,NA,NA,NA,NA,"0"
"133",3,41,"2","67","4","3",NA,"7/11/2022","7/22/2022","8/4/2022",3,3,"1"
"134",3,42,"2","46","2","2",NA,"7/29/2022","8/12/2022","8/8/2022",26,4,"1"
"135",3,43,"2","40","5","2",NA,NA,NA,NA,NA,NA,"0"
"136",3,44,"2","67","2","5","only 2 inflor ","7/18/2022","7/20/2022","8/15/2022",1,2,"1"
"137",3,45,"2","1","1","5",NA,NA,NA,NA,NA,NA,"0"
"138",3,46,"2","19","1","1",NA,"7/1/2022","7/6/2022","8/2/2022",3,3,"1"
"139",4,1,"1","21","4","1",NA,"7/1/2022","7/13/2022","8/2/2022",3,8,"1"
"140",4,2,"1","79","2","1",NA,NA,NA,NA,NA,NA,"0"
"141",4,3,"1","12","4","1",NA,NA,NA,NA,NA,NA,"0"
"142",4,4,"1","47","3","5",NA,NA,NA,NA,NA,NA,"0"
"143",4,5,"1","47","1","1",NA,NA,NA,NA,NA,NA,"0"
"144",4,6,"1","21","2","3",NA,"7/1/2022","7/22/2022","8/4/2022",7,4,"1"
"145",4,7,"1","1","2","1",NA,NA,NA,NA,NA,NA,"0"
"146",4,8,"1","1","2","2",NA,"7/15/2022","7/27/2022","8/8/2022",20,11,"1"
"147",4,9,"1","30","4","3",NA,NA,NA,NA,NA,NA,"0"
"148",4,10,"1","61","5","1",NA,NA,NA,NA,NA,NA,"0"
"149",4,11,"1","1","4","1","only 2 inflor, both too eaten ","7/18/2022","7/18/2022",NA,0,2,"0"
"150",4,12,"1","6","4","5",NA,NA,NA,NA,NA,NA,"0"
"151",4,13,"1","17","4","4",NA,NA,NA,NA,NA,NA,"0"
"152",4,14,"1","79","4","4",NA,NA,NA,NA,NA,NA,"0"
"153",4,15,"1","36","2","1",NA,NA,NA,NA,NA,NA,"0"
"154",4,16,"1","4","1","1",NA,NA,NA,NA,NA,NA,"0"
"155",4,17,"1","56","4","2","only 1 inflor and only 1 flower left ","7/18/2022","7/18/2022",NA,0,1,"1"
"156",4,18,"1","67","1","4",NA,NA,NA,NA,NA,NA,"0"
"158",4,20,"1","8","1","1",NA,NA,NA,NA,NA,NA,"0"
"159",4,21,"1","72","5","5",NA,NA,NA,NA,NA,NA,"0"
"160",4,22,"1","12","4","4",NA,NA,NA,NA,NA,NA,"0"
"161",4,23,"1","74","2","5",NA,NA,NA,NA,NA,NA,"0"
"162",4,24,"2","77","1","4",NA,NA,NA,NA,NA,NA,"0"
"163",4,25,"2","15","2","5","only 2 inflor","7/6/2022","7/8/2022",NA,0,2,"1"
"164",4,26,"2","56","2","3",NA,NA,NA,NA,NA,NA,"0"
"165",4,27,"2","32","1","2",NA,"7/8/2022","7/20/2022","8/8/2022",5,5,"1"
"166",4,28,"2","68","4","3",NA,NA,NA,NA,NA,NA,"0"
"167",4,29,"2","23","1","2",NA,NA,NA,NA,NA,NA,"0"
"168",4,30,"2","4","1","4",NA,NA,NA,NA,NA,NA,"0"
"169",4,31,"2","6","3","1",NA,"7/6/2022","7/11/2022",NA,0,4,"1"
"170",4,32,"2","72","5","3",NA,"6/29/2022","7/13/2022","7/27/2022",8,8,"1"
"171",4,33,"2","4","3","2",NA,NA,NA,NA,NA,NA,"0"
"172",4,34,"2","51","4","3",NA,"7/8/2022","7/25/2022","7/27/2022",18,11,"1"
"173",4,35,"2","20","3","2",NA,NA,NA,NA,NA,NA,"0"
"174",4,36,"2","7","5","5","only 2 inflor","7/22/2022","7/29/2022","8/19/2022",3,4,"1"
"175",4,37,"2","36","5","3",NA,NA,NA,NA,NA,NA,"0"
"176",4,38,"2","40","5","3","only 1 inflor","7/6/2022","7/6/2022",NA,0,1,"1"
"177",4,39,"2","18","1","1",NA,NA,NA,NA,NA,NA,"0"
"178",4,40,"2","36","1","4","only 1 inflor, only 2 flowers left  ","7/20/2022","7/22/2022",NA,0,1,"1"
"179",4,41,"2","36","1","5",NA,"7/1/2022","8/2/2022","7/29/2022",12,7,"1"
"180",4,42,"2","2","2","2",NA,NA,NA,NA,NA,NA,"0"
"181",4,43,"2","1","3","5",NA,"7/1/2022","7/13/2022","8/2/2022",11,7,"1"
"182",4,44,"2","61","4","4","only 1 inflor","7/6/2022","7/8/2022","7/25/2022",3,7,"1"
"183",4,45,"2","18","5","2",NA,NA,NA,NA,NA,NA,"0"
"184",4,46,"2","46","4","1","too eaten to be evaluated ","7/4/2022","7/11/2022",NA,0,2,"0"
"185",5,1,"1","77","1","1",NA,NA,NA,NA,NA,NA,"0"
"186",5,2,"1","21","5","3",NA,NA,NA,NA,NA,NA,"0"
"187",5,3,"1","19","3","5",NA,NA,NA,NA,NA,NA,"0"
"188",5,4,"1","56","3","3",NA,NA,NA,NA,NA,NA,"0"
"189",5,5,"1","32","1","3",NA,"7/11/2022","7/20/2022","8/8/2022",4,4,"1"
"190",5,6,"1","8","3","5",NA,"6/29/2022","7/27/2022","7/29/2022",23,15,"1"
"191",5,7,"1","11","1","2","only 1 inflor","6/29/2022","7/18/2022","8/2/2022",2,1,"1"
"192",5,8,"1","4","5","2",NA,"7/4/2022","7/20/2022","7/27/2022",4,12,"1"
"193",5,9,"1","28","1","3",NA,NA,NA,NA,NA,NA,"0"
"194",5,10,"1","29","1","3",NA,NA,NA,NA,NA,NA,"0"
"195",5,11,"1","3","2","4",NA,NA,NA,NA,NA,NA,"0"
"196",5,12,"1","23","1","5",NA,NA,NA,NA,NA,NA,"0"
"197",5,13,"1","21","3","1",NA,"7/8/2022","7/20/2022",NA,0,6,"1"
"198",5,14,"1","49","2","3",NA,NA,NA,NA,NA,NA,"0"
"199",5,15,"1","72","3","5",NA,NA,NA,NA,NA,NA,"0"
"200",5,16,"1","47","1","5",NA,NA,NA,NA,NA,NA,"0"
"201",5,17,"1","47","3","3",NA,NA,NA,NA,NA,NA,"0"
"202",5,18,"1","46","5","3",NA,"7/4/2022","7/11/2022","8/2/2022",4,3,"1"
"203",5,19,"1","21","3","5",NA,NA,NA,NA,NA,NA,"0"
"204",5,20,"1","9","1","5","only 2 inflor ","7/11/2022","7/13/2022",NA,0,2,"1"
"205",5,21,"1","47","4","5",NA,NA,NA,NA,NA,NA,"0"
"206",5,22,"1","13","1","4",NA,NA,NA,NA,NA,NA,"0"
"207",5,23,"2","3","4","3","only 2 inflor","7/6/2022","7/8/2022","8/2/2022",3,2,"1"
"208",5,24,"2","62","1","1",NA,NA,NA,NA,NA,NA,"0"
"209",5,25,"2","12","5","2",NA,NA,NA,NA,NA,NA,"0"
"210",5,26,"2","74","2","1",NA,NA,NA,NA,NA,NA,"0"
"211",5,27,"2","30","5","2",NA,"7/11/2022","7/29/2022","8/4/2022",11,7,"1"
"212",5,28,"2","79","1","3",NA,"7/11/2022","7/18/2022","8/2/2022",17,3,"1"
"213",5,29,"2","17","1","3",NA,NA,NA,NA,NA,NA,"0"
"214",5,30,"2","6","5","4",NA,"7/20/2022","7/27/2022","8/10/2022",13,6,"1"
"215",5,31,"2","77","4","2",NA,"7/1/2022","7/29/2022","8/2/2022",15,10,"1"
"216",5,32,"2","27","5","3",NA,NA,NA,NA,NA,NA,"0"
"217",5,33,"2","40","3","1",NA,NA,NA,NA,NA,NA,"0"
"218",5,34,"2","67","5","1",NA,NA,NA,NA,NA,NA,"0"
"219",5,35,"2","17","5","1",NA,NA,NA,NA,NA,NA,"0"
"220",5,36,"2","41","1","5",NA,NA,NA,NA,NA,NA,"0"
"221",5,37,"2","8","3","3",NA,NA,NA,NA,NA,NA,"0"
"222",5,38,"2","72","4","3","only 1 inflor ","7/11/2022","7/11/2022",NA,0,1,"1"
"223",5,39,"2","77","5","1",NA,"7/4/2022","7/27/2022","8/8/2022",3,16,"1"
"224",5,40,"2","14","1","4",NA,NA,NA,NA,NA,NA,"0"
"225",5,41,"2","2","1","5",NA,NA,NA,NA,NA,NA,"0"
"226",5,42,"2","39","5","3",NA,NA,NA,NA,NA,NA,"0"
"227",5,43,"2","36","3","4",NA,NA,NA,NA,NA,NA,"0"
"228",5,44,"2","69","1","4",NA,NA,NA,NA,NA,NA,"0"
"229",5,45,"2","64","1","2",NA,NA,NA,NA,NA,NA,"0"
"230",5,46,"2","29","5","4",NA,NA,NA,NA,NA,NA,"0"
"231",6,1,"1","36","4","4",NA,"7/4/2022","7/6/2022","8/2/2022",9,6,"1"
"232",6,2,"1","61","4","5",NA,"6/27/2022","7/22/2022","7/25/2022",16,14,"1"
"233",6,3,"1","2","2","3",NA,"7/8/2022","7/20/2022","8/4/2022",15,8,"1"
"234",6,4,"1","27","3","3",NA,NA,NA,NA,NA,NA,"0"
"235",6,5,"1","11","2","4",NA,"7/4/2022","7/15/2022","7/27/2022",12,9,"1"
"236",6,6,"1","12","1","4",NA,"7/11/2022","7/18/2022","8/4/2022",6,4,"1"
"237",6,7,"1","57","5","3",NA,NA,NA,NA,NA,NA,"0"
"238",6,8,"1","7","5","3",NA,NA,NA,NA,NA,NA,"0"
"239",6,9,"1","21","4","4",NA,NA,NA,NA,NA,NA,"0"
"240",6,10,"1","49","4","5",NA,NA,NA,NA,NA,NA,"0"
"241",6,11,"1","40","5","5",NA,NA,NA,NA,NA,NA,"0"
"242",6,12,"1","7","5","2",NA,NA,NA,NA,NA,NA,"0"
"243",6,13,"1","46","5","1",NA,NA,NA,NA,NA,NA,"0"
"244",6,14,"1","36","2","5",NA,NA,NA,NA,NA,NA,"0"
"245",6,15,"1","26","1","2",NA,NA,NA,NA,NA,NA,"0"
"246",6,16,"1","51","2","1",NA,NA,NA,NA,NA,NA,"0"
"247",6,17,"1","46","1","3",NA,NA,NA,NA,NA,NA,"0"
"248",6,18,"1","6","2","1",NA,NA,NA,NA,NA,NA,"0"
"249",6,19,"1","19","5","2",NA,"7/8/2022","7/27/2022","8/12/2022",4,12,"1"
"250",6,20,"1","3","5","1",NA,NA,NA,NA,NA,NA,"0"
"251",6,21,"1","29","4","5",NA,NA,NA,NA,NA,NA,"0"
"252",6,22,"1","79","4","1",NA,NA,NA,NA,NA,NA,"0"
"253",6,23,"2","21","2","2",NA,NA,NA,NA,NA,NA,"0"
"254",6,24,"2","77","4","5",NA,NA,NA,NA,NA,NA,"0"
"255",6,25,"2","72","2","4",NA,NA,NA,NA,NA,NA,"0"
"256",6,26,"2","1","1","3",NA,"6/29/2022","7/8/2022","7/27/2022",2,7,"1"
"257",6,27,"2","5","5","3",NA,"6/29/2022","7/8/2022","7/27/2022",1,6,"1"
"258",6,28,"2","36","1","1",NA,NA,NA,NA,NA,NA,"0"
"259",6,29,"2","62","3","4",NA,NA,NA,NA,NA,NA,"0"
"260",6,30,"2","12","5","4",NA,NA,NA,NA,NA,NA,"0"
"261",6,31,"2","18","4","3",NA,NA,NA,NA,NA,NA,"0"
"262",6,32,"2","18","2","1",NA,NA,NA,NA,NA,NA,"0"
"263",6,33,"2","14","1","1",NA,NA,NA,NA,NA,NA,"0"
"264",6,34,"2","57","5","2",NA,NA,NA,NA,NA,NA,"0"
"265",6,35,"2","1","3","4",NA,"7/8/2022","7/22/2022","8/8/2022",4,5,"1"
"266",6,36,"2","74","2","3",NA,NA,NA,NA,NA,NA,"0"
"267",6,37,"2","17","3","2",NA,NA,NA,NA,NA,NA,"0"
"268",6,38,"2","1","4","5","2ND inflor too eaten ","7/13/2022","7/22/2022","8/8/2022",6,5,"1"
"269",6,39,"2","62","4","1",NA,NA,NA,NA,NA,NA,"0"
"270",6,40,"2","17","2","1",NA,NA,NA,NA,NA,NA,"0"
"271",6,41,"2","42","1","2",NA,NA,NA,NA,NA,NA,"0"
"272",6,42,"2","4","3","4",NA,NA,NA,NA,NA,NA,"0"
"273",6,43,"2","79","2","5",NA,NA,NA,NA,NA,NA,"0"
"274",6,44,"2","17","5","2",NA,NA,NA,NA,NA,NA,"0"
"275",6,45,"2","18","2","4",NA,NA,NA,NA,NA,NA,"0"
"276",6,46,"2","7","4","3",NA,NA,NA,NA,NA,NA,"0"
"277",7,1,"1","3","2","5",NA,"7/1/2022","7/6/2022","7/25/2022",3,7,"1"
"278",7,2,"1","6","2","3",NA,NA,NA,NA,NA,NA,"0"
"279",7,3,"1","7","1","3",NA,NA,NA,NA,NA,NA,"0"
"280",7,4,"1","47","2","2",NA,NA,NA,NA,NA,NA,"0"
"281",7,5,"1","62","1","5",NA,NA,NA,NA,NA,NA,"0"
"282",7,6,"1","64","2","3",NA,NA,NA,NA,NA,NA,"0"
"283",7,7,"1","67","2","1",NA,NA,NA,NA,NA,NA,"0"
"284",7,8,"1","5","5","4",NA,"6/27/2022","7/4/2022","7/20/2022",13,6,"1"
"285",7,9,"1","39","2","4",NA,NA,NA,NA,NA,NA,"0"
"286",7,10,"1","79","3","4",NA,NA,NA,NA,NA,NA,"0"
"287",7,11,"1","47","4","4",NA,NA,NA,NA,NA,NA,"0"
"288",7,12,"1","4","4","2",NA,NA,NA,NA,NA,NA,"0"
"289",7,13,"1","19","2","2",NA,NA,NA,NA,NA,NA,"0"
"290",7,14,"1","46","5","5",NA,NA,NA,NA,NA,NA,"0"
"291",7,15,"1","7","4","4",NA,NA,NA,NA,NA,NA,"0"
"292",7,16,"1","68","1","5",NA,NA,NA,NA,NA,NA,"0"
"293",7,17,"1","5","2","4",NA,NA,NA,NA,NA,NA,"0"
"294",7,18,"1","5","3","2",NA,NA,NA,NA,NA,NA,"0"
"295",7,19,"1","29","1","2",NA,NA,NA,NA,NA,NA,"0"
"296",7,20,"1","79","3","3",NA,NA,NA,NA,NA,NA,"0"
"297",7,21,"1","35","3","2",NA,NA,NA,NA,NA,NA,"0"
"298",7,22,"1","35","4","4",NA,NA,NA,NA,NA,NA,"0"
"299",7,23,"2","14","4","4",NA,NA,NA,NA,NA,NA,"0"
"300",7,24,"2","7","2","3",NA,NA,NA,NA,NA,NA,"0"
"301",7,25,"2","12","2","4",NA,NA,NA,NA,NA,NA,"0"
"302",7,26,"2","67","1","5",NA,NA,NA,NA,NA,NA,"0"
"303",7,27,"2","30","2","4",NA,NA,NA,NA,NA,NA,"0"
"304",7,28,"2","8","2","2",NA,NA,NA,NA,NA,NA,"0"
"305",7,29,"2","39","2","5",NA,"7/13/2022","7/18/2022","8/8/2022",6,3,"1"
"306",7,30,"2","56","3","5",NA,NA,NA,NA,NA,NA,"0"
"307",7,31,"2","62","2","3",NA,NA,NA,NA,NA,NA,"0"
"308",7,32,"2","5","1","4",NA,NA,NA,NA,NA,NA,"0"
"309",7,33,"2","12","2","2",NA,"7/13/2022","7/27/2022","8/8/2022",20,10,"1"
"310",7,34,"2","57","4","5",NA,"7/8/2022","7/20/2022","8/2/2022",21,6,"1"
"311",7,35,"2","62","3","5",NA,"7/4/2022","8/4/2022","8/2/2022",11,4,"1"
"312",7,36,"2","79","5","1",NA,NA,NA,NA,NA,NA,"0"
"313",7,37,"2","1","1","1",NA,NA,NA,NA,NA,NA,"0"
"314",7,38,"2","64","3","4",NA,NA,NA,NA,NA,NA,"0"
"315",7,39,"2","19","5","3",NA,NA,NA,NA,NA,NA,"0"
"316",7,40,"2","30","4","4",NA,NA,NA,NA,NA,NA,"0"
"317",7,41,"2","16","3","5",NA,NA,NA,NA,NA,NA,"0"
"318",7,42,"2","13","3","1",NA,NA,NA,NA,NA,NA,"0"
"319",7,43,"2","27","4","3",NA,NA,NA,NA,NA,NA,"0"
"320",7,44,"2","11","2","5",NA,NA,NA,NA,NA,NA,"0"
"321",7,45,"2","2","5","4",NA,NA,NA,NA,NA,NA,"0"
"322",7,46,"2","29","5","2",NA,NA,NA,NA,NA,NA,"0"
"323",8,1,"1","9","2","1",NA,NA,NA,NA,NA,NA,"0"
"324",8,2,"1","57","1","2",NA,NA,NA,NA,NA,NA,"0"
"325",8,3,"1","67","3","2",NA,NA,NA,NA,NA,NA,"0"
"326",8,4,"1","21","5","1",NA,NA,NA,NA,NA,NA,"0"
"327",8,5,"1","13","5","4","only 1 inflor ","7/4/2022","7/8/2022",NA,0,1,"1"
"328",8,6,"1","74","1","3",NA,NA,NA,NA,NA,NA,"0"
"329",8,7,"1","17","1","4",NA,NA,NA,NA,NA,NA,"0"
"330",8,8,"1","15","4","4",NA,NA,NA,NA,NA,NA,"0"
"331",8,9,"1","7","3","2",NA,NA,NA,NA,NA,NA,"0"
"332",8,10,"1","12","3","2",NA,NA,NA,NA,NA,NA,"0"
"333",8,11,"1","11","4","5",NA,NA,NA,NA,NA,NA,"0"
"334",8,12,"1","20","5","1",NA,NA,NA,NA,NA,NA,"0"
"335",8,13,"1","72","4","5",NA,NA,NA,NA,NA,NA,"0"
"336",8,14,"1","62","2","5",NA,NA,NA,NA,NA,NA,"0"
"337",8,15,"1","15","1","5",NA,NA,NA,NA,NA,NA,"0"
"338",8,16,"1","14","3","2",NA,NA,NA,NA,NA,NA,"0"
"339",8,17,"1","57","3","2",NA,NA,NA,NA,NA,NA,"0"
"340",8,18,"1","62","1","2",NA,NA,NA,NA,NA,NA,"0"
"341",8,19,"1","47","5","1",NA,NA,NA,NA,NA,NA,"0"
"342",8,20,"1","15","5","1",NA,NA,NA,NA,NA,NA,"0"
"343",8,21,"1","16","2","1",NA,NA,NA,NA,NA,NA,"0"
"344",8,22,"1","29","4","3",NA,NA,NA,NA,NA,NA,"0"
"345",8,23,"2","68","5","2",NA,NA,NA,NA,NA,NA,"0"
"346",8,24,"2","4","2","2",NA,NA,NA,NA,NA,NA,"0"
"347",8,25,"2","46","2","5",NA,NA,NA,NA,NA,NA,"0"
"348",8,26,"2","68","4","1",NA,NA,NA,NA,NA,NA,"0"
"349",8,27,"2","6","3","5",NA,NA,NA,NA,NA,NA,"0"
"350",8,28,"2","7","1","2",NA,NA,NA,NA,NA,NA,"0"
"351",8,29,"2","35","3","5",NA,NA,NA,NA,NA,NA,"0"
"352",8,30,"2","39","3","3",NA,NA,NA,NA,NA,NA,"0"
"353",8,31,"2","62","4","4",NA,NA,NA,NA,NA,NA,"0"
"354",8,32,"2","4","3","3",NA,NA,NA,NA,NA,NA,"0"
"355",8,33,"2","21","1","2",NA,NA,NA,NA,NA,NA,"0"
"356",8,34,"2","77","4","3",NA,"6/29/2022","7/11/2022","7/25/2022",8,6,"1"
"357",8,35,"2","17","4","2",NA,NA,NA,NA,NA,NA,"0"
"358",8,36,"2","27","5","2",NA,NA,NA,NA,NA,NA,"0"
"359",8,37,"2","26","1","1","first 2 inflor both only has 1 flower","7/6/2022","7/11/2022","8/2/2022",4,5,"1"
"360",8,38,"2","17","3","1",NA,NA,NA,NA,NA,NA,"0"
"361",8,39,"2","5","4","1",NA,NA,NA,NA,NA,NA,"0"
"362",8,40,"2","39","3","5",NA,NA,NA,NA,NA,NA,"0"
"363",8,41,"2","64","2","2",NA,NA,NA,NA,NA,NA,"0"
"364",8,42,"2","64","3","3",NA,NA,NA,NA,NA,NA,"0"
"365",8,43,"2","39","4","1",NA,NA,NA,NA,NA,NA,"0"
"366",8,44,"2","62","1","3",NA,NA,NA,NA,NA,NA,"0"
"367",8,45,"2","67","2","2",NA,NA,NA,NA,NA,NA,"0"
"368",8,46,"2","67","5","3",NA,NA,NA,NA,NA,NA,"0"
"369",9,1,"1","28","1","5",NA,"7/1/2022","7/20/2022","7/27/2022",15,9,"1"
"370",9,2,"1","4","3","1",NA,"7/20/2022","7/25/2022","8/10/2022",5,4,"1"
"371",9,3,"1","12","3","1",NA,"6/29/2022","7/25/2022","7/25/2022",4,5,"1"
"372",9,4,"1","27","4","1",NA,NA,NA,NA,NA,NA,"0"
"373",9,5,"1","1","4","3",NA,"7/4/2022","7/25/2022","8/10/2022",1,3,"1"
"374",9,6,"1","49","5","5",NA,NA,NA,NA,NA,NA,"0"
"375",9,7,"1","39","3","4","last inflor entirely gone ","7/4/2022","7/11/2022",NA,0,4,"1"
"376",9,8,"1","77","3","1",NA,NA,NA,NA,NA,NA,"0"
"377",9,9,"1","3","2","2",NA,NA,NA,NA,NA,NA,"0"
"378",9,10,"1","69","2","4",NA,NA,NA,NA,NA,NA,"0"
"379",9,11,"1","17","2","5",NA,NA,NA,NA,NA,NA,"0"
"380",9,12,"1","51","4","2",NA,NA,NA,NA,NA,NA,"0"
"381",9,13,"1","79","1","1",NA,NA,NA,NA,NA,NA,"0"
"382",9,14,"1","5","5","5",NA,NA,NA,NA,NA,NA,"0"
"383",9,15,"1","13","5","2","NO POT",NA,NA,NA,NA,NA,"0"
"384",9,16,"1","30","5","3",NA,NA,NA,NA,NA,NA,"0"
"385",9,17,"1","39","3","2",NA,NA,NA,NA,NA,NA,"0"
"386",9,18,"1","20","1","2",NA,NA,NA,NA,NA,NA,"0"
"387",9,19,"1","72","3","1",NA,"7/15/2022","7/25/2022","8/10/2022",6,4,"1"
"388",9,20,"1","7","3","3",NA,NA,NA,NA,NA,NA,"0"
"389",9,21,"1","79","4","2",NA,NA,NA,NA,NA,NA,"0"
"390",9,22,"1","15","3","5",NA,NA,NA,NA,NA,NA,"0"
"391",9,23,"2","45","2","1",NA,NA,NA,NA,NA,NA,"0"
"392",9,24,"2","27","4","5",NA,NA,NA,NA,NA,NA,"0"
"393",9,25,"2","64","5","3",NA,NA,NA,NA,NA,NA,"0"
"394",9,26,"2","77","1","2",NA,NA,NA,NA,NA,NA,"0"
"395",9,27,"2","64","2","4",NA,NA,NA,NA,NA,NA,"0"
"396",9,28,"2","7","3","5",NA,NA,NA,NA,NA,NA,"0"
"397",9,29,"2","35","4","1",NA,"7/15/2022","7/15/2022",NA,NA,NA,"0"
"398",9,30,"2","36","4","1","only 2 inflor","6/29/2022","7/6/2022",NA,0,2,"1"
"399",9,31,"2","45","2","4",NA,NA,NA,NA,NA,NA,"0"
"400",9,32,"2","15","3","1","1st inflor only 1 flower left ","7/8/2022","7/11/2022",NA,0,4,"1"
"401",9,33,"2","77","5","3",NA,NA,NA,NA,NA,NA,"0"
"402",9,34,"2","36","3","1",NA,NA,NA,NA,NA,NA,"0"
"403",9,35,"2","49","3","1",NA,NA,NA,NA,NA,NA,"0"
"404",9,36,"2","39","5","2",NA,NA,NA,NA,NA,NA,"0"
"405",9,37,"2","6","4","4",NA,NA,NA,NA,NA,NA,"0"
"406",9,38,"2","57","5","4",NA,NA,NA,NA,NA,NA,"0"
"407",9,39,"2","15","5","4",NA,NA,NA,NA,NA,NA,"0"
"408",9,40,"2","62","5","5",NA,"7/4/2022","7/13/2022","7/29/2022",9,4,"1"
"409",9,41,"2","17","3","5",NA,NA,NA,NA,NA,NA,"0"
"410",9,42,"2","47","5","4",NA,NA,NA,NA,NA,NA,"0"
"411",9,43,"2","35","2","2",NA,NA,NA,NA,NA,NA,"0"
"412",9,44,"2","5","2","3",NA,NA,NA,NA,NA,NA,"0"
"413",9,45,"2","72","3","4","only 1 inflor ","8/4/2022","8/4/2022",NA,0,1,"1"
"414",9,46,"2","1","1","4",NA,NA,NA,NA,NA,NA,"0"
"415",10,1,"1","14","4","5",NA,"7/4/2022","7/8/2022",NA,0,3,"1"
"416",10,2,"1","62","4","5",NA,"7/18/2022","7/22/2022","8/8/2022",11,6,"1"
"417",10,3,"1","79","3","1",NA,NA,NA,NA,NA,NA,"0"
"418",10,4,"1","56","4","1","only 1 inflor, too eaten to measure ","7/29/2022","7/29/2022",NA,0,1,"1"
"419",10,5,"1","1","5","2",NA,NA,NA,NA,NA,NA,"0"
"420",10,6,"1","62","4","2",NA,NA,NA,NA,NA,NA,"0"
"421",10,7,"1","7","3","4",NA,NA,NA,NA,NA,NA,"0"
"422",10,8,"1","42","1","1",NA,NA,NA,NA,NA,NA,"0"
"423",10,9,"1","69","1","2",NA,NA,NA,NA,NA,NA,"0"
"424",10,10,"1","67","4","5",NA,NA,NA,NA,NA,NA,"0"
"425",10,11,"1","16","3","3",NA,NA,NA,NA,NA,NA,"0"
"426",10,12,"1","72","4","4","only 2 inflor ","7/4/2022","7/6/2022",NA,0,2,"1"
"427",10,13,"1","12","3","4",NA,NA,NA,NA,NA,NA,"0"
"428",10,14,"1","42","2","1",NA,NA,NA,NA,NA,NA,"0"
"429",10,15,"1","61","3","3",NA,"7/11/2022","7/18/2022","8/4/2022",20,6,"1"
"430",10,16,"1","23","1","4","only 1 inflor, too eaten ","7/8/2022","7/8/2022",NA,0,1,"1"
"431",10,17,"1","17","5","3",NA,NA,NA,NA,NA,NA,"0"
"432",10,18,"1","72","1","5","1ST inflor eaten","6/29/2022","7/6/2022",NA,0,3,"0"
"433",10,19,"1","9","2","4",NA,NA,NA,NA,NA,NA,"0"
"434",10,20,"1","31","2","1",NA,NA,NA,NA,NA,NA,"0"
"435",10,21,"1","47","5","2",NA,NA,NA,NA,NA,NA,"0"
"436",10,22,"1","46","1","1","only 2 inflor","7/6/2022","7/8/2022","8/2/2022",2,2,"1"
"437",10,23,"1","31","3","3",NA,"7/20/2022","7/25/2022",NA,0,NA,"1"
"438",10,24,"2","5","3","5",NA,NA,NA,NA,NA,NA,"0"
"439",10,25,"2","14","1","3",NA,NA,NA,NA,NA,NA,"0"
"440",10,26,"2","3","5","4",NA,NA,NA,NA,NA,NA,"0"
"441",10,27,"2","30","3","3",NA,NA,NA,NA,NA,NA,"0"
"442",10,28,"2","61","4","1",NA,NA,NA,NA,NA,NA,"0"
"443",10,29,"2","31","5","2",NA,NA,NA,NA,NA,NA,"0"
"444",10,30,"2","41","2","4",NA,NA,NA,NA,NA,NA,"0"
"445",10,31,"2","47","4","1",NA,NA,NA,NA,NA,NA,"0"
"446",10,32,"2","16","1","2",NA,NA,NA,NA,NA,NA,"0"
"447",10,33,"2","28","4","5",NA,NA,NA,NA,NA,NA,"0"
"448",10,34,"2","5","5","2",NA,NA,NA,NA,NA,NA,"0"
"449",10,35,"2","56","2","4",NA,NA,NA,NA,NA,NA,"0"
"450",10,36,"2","72","5","1",NA,NA,NA,NA,NA,NA,"0"
"451",10,37,"2","57","1","1",NA,NA,NA,NA,NA,NA,"0"
"452",10,38,"2","57","1","3",NA,NA,NA,NA,NA,NA,"0"
"453",10,39,"2","79","3","5",NA,NA,NA,NA,NA,NA,"0"
"454",10,40,"2","68","4","4",NA,NA,NA,NA,NA,NA,"0"
"455",10,41,"4","15","2","1",NA,NA,NA,NA,NA,NA,"0"
"456",10,42,"4","5","4","4",NA,NA,NA,NA,NA,NA,"0"
"457",10,43,"4","32","1","4",NA,NA,NA,NA,NA,NA,"0"
"458",10,44,"4","61","1","1",NA,NA,NA,NA,NA,NA,"0"
"459",10,45,"4","31","3","2",NA,NA,NA,NA,NA,NA,"0"
"460",10,46,"4","47","4","2",NA,NA,NA,NA,NA,NA,"0"
"461",11,1,"1","64","1","1",NA,NA,NA,NA,NA,NA,"0"
"462",11,2,"1","3","4","1",NA,NA,NA,NA,NA,NA,"0"
"463",11,3,"1","11","1","3",NA,"7/8/2022","7/20/2022","8/4/2022",9,7,"1"
"464",11,4,"1","11","3","2",NA,NA,NA,NA,NA,NA,"0"
"465",11,5,"1","18","3","1",NA,NA,NA,NA,NA,NA,"0"
"466",11,6,"1","29","4","1",NA,NA,NA,NA,NA,NA,"0"
"467",11,7,"1","35","5","3",NA,NA,NA,NA,NA,NA,"0"
"468",11,8,"1","64","1","4",NA,NA,NA,NA,NA,NA,"0"
"469",11,9,"1","2","1","2",NA,NA,NA,NA,NA,NA,"0"
"470",11,10,"1","64","5","1",NA,NA,NA,NA,NA,NA,"0"
"471",11,11,"1","36","1","2",NA,NA,NA,NA,NA,NA,"0"
"472",11,12,"1","67","5","5",NA,NA,NA,NA,NA,NA,"0"
"473",11,13,"1","61","1","5","only 1 inflor, too eaten ","7/8/2022","7/8/2022",NA,0,1,"0"
"474",11,14,"1","74","2","2",NA,NA,NA,NA,NA,NA,"0"
"475",11,15,"1","68","2","5",NA,NA,NA,NA,NA,NA,"0"
"476",11,16,"1","29","2","2",NA,NA,NA,NA,NA,NA,"0"
"477",11,17,"1","40","5","1",NA,NA,NA,NA,NA,NA,"0"
"478",11,18,"1","1","2","4",NA,NA,NA,NA,NA,NA,"0"
"479",11,19,"1","74","1","5",NA,NA,NA,NA,NA,NA,"0"
"480",11,20,"1","2","4","5",NA,NA,NA,NA,NA,NA,"0"
"481",11,21,"1","4","2","4",NA,NA,NA,NA,NA,NA,"0"
"482",11,22,"1","9","1","2",NA,NA,NA,NA,NA,NA,"0"
"483",11,23,"1","39","5","1",NA,NA,NA,NA,NA,NA,"0"
"484",11,24,"4","57","2","1",NA,NA,NA,NA,NA,NA,"0"
"485",11,25,"4","17","4","1",NA,NA,NA,NA,NA,NA,"0"
"486",11,26,"4","67","1","3",NA,"7/22/2022","7/27/2022","8/17/2022",6,3,"1"
"487",11,27,"4","42","2","4",NA,"7/6/2022","7/13/2022","8/4/2022",3,3,"1"
"488",11,28,"4","12","2","1",NA,"7/29/2022","8/4/2022",NA,0,3,"1"
"489",11,29,"4","30","2","1",NA,NA,NA,NA,NA,NA,"0"
"490",11,30,"4","4","4","1","too eaten to be evaluated ","7/6/2022","7/13/2022",NA,NA,1,"0"
"491",11,31,"4","17","4","5",NA,NA,NA,NA,NA,NA,"0"
"492",11,32,"4","35","4","3",NA,NA,NA,NA,NA,NA,"0"
"493",11,33,"4","68","5","5",NA,NA,NA,NA,NA,NA,"0"
"494",11,34,"4","67","1","2",NA,NA,NA,NA,NA,NA,"0"
"495",11,35,"4","40","3","2",NA,"7/13/2022","7/20/2022","8/8/2022",9,6,"1"
"496",11,36,"4","68","5","4",NA,"7/22/2022","7/29/2022","8/12/2022",14,4,"1"
"497",11,37,"4","4","2","1",NA,NA,NA,NA,NA,NA,"0"
"498",11,38,"4","28","1","2",NA,NA,NA,NA,NA,NA,"0"
"499",11,39,"4","26","1","4",NA,"6/27/2022","7/13/2022","7/20/2022",21,7,"1"
"500",11,40,"4","6","3","4",NA,NA,NA,NA,NA,NA,"0"
"501",11,41,"4","16","1","1",NA,NA,NA,NA,NA,NA,"0"
"502",11,42,"4","42","1","4",NA,NA,NA,NA,NA,NA,"0"
"503",11,43,"4","41","1","4",NA,NA,NA,NA,NA,NA,"0"
"504",11,44,"4","21","3","3",NA,NA,NA,NA,NA,NA,"0"
"505",11,45,"4","35","3","3",NA,NA,NA,NA,NA,NA,"0"
"506",11,46,"4","31","1","5",NA,"6/29/2022","7/15/2022","7/25/2022",6,7,"1"
"507",12,1,"3","7","1","1",NA,NA,NA,NA,NA,NA,"0"
"508",12,2,"3","1","3","2",NA,NA,NA,NA,NA,NA,"0"
"509",12,3,"3","47","4","3","only 1 inflor ","7/11/2022","7/13/2022",NA,0,1,"1"
"510",12,4,"3","61","1","3","2nd inflor is eaten","7/6/2022","7/18/2022","8/8/2022",1,2,"1"
"511",12,5,"3","46","1","2",NA,"7/1/2022","7/13/2022","8/4/2022",3,3,"1"
"512",12,6,"3","79","2","2",NA,NA,NA,NA,NA,NA,"0"
"513",12,7,"3","9","1","4",NA,NA,NA,NA,NA,NA,"0"
"514",12,8,"3","32","1","1",NA,"7/4/2022","7/27/2022","8/2/2022",8,12,"1"
"515",12,9,"3","7","2","4",NA,NA,NA,NA,NA,NA,"0"
"516",12,10,"3","72","5","4",NA,NA,NA,NA,NA,NA,"0"
"517",12,11,"3","47","1","4",NA,NA,NA,NA,NA,NA,"0"
"518",12,12,"3","62","2","2",NA,NA,NA,NA,NA,NA,"0"
"519",12,13,"3","46","3","2",NA,NA,NA,NA,NA,NA,"0"
"520",12,14,"3","41","2","3",NA,NA,NA,NA,NA,NA,"0"
"521",12,15,"3","67","4","1",NA,NA,NA,NA,NA,NA,"0"
"522",12,16,"3","67","4","2",NA,NA,NA,NA,NA,NA,"0"
"523",12,17,"3","8","1","2",NA,NA,NA,NA,NA,NA,"0"
"524",12,18,"3","36","5","2",NA,NA,NA,NA,NA,NA,"0"
"525",12,19,"3","57","5","5",NA,NA,NA,NA,NA,NA,"0"
"526",12,20,"3","68","2","3",NA,NA,NA,NA,NA,NA,"0"
"527",12,21,"3","23","1","1",NA,NA,NA,NA,NA,NA,"0"
"528",12,22,"1","21","4","3","only 2 inflor ","7/18/2022","7/20/2022",NA,0,2,"1"
"529",12,23,"1","6","1","1",NA,NA,NA,NA,NA,NA,"0"
"530",12,24,"4","17","3","4",NA,NA,NA,NA,NA,NA,"0"
"531",12,25,"4","57","4","4",NA,NA,NA,NA,NA,NA,"0"
"532",12,26,"4","29","5","3",NA,"7/4/2022","7/20/2022",NA,0,5,"1"
"533",12,27,"4","6","1","2",NA,NA,NA,NA,NA,NA,"0"
"534",12,28,"4","17","2","3",NA,NA,NA,NA,NA,NA,"0"
"535",12,29,"4","41","1","3",NA,NA,NA,NA,NA,NA,"0"
"536",12,30,"4","14","4","3",NA,NA,NA,NA,NA,NA,"0"
"537",12,31,"4","51","4","1",NA,"7/4/2022","7/13/2022","7/25/2022",11,5,"1"
"538",12,32,"4","28","4","4",NA,NA,NA,NA,NA,NA,"0"
"539",12,33,"4","35","5","2",NA,NA,NA,NA,NA,NA,"0"
"540",12,34,"4","61","1","2",NA,NA,NA,NA,NA,NA,"0"
"541",12,35,"4","72","3","3",NA,NA,NA,NA,NA,NA,"0"
"542",12,36,"4","14","4","1",NA,NA,NA,NA,NA,NA,"0"
"543",12,37,"4","40","4","1",NA,NA,NA,NA,NA,NA,"0"
"544",12,38,"4","57","2","5",NA,NA,NA,NA,NA,NA,"0"
"545",12,39,"4","68","1","1",NA,NA,NA,NA,NA,NA,"0"
"546",12,40,"4","45","2","2",NA,NA,NA,NA,NA,NA,"0"
"547",12,41,"4","13","1","2",NA,NA,NA,NA,NA,NA,"0"
"548",12,42,"4","47","5","3",NA,NA,NA,NA,NA,NA,"0"
"549",12,43,"4","19","1","5",NA,NA,NA,NA,NA,NA,"0"
"550",12,44,"4","64","5","2",NA,NA,NA,NA,NA,NA,"0"
"551",12,45,"4","21","5","5",NA,NA,NA,NA,NA,NA,"0"
"552",12,46,"4","21","5","4","first inflor is too eaten to be measured","7/29/2022","8/2/2022",NA,0,3,"1"
"553",13,1,"3","72","2","2",NA,NA,NA,NA,NA,NA,"0"
"554",13,2,"3","39","3","1","only 1 inflor, second one is too eaten to even count","7/18/2022","7/18/2022","8/22/2022",1,1,"1"
"555",13,3,"3","13","1","3",NA,NA,NA,NA,NA,NA,"0"
"556",13,4,"3","41","1","4",NA,NA,NA,NA,NA,NA,"0"
"557",13,5,"3","77","2","5",NA,NA,NA,NA,NA,NA,"0"
"558",13,6,"3","35","5","5",NA,NA,NA,NA,NA,NA,"0"
"559",13,7,"3","20","2","2",NA,NA,NA,NA,NA,NA,"0"
"560",13,8,"3","42","2","5",NA,NA,NA,NA,NA,NA,"0"
"561",13,9,"3","77","4","4",NA,NA,NA,NA,NA,NA,"0"
"562",13,10,"3","49","1","1","only 1 inflor ","8/2/2022","8/2/2022",NA,0,1,"1"
"563",13,11,"3","49","2","4",NA,NA,NA,NA,NA,NA,"0"
"564",13,12,"3","13","3","3",NA,NA,NA,NA,NA,NA,"0"
"565",13,13,"3","17","1","2",NA,NA,NA,NA,NA,NA,"0"
"566",13,14,"3","61","5","3",NA,NA,NA,NA,NA,NA,"0"
"567",13,15,"3","62","1","4",NA,NA,NA,NA,NA,NA,"0"
"568",13,16,"3","61","4","3",NA,NA,NA,NA,NA,NA,"0"
"569",13,17,"3","14","1","2",NA,NA,NA,NA,NA,NA,"0"
"570",13,18,"3","14","5","5",NA,NA,NA,NA,NA,NA,"0"
"571",13,19,"3","72","3","2",NA,NA,NA,NA,NA,NA,"0"
"572",13,20,"3","20","5","5",NA,NA,NA,NA,NA,NA,"0"
"573",13,21,"3","19","3","1",NA,NA,NA,NA,NA,NA,"0"
"574",13,22,"3","46","3","3",NA,NA,NA,NA,NA,NA,"0"
"575",13,23,"3","56","4","3",NA,NA,NA,NA,NA,NA,"0"
"576",13,24,"3","11","2","3",NA,NA,NA,NA,NA,NA,"0"
"577",13,25,"3","62","2","4","only 2 inflor","7/4/2022","7/11/2022",NA,0,2,"1"
"578",13,26,"4","49","1","2",NA,NA,NA,NA,NA,NA,"0"
"579",13,27,"4","1","2","3","only 1 inflor","8/2/2022","8/2/2022",NA,0,1,"1"
"580",13,28,"4","11","1","1",NA,NA,NA,NA,NA,NA,"0"
"581",13,29,"4","12","1","2",NA,"7/6/2022","7/27/2022",NA,0,4,"1"
"582",13,30,"4","7","5","1",NA,NA,NA,NA,NA,NA,"0"
"583",13,31,"4","1","2","5",NA,NA,NA,NA,NA,NA,"0"
"584",13,32,"4","61","3","4",NA,NA,NA,NA,NA,NA,"0"
"585",13,33,"4","57","1","5",NA,NA,NA,NA,NA,NA,"0"
"586",13,34,"4","35","2","4",NA,NA,NA,NA,NA,NA,"0"
"587",13,35,"4","6","5","3",NA,NA,NA,NA,NA,NA,"0"
"588",13,36,"4","79","4","3",NA,NA,NA,NA,NA,NA,"0"
"589",13,37,"4","39","5","4",NA,NA,NA,NA,NA,NA,"0"
"590",13,38,"4","9","2","5",NA,NA,NA,NA,NA,NA,"0"
"591",13,39,"4","5","1","3",NA,NA,NA,NA,NA,NA,"0"
"592",13,40,"4","56","2","2",NA,NA,NA,NA,NA,NA,"0"
"593",13,41,"4","12","1","3",NA,NA,NA,NA,NA,NA,"0"
"594",13,42,"4","19","5","5",NA,NA,NA,NA,NA,NA,"0"
"595",13,43,"4","1","3","1",NA,NA,NA,NA,NA,NA,"0"
"596",13,44,"4","27","3","2",NA,NA,NA,NA,NA,NA,"0"
"597",13,45,"4","19","5","1",NA,NA,NA,NA,NA,NA,"0"
"598",13,46,"4","68","1","2",NA,NA,NA,NA,NA,NA,"0"
"599",14,1,"3","57","2","3",NA,NA,NA,NA,NA,NA,"0"
"600",14,2,"3","21","4","5",NA,NA,NA,NA,NA,NA,"0"
"601",14,3,"3","21","1","3",NA,"7/1/2022","7/18/2022","8/4/2022",5,12,"1"
"602",14,4,"3","11","1","4",NA,NA,NA,NA,NA,NA,"0"
"603",14,5,"3","41","2","1",NA,"7/8/2022","7/18/2022","8/8/2022",3,4,"1"
"604",14,6,"3","4","1","5",NA,NA,NA,NA,NA,NA,"0"
"605",14,7,"3","21","1","4",NA,"7/8/2022","7/18/2022","8/8/2022",3,3,"1"
"606",14,8,"3","7","1","5",NA,NA,NA,NA,NA,NA,"0"
"607",14,9,"3","19","3","4","only 2 inflor","7/8/2022","7/11/2022",NA,0,2,"1"
"608",14,10,"3","57","3","1",NA,NA,NA,NA,NA,NA,"0"
"609",14,11,"3","74","2","4",NA,NA,NA,NA,NA,NA,"0"
"610",14,12,"3","35","3","1",NA,"7/4/2022","7/18/2022","8/12/2022",1,4,"1"
"611",14,13,"3","29","2","1",NA,NA,NA,NA,NA,NA,"0"
"612",14,14,"3","13","2","4",NA,NA,NA,NA,NA,NA,"0"
"613",14,15,"3","77","5","4","only 2 inflor ","7/8/2022","7/15/2022","8/2/2022",1,2,"1"
"614",14,16,"3","35","2","5",NA,"7/13/2022","7/20/2022",NA,0,5,"1"
"615",14,17,"3","47","3","2","1ST inflor eaten, only 2 left ","7/1/2022","7/13/2022","7/25/2022",8,8,"1"
"616",14,18,"3","62","4","3","inflor eaten before bloom ",NA,NA,NA,NA,NA,"0"
"617",14,19,"3","30","4","2",NA,NA,NA,NA,NA,NA,"0"
"618",14,20,"3","31","4","3",NA,NA,NA,NA,NA,NA,"0"
"619",14,21,"3","46","4","2",NA,NA,NA,NA,NA,NA,"0"
"620",14,22,"3","49","3","3",NA,NA,NA,NA,NA,NA,"0"
"621",14,23,"3","49","4","1",NA,NA,NA,NA,NA,NA,"0"
"622",14,24,"3","31","4","4",NA,NA,NA,NA,NA,NA,"0"
"623",14,25,"3","40","4","2",NA,NA,NA,NA,NA,NA,"0"
"624",14,26,"4","13","2","5",NA,NA,NA,NA,NA,NA,"0"
"625",14,27,"4","6","5","2",NA,NA,NA,NA,NA,NA,"0"
"626",14,28,"4","46","5","2",NA,NA,NA,NA,NA,NA,"0"
"627",14,29,"4","19","1","2","1st inflor too eaten ","7/20/2022","8/2/2022","8/15/2022",1,8,"1"
"628",14,30,"4","47","2","1",NA,NA,NA,NA,NA,NA,"0"
"629",14,31,"4","2","1","3",NA,NA,NA,NA,NA,NA,"0"
"630",14,32,"4","12","2","3",NA,"7/8/2022","7/22/2022","8/10/2022",1,5,"1"
"631",14,33,"4","13","3","5",NA,NA,NA,NA,NA,NA,"0"
"632",14,34,"4","5","4","3",NA,NA,NA,NA,NA,NA,"0"
"633",14,35,"4","79","2","4",NA,NA,NA,NA,NA,NA,"0"
"634",14,36,"4","41","2","2",NA,NA,NA,NA,NA,NA,"0"
"635",14,37,"4","35","4","2",NA,NA,NA,NA,NA,NA,"0"
"636",14,38,"4","17","1","5",NA,NA,NA,NA,NA,NA,"0"
"637",14,39,"4","13","2","1",NA,NA,NA,NA,NA,NA,"0"
"638",14,40,"4","12","4","2",NA,NA,NA,NA,NA,NA,"0"
"639",14,41,"4","19","2","4",NA,NA,NA,NA,NA,NA,"0"
"640",14,42,"4","39","1","5",NA,NA,NA,NA,NA,NA,"0"
"641",14,43,"4","41","1","2",NA,"7/13/2022","7/25/2022","8/17/2022",3,4,"1"
"642",14,44,"4","20","2","1",NA,NA,NA,NA,NA,NA,"0"
"643",14,45,"4","5","1","5",NA,NA,NA,NA,NA,NA,"0"
"644",14,46,"4","35","5","1",NA,NA,NA,NA,NA,NA,"0"
"645",15,1,"3","4","5","4",NA,NA,NA,NA,NA,NA,"0"
"646",15,2,"3","29","3","4",NA,NA,NA,NA,NA,NA,"0"
"647",15,3,"3","41","1","3",NA,NA,NA,NA,NA,NA,"0"
"648",15,4,"3","27","4","2",NA,NA,NA,NA,NA,NA,"0"
"649",15,5,"3","46","4","3",NA,NA,NA,NA,NA,NA,"0"
"650",15,6,"3","31","2","3",NA,NA,NA,NA,NA,NA,"0"
"651",15,7,"3","17","4","3",NA,NA,NA,NA,NA,NA,"0"
"652",15,8,"3","57","2","4",NA,NA,NA,NA,NA,NA,"0"
"653",15,9,"3","18","3","3",NA,NA,NA,NA,NA,NA,"0"
"654",15,10,"3","8","3","2",NA,NA,NA,NA,NA,NA,"0"
"655",15,11,"3","68","2","2",NA,NA,NA,NA,NA,NA,"0"
"656",15,12,"3","68","4","2",NA,NA,NA,NA,NA,NA,"0"
"657",15,13,"3","27","3","4",NA,NA,NA,NA,NA,NA,"0"
"658",15,14,"3","17","3","3",NA,NA,NA,NA,NA,NA,"0"
"659",15,15,"3","14","3","3",NA,NA,NA,NA,NA,NA,"0"
"660",15,16,"3","1","5","5",NA,NA,NA,NA,NA,NA,"0"
"661",15,17,"3","57","3","4",NA,NA,NA,NA,NA,NA,"0"
"662",15,18,"3","21","2","1",NA,NA,NA,NA,NA,NA,"0"
"663",15,19,"3","20","3","4",NA,NA,NA,NA,NA,NA,"0"
"664",15,20,"3","27","3","1",NA,NA,NA,NA,NA,NA,"0"
"665",15,21,"3","67","2","4",NA,NA,NA,NA,NA,NA,"0"
"666",15,22,"3","7","4","1",NA,NA,NA,NA,NA,NA,"0"
"667",15,23,"3","27","5","4",NA,NA,NA,NA,NA,NA,"0"
"668",15,24,"3","68","3","1",NA,NA,NA,NA,NA,NA,"0"
"669",15,25,"3","74","1","2",NA,NA,NA,NA,NA,NA,"0"
"670",15,26,"4","29","3","1",NA,NA,NA,NA,NA,NA,"0"
"671",15,27,"4","29","2","4",NA,NA,NA,NA,NA,NA,"0"
"672",15,28,"4","15","3","3",NA,NA,NA,NA,NA,NA,"0"
"673",15,29,"4","14","2","5",NA,NA,NA,NA,NA,NA,"0"
"674",15,30,"4","31","3","5",NA,NA,NA,NA,NA,NA,"0"
"675",15,31,"4","69","1","1",NA,NA,NA,NA,NA,NA,"0"
"676",15,32,"4","77","2","3",NA,NA,NA,NA,NA,NA,"0"
"677",15,33,"4","4","5","1","only 2 inflor ","7/15/2022","7/15/2022",NA,0,2,"1"
"678",15,34,"4","11","3","4",NA,NA,NA,NA,NA,NA,"0"
"679",15,35,"4","57","4","1",NA,NA,NA,NA,NA,NA,"0"
"680",15,36,"4","72","4","2",NA,NA,NA,NA,NA,NA,"0"
"681",15,37,"4","5","1","1",NA,NA,NA,NA,NA,NA,"0"
"682",15,38,"4","56","4","5",NA,NA,NA,NA,NA,NA,"0"
"683",15,39,"4","40","2","5",NA,NA,NA,NA,NA,NA,"0"
"684",15,40,"4","9","1","1",NA,NA,NA,NA,NA,NA,"0"
"685",15,41,"4","40","3","3",NA,"7/1/2022","7/11/2022","7/25/2022",20,7,"1"
"686",15,42,"4","3","3","4",NA,NA,NA,NA,NA,NA,"0"
"687",15,43,"4","20","5","2",NA,"7/15/2022","7/22/2022",NA,0,3,"1"
"688",15,44,"4","3","2","1",NA,NA,NA,NA,NA,NA,"0"
"689",15,45,"4","41","4","5",NA,NA,NA,NA,NA,NA,"0"
"690",15,46,"4","18","4","5",NA,NA,NA,NA,NA,NA,"0"
"691",16,1,"3","15","4","2",NA,NA,NA,NA,NA,NA,"0"
"692",16,2,"3","57","4","2",NA,NA,NA,NA,NA,NA,"0"
"693",16,3,"3","27","1","1",NA,NA,NA,NA,NA,NA,"0"
"694",16,4,"3","77","2","1",NA,"7/13/2022","7/18/2022","8/8/2022",5,5,"1"
"695",16,5,"3","29","4","4",NA,NA,NA,NA,NA,NA,"0"
"696",16,6,"3","21","3","2",NA,"6/27/2022","7/22/2022","7/25/2022",28,17,"1"
"697",16,7,"3","31","1","2",NA,"7/18/2022","7/22/2022","8/12/2022",4,6,"1"
"698",16,8,"3","36","5","1",NA,NA,NA,NA,NA,NA,"0"
"699",16,9,"3","21","4","2",NA,"7/1/2022","7/18/2022","8/2/2022",7,13,"1"
"700",16,10,"3","15","5","3",NA,NA,NA,NA,NA,NA,"0"
"701",16,11,"3","46","4","4",NA,NA,NA,NA,NA,NA,"0"
"702",16,12,"3","5","2","1",NA,NA,NA,NA,NA,NA,"0"
"703",16,13,"3","41","1","2",NA,NA,NA,NA,NA,NA,"0"
"704",16,14,"3","49","2","2",NA,NA,NA,NA,NA,NA,"0"
"705",16,15,"3","67","5","4",NA,NA,NA,NA,NA,NA,"0"
"706",16,16,"3","7","5","4",NA,NA,NA,NA,NA,NA,"0"
"707",16,17,"3","5","4","5",NA,NA,NA,NA,NA,NA,"0"
"708",16,18,"3","4","5","5",NA,NA,NA,NA,NA,NA,"0"
"709",16,19,"3","68","5","1",NA,NA,NA,NA,NA,NA,"0"
"710",16,20,"3","4","2","3",NA,NA,NA,NA,NA,NA,"0"
"711",16,21,"3","61","4","2",NA,NA,NA,NA,NA,NA,"0"
"712",16,22,"3","39","4","4",NA,NA,NA,NA,NA,NA,"0"
"713",16,23,"3","1","5","3",NA,NA,NA,NA,NA,NA,"0"
"714",16,24,"3","2","3","2",NA,NA,NA,NA,NA,NA,"0"
"715",16,25,"3","19","1","3",NA,NA,NA,NA,NA,NA,"0"
"717",16,27,"4","27","1","2",NA,NA,NA,NA,NA,NA,"0"
"718",16,28,"4","2","4","2",NA,NA,NA,NA,NA,NA,"0"
"719",16,29,"4","30","2","5",NA,NA,NA,NA,NA,NA,"0"
"720",16,30,"4","19","1","4",NA,NA,NA,NA,NA,NA,"0"
"721",16,31,"4","39","1","4",NA,NA,NA,NA,NA,NA,"0"
"722",16,32,"4","79","5","5",NA,NA,NA,NA,NA,NA,"0"
"723",16,33,"4","18","2","5",NA,NA,NA,NA,NA,NA,"0"
"724",16,34,"4","31","2","4",NA,NA,NA,NA,NA,NA,"0"
"725",16,35,"4","67","1","1",NA,NA,NA,NA,NA,NA,"0"
"726",16,36,"4","45","1","5",NA,NA,NA,NA,NA,NA,"0"
"727",16,37,"4","3","3","1",NA,NA,NA,NA,NA,NA,"0"
"728",16,38,"4","79","2","3",NA,NA,NA,NA,NA,NA,"0"
"729",16,39,"4","68","3","2",NA,NA,NA,NA,NA,NA,"0"
"730",16,40,"4","39","1","2",NA,NA,NA,NA,NA,NA,"0"
"731",16,41,"4","2","4","1",NA,NA,NA,NA,NA,NA,"0"
"732",16,42,"4","20","5","3",NA,NA,NA,NA,NA,NA,"0"
"733",16,43,"4","3","2","3",NA,NA,NA,NA,NA,NA,"0"
"734",16,44,"4","18","3","5",NA,NA,NA,NA,NA,NA,"0"
"735",16,45,"4","42","1","5",NA,NA,NA,NA,NA,NA,"0"
"736",16,46,"4","12","3","5",NA,NA,NA,NA,NA,NA,"0"
"737",17,1,"3","6","4","3",NA,NA,NA,NA,NA,NA,"0"
"738",17,2,"3","8","2","1",NA,NA,NA,NA,NA,NA,"0"
"739",17,3,"3","62","5","1",NA,NA,NA,NA,NA,NA,"0"
"740",17,4,"3","12","5","5",NA,NA,NA,NA,NA,NA,"0"
"741",17,5,"3","8","1","3",NA,NA,NA,NA,NA,NA,"0"
"742",17,6,"3","79","5","4",NA,NA,NA,NA,NA,NA,"0"
"743",17,7,"3","3","4","5",NA,"7/18/2022","7/25/2022",NA,0,6,"1"
"744",17,8,"3","46","3","4",NA,NA,NA,NA,NA,NA,"0"
"745",17,9,"3","79","1","5",NA,NA,NA,NA,NA,NA,"0"
"746",17,10,"3","39","4","5",NA,NA,NA,NA,NA,NA,"0"
"747",17,11,"3","69","2","3",NA,"7/8/2022","7/18/2022",NA,0,4,"1"
"748",17,12,"3","67","4","4",NA,NA,NA,NA,NA,NA,"0"
"749",17,13,"3","11","2","1",NA,"7/6/2022","7/25/2022","7/27/2022",4,13,"1"
"750",17,14,"3","13","5","1",NA,NA,NA,NA,NA,NA,"0"
"751",17,15,"3","54","1","5",NA,NA,NA,NA,NA,NA,"0"
"752",17,16,"3","40","2","1",NA,NA,NA,NA,NA,NA,"0"
"753",17,17,"3","12","2","5","only 1 inflor left and only 2 flowers left","7/13/2022","7/13/2022",NA,0,1,"1"
"754",17,18,"3","15","4","5",NA,NA,NA,NA,NA,NA,"0"
"755",17,19,"3","77","5","2",NA,NA,NA,NA,NA,NA,"0"
"756",17,20,"3","40","1","1",NA,NA,NA,NA,NA,NA,"0"
"757",17,21,"3","69","1","5",NA,NA,NA,NA,NA,NA,"0"
"758",17,22,"3","67","3","1",NA,NA,NA,NA,NA,NA,"0"
"759",17,23,"3","36","4","5",NA,NA,NA,NA,NA,NA,"0"
"760",17,24,"3","16","1","3",NA,NA,NA,NA,NA,NA,"0"
"761",17,25,"3","13","1","1",NA,NA,NA,NA,NA,NA,"0"
"762",17,26,"4","18","1","5",NA,NA,NA,NA,NA,NA,"0"
"763",17,27,"4","61","3","2",NA,NA,NA,NA,NA,NA,"0"
"764",17,28,"4","12","4","3",NA,NA,NA,NA,NA,NA,"0"
"765",17,29,"4","5","5","1",NA,NA,NA,NA,NA,NA,"0"
"766",17,30,"4","49","2","5",NA,NA,NA,NA,NA,NA,"0"
"767",17,31,"4","74","1","1",NA,NA,NA,NA,NA,NA,"0"
"768",17,32,"4","36","4","3",NA,NA,NA,NA,NA,NA,"0"
"769",17,33,"4","67","3","4",NA,NA,NA,NA,NA,NA,"0"
"770",17,34,"4","15","1","3",NA,NA,NA,NA,NA,NA,"0"
"771",17,35,"4","5","3","4",NA,NA,NA,NA,NA,NA,"0"
"772",17,36,"4","16","3","2",NA,NA,NA,NA,NA,NA,"0"
"773",17,37,"4","7","2","5",NA,NA,NA,NA,NA,NA,"0"
"774",17,38,"4","26","1","5",NA,NA,NA,NA,NA,NA,"0"
"775",17,39,"4","57","3","3",NA,NA,NA,NA,NA,NA,"0"
"776",17,40,"4","68","2","4",NA,NA,NA,NA,NA,NA,"0"
"777",17,41,"4","19","2","3",NA,NA,NA,NA,NA,NA,"0"
"778",17,42,"4","61","5","4",NA,NA,NA,NA,NA,NA,"0"
"779",17,43,"4","30","3","2",NA,NA,NA,NA,NA,NA,"0"
"780",17,44,"4","5","4","2",NA,NA,NA,NA,NA,NA,"0"
"781",17,45,"4","27","5","5",NA,NA,NA,NA,NA,NA,"0"
"782",17,46,"4","1","4","4",NA,NA,NA,NA,NA,NA,"0"
"783",18,1,"3","5","1","2",NA,NA,NA,NA,NA,NA,"0"
"784",18,2,"3","39","2","3",NA,NA,NA,NA,NA,NA,"0"
"785",18,3,"3","61","1","4",NA,NA,NA,NA,NA,NA,"0"
"786",18,4,"3","64","5","4",NA,"6/29/2022","7/20/2022","7/25/2022",21,11,"1"
"787",18,5,"3","46","4","5",NA,NA,NA,NA,NA,NA,"0"
"788",18,6,"3","2","3","3",NA,NA,NA,NA,NA,NA,"0"
"789",18,7,"3","17","2","2",NA,NA,NA,NA,NA,NA,"0"
"790",18,8,"3","68","1","3",NA,NA,NA,NA,NA,NA,"0"
"791",18,9,"3","4","4","3",NA,NA,NA,NA,NA,NA,"0"
"792",18,10,"3","3","5","2",NA,NA,NA,NA,NA,NA,"0"
"793",18,11,"3","18","3","2","only 1 inflor","7/6/2022","7/8/2022",NA,0,1,"1"
"794",18,12,"3","56","3","2",NA,NA,NA,NA,NA,NA,"0"
"795",18,13,"3","42","1","3",NA,NA,NA,NA,NA,NA,"0"
"796",18,14,"3","62","5","4",NA,NA,NA,NA,NA,NA,"0"
"797",18,15,"3","14","3","4",NA,NA,NA,NA,NA,NA,"0"
"798",18,16,"3","28","4","2",NA,NA,NA,NA,NA,NA,"0"
"799",18,17,"3","11","1","5",NA,"7/4/2022","7/8/2022",NA,0,4,"1"
"800",18,18,"3","49","3","2",NA,NA,NA,NA,NA,NA,"0"
"801",18,19,"3","7","4","5",NA,NA,NA,NA,NA,NA,"0"
"802",18,20,"3","15","1","1",NA,"7/4/2022","7/8/2022",NA,0,6,"1"
"803",18,21,"3","69","1","3",NA,NA,NA,NA,NA,NA,"0"
"804",18,22,"3","74","5","3",NA,NA,NA,NA,NA,NA,"0"
"805",18,23,"3","47","3","4",NA,NA,NA,NA,NA,NA,"0"
"806",18,24,"3","62","3","2",NA,NA,NA,NA,NA,NA,"0"
"807",18,25,"3","39","1","3","only 2 inflor ","7/8/2022","7/8/2022",NA,0,2,"1"
"808",18,26,"4","36","5","5",NA,NA,NA,NA,NA,NA,"0"
"809",18,27,"4","6","3","2",NA,NA,NA,NA,NA,NA,"0"
"810",18,28,"4","39","1","1",NA,NA,NA,NA,NA,NA,"0"
"811",18,29,"4","20","1","1",NA,NA,NA,NA,NA,NA,"0"
"812",18,30,"4","21","1","5",NA,NA,NA,NA,NA,NA,"0"
"813",18,31,"4","64","1","5",NA,NA,NA,NA,NA,NA,"0"
"814",18,32,"4","5","3","3",NA,NA,NA,NA,NA,NA,"0"
"815",18,33,"4","18","5","4",NA,NA,NA,NA,NA,NA,"0"
"816",18,34,"4","21","1","1",NA,NA,NA,NA,NA,NA,"0"
"817",18,35,"4","6","5","5",NA,NA,NA,NA,NA,NA,"0"
"818",18,36,"4","35","2","3",NA,NA,NA,NA,NA,NA,"0"
"819",18,37,"4","69","2","5",NA,NA,NA,NA,NA,NA,"0"
"820",18,38,"4","31","4","1",NA,NA,NA,NA,NA,NA,"0"
"821",18,39,"4","30","3","5",NA,NA,NA,NA,NA,NA,"0"
"822",18,40,"4","46","2","1",NA,NA,NA,NA,NA,NA,"0"
"823",18,41,"4","3","5","5",NA,NA,NA,NA,NA,NA,"0"
"824",18,42,"4","18","2","3",NA,NA,NA,NA,NA,NA,"0"
"825",18,43,"4","40","5","4",NA,NA,NA,NA,NA,NA,"0"
"826",18,44,"4","20","3","1",NA,NA,NA,NA,NA,NA,"0"
"827",18,45,"4","3","1","1",NA,NA,NA,NA,NA,NA,"0"
"828",18,46,"4","2","2","4",NA,NA,NA,NA,NA,NA,"0"
"829",19,1,"3","2","2","1",NA,NA,NA,NA,NA,NA,"0"
"830",19,2,"3","31","3","1",NA,"7/20/2022","7/27/2022","8/15/2022",3,6,"1"
"831",19,3,"3","40","4","3",NA,NA,NA,NA,NA,NA,"0"
"832",19,4,"3","4","2","5",NA,NA,NA,NA,NA,NA,"0"
"833",19,5,"3","72","2","5",NA,NA,NA,NA,NA,NA,"0"
"834",19,6,"3","64","5","5",NA,NA,NA,NA,NA,NA,"0"
"835",19,7,"3","69","2","2",NA,NA,NA,NA,NA,NA,"0"
"836",19,8,"3","26","1","3",NA,NA,NA,NA,NA,NA,"0"
"837",19,9,"3","61","5","2",NA,NA,NA,NA,NA,NA,"0"
"838",19,10,"3","45","1","3",NA,NA,NA,NA,NA,NA,"0"
"839",19,11,"3","72","4","1",NA,NA,NA,NA,NA,NA,"0"
"840",19,12,"3","18","3","4",NA,NA,NA,NA,NA,NA,"0"
"841",19,13,"3","19","2","1",NA,NA,NA,NA,NA,NA,"0"
"842",19,14,"3","64","3","1",NA,NA,NA,NA,NA,NA,"0"
"843",19,15,"3","47","1","2",NA,NA,NA,NA,NA,NA,"0"
"844",19,16,"3","2","5","1",NA,NA,NA,NA,NA,NA,"0"
"845",19,17,"3","6","3","3",NA,NA,NA,NA,NA,NA,"0"
"846",19,18,"3","12","1","1",NA,NA,NA,NA,NA,NA,"0"
"847",19,19,"3","46","2","4",NA,NA,NA,NA,NA,NA,"0"
"848",19,20,"3","28","4","3",NA,NA,NA,NA,NA,NA,"0"
"849",19,21,"3","74","1","4",NA,NA,NA,NA,NA,NA,"0"
"850",19,22,"3","46","3","1",NA,NA,NA,NA,NA,NA,"0"
"851",19,23,"3","6","1","4",NA,"7/6/2022","7/11/2022",NA,0,5,"1"
"852",19,24,"3","61","3","5",NA,NA,NA,NA,NA,NA,"0"
"853",19,25,"3","15","2","2",NA,NA,NA,NA,NA,NA,"0"
"854",19,26,"4","8","1","5",NA,NA,NA,NA,NA,NA,"0"
"855",19,27,"4","1","5","1",NA,NA,NA,NA,NA,NA,"0"
"856",19,28,"4","13","2","2",NA,NA,NA,NA,NA,NA,"0"
"857",19,29,"4","61","3","1",NA,NA,NA,NA,NA,NA,"0"
"858",19,30,"4","7","2","1",NA,NA,NA,NA,NA,NA,"0"
"859",19,31,"4","1","4","2",NA,NA,NA,NA,NA,NA,"0"
"860",19,32,"4","62","5","3","only 2 inflor, second one too eaten ","7/15/2022","7/18/2022","8/8/2022",7,2,"1"
"861",19,33,"4","57","4","3","only 1 inflor, too eaten to measured ","7/18/2022","7/18/2022",NA,NA,1,"0"
"862",19,34,"4","29","5","5",NA,NA,NA,NA,NA,NA,"0"
"863",19,35,"4","28","1","1",NA,NA,NA,NA,NA,NA,"0"
"864",19,36,"4","11","4","1",NA,NA,NA,NA,NA,NA,"0"
"865",19,37,"4","27","5","1","2nd inflor only 1 flower left","7/6/2022","7/18/2022","8/4/2022",4,6,"1"
"866",19,38,"4","79","3","2",NA,NA,NA,NA,NA,NA,"0"
"867",19,39,"4","21","2","4",NA,"7/18/2022","7/22/2022","8/8/2022",8,12,"1"
"868",19,40,"4","15","1","2",NA,NA,NA,NA,NA,NA,"0"
"869",19,41,"4","19","2","5",NA,NA,NA,NA,NA,NA,"0"
"870",19,42,"4","9","2","3",NA,NA,NA,NA,NA,NA,"0"
"871",19,43,"4","49","2","1",NA,NA,NA,NA,NA,NA,"0"
"872",19,44,"4","20","3","3",NA,NA,NA,NA,NA,NA,"0"
"873",19,45,"4","15","3","2",NA,NA,NA,NA,NA,NA,"0"
"874",19,46,"4","46","3","5",NA,NA,NA,NA,NA,NA,"0"
"875",20,1,"3","2","3","4",NA,NA,NA,NA,NA,NA,"0"
"876",20,2,"3","56","3","1",NA,NA,NA,NA,NA,NA,"0"
"877",20,3,"3","3","3","2",NA,NA,NA,NA,NA,NA,"0"
"878",20,4,"3","46","5","4",NA,NA,NA,NA,NA,NA,"0"
"879",20,5,"3","29","1","1",NA,NA,NA,NA,NA,NA,"0"
"880",20,6,"3","19","5","3",NA,NA,NA,NA,NA,NA,"0"
"881",20,7,"3","49","1","3",NA,NA,NA,NA,NA,NA,"0"
"882",20,8,"3","27","2","2",NA,NA,NA,NA,NA,NA,"0"
"883",20,9,"3","36","5","4",NA,NA,NA,NA,NA,NA,"0"
"884",20,10,"3","21","5","2",NA,NA,NA,NA,NA,NA,"0"
"885",20,11,"3","1","5","4",NA,NA,NA,NA,NA,NA,"0"
"886",20,12,"3","67","5","2","only 2 inflor","7/15/2022","7/18/2022","8/10/2022",1,2,"1"
"887",20,13,"3","3","4","4",NA,NA,NA,NA,NA,NA,"0"
"888",20,14,"3","30","4","1",NA,NA,NA,NA,NA,NA,"0"
"889",20,15,"3","1","3","3","only 1 inflor ","7/22/2022","7/22/2022",NA,0,1,"1"
"890",20,16,"3","72","1","4",NA,NA,NA,NA,NA,NA,"0"
"891",20,17,"3","6","1","5",NA,NA,NA,NA,NA,NA,"0"
"892",20,18,"3","67","3","3",NA,NA,NA,NA,NA,NA,"0"
"893",20,19,"3","5","3","1",NA,NA,NA,NA,NA,NA,"0"
"894",20,20,"3","11","2","2",NA,NA,NA,NA,NA,NA,"0"
"895",20,21,"3","18","1","3",NA,NA,NA,NA,NA,NA,"0"
"896",20,22,"3","57","2","2",NA,NA,NA,NA,NA,NA,"0"
"897",20,23,"3","18","4","4",NA,NA,NA,NA,NA,NA,"0"
"898",20,24,"3","8","3","4",NA,NA,NA,NA,NA,NA,"0"
"899",20,25,"3","51","4","4",NA,"7/18/2022","7/25/2022","8/22/2022",2,6,"1"
"900",20,26,"4","31","4","5",NA,NA,NA,NA,NA,NA,"0"
"901",20,27,"4","19","3","3",NA,NA,NA,NA,NA,NA,"0"
"902",20,28,"4","5","2","5",NA,NA,NA,NA,NA,NA,"0"
"903",20,29,"4","36","2","3",NA,NA,NA,NA,NA,NA,"0"
"904",20,30,"4","18","4","2",NA,NA,NA,NA,NA,NA,"0"
"905",20,31,"4","30","2","3",NA,NA,NA,NA,NA,NA,"0"
"906",20,32,"4","79","1","2",NA,NA,NA,NA,NA,NA,"0"
"907",20,33,"4","36","1","3","1st inflor eaten ","7/11/2022","7/11/2022",NA,0,3,"1"
"908",20,34,"4","2","5","2",NA,NA,NA,NA,NA,NA,"0"
"909",20,35,"4","28","4","1",NA,NA,NA,NA,NA,NA,"0"
"910",20,36,"4","77","1","3",NA,NA,NA,NA,NA,NA,"0"
"911",20,37,"4","40","2","3",NA,NA,NA,NA,NA,NA,"0"
"912",20,38,"4","15","4","3",NA,NA,NA,NA,NA,NA,"0"
"913",20,39,"4","47","1","3",NA,NA,NA,NA,NA,NA,"0"
"914",20,40,"4","3","5","3",NA,NA,NA,NA,NA,NA,"0"
"915",20,41,"4","30","5","1",NA,NA,NA,NA,NA,NA,"0"
"916",20,42,"4","27","4","4",NA,NA,NA,NA,NA,NA,"0"
"917",20,44,"4","2","3","5",NA,NA,NA,NA,NA,NA,"0"
"918",20,43,"4","18","5","5",NA,NA,NA,NA,NA,NA,"0"
"919",20,45,"4","36","3","2",NA,NA,NA,NA,NA,NA,"0"
"920",20,46,"4","35","3","4",NA,"6/29/2022","7/8/2022",NA,0,5,"1"
"921",21,1,"3","30","2","2",NA,NA,NA,NA,NA,NA,"0"
"922",21,2,"3","8","3","1",NA,NA,NA,NA,NA,NA,"0"
"923",21,3,"3","31","1","4",NA,NA,NA,NA,NA,NA,"0"
"924",21,4,"3","2","1","4",NA,NA,NA,NA,NA,NA,"0"
"925",21,5,"3","16","3","1",NA,NA,NA,NA,NA,NA,"0"
"926",21,6,"3","29","5","1",NA,NA,NA,NA,NA,NA,"0"
"927",21,7,"3","8","2","4",NA,NA,NA,NA,NA,NA,"0"
"928",21,8,"3","16","1","5",NA,NA,NA,NA,NA,NA,"0"
"929",21,9,"3","67","2","3",NA,NA,NA,NA,NA,NA,"0"
"930",21,10,"3","46","1","4",NA,NA,NA,NA,NA,NA,"0"
"931",21,11,"3","72","5","2",NA,NA,NA,NA,NA,NA,"0"
"932",21,12,"3","3","1","2",NA,NA,NA,NA,NA,NA,"0"
"933",21,13,"3","2","4","4",NA,NA,NA,NA,NA,NA,"0"
"934",21,14,"3","47","3","1",NA,NA,NA,NA,NA,NA,"0"
"935",21,15,"3","51","4","5",NA,NA,NA,NA,NA,NA,"0"
"936",21,16,"3","14","2","4",NA,NA,NA,NA,NA,NA,"0"
"937",21,17,"3","42","2","3","only 1 inflor ","7/18/2022","7/18/2022",NA,0,1,"1"
"938",21,18,"3","13","5","3",NA,NA,NA,NA,NA,NA,"0"
"939",21,19,"3","47","5","5",NA,NA,NA,NA,NA,NA,"0"
"940",21,20,"3","77","4","1",NA,NA,NA,NA,NA,NA,"0"
"941",21,21,"3","30","3","4",NA,NA,NA,NA,NA,NA,"0"
"942",21,22,"3","6","5","1",NA,NA,NA,NA,NA,NA,"0"
"943",21,23,"3","18","4","1",NA,NA,NA,NA,NA,NA,"0"
"944",21,24,"3","35","5","4",NA,NA,NA,NA,NA,NA,"0"
"945",21,25,"3","35","3","1",NA,NA,NA,NA,NA,NA,"0"
"946",21,26,"4","30","5","5","only 1 infor, too eaten to measured ","7/6/2022","7/6/2022",NA,0,1,"0"
"947",21,27,"4","18","2","2",NA,NA,NA,NA,NA,NA,"0"
"948",21,28,"4","8","2","3",NA,NA,NA,NA,NA,NA,"0"
"949",21,29,"4","68","2","1",NA,NA,NA,NA,NA,NA,"0"
"950",21,30,"4","6","4","1",NA,NA,NA,NA,NA,NA,"0"
"951",21,31,"4","4","5","3",NA,NA,NA,NA,NA,NA,"0"
"952",21,32,"4","39","4","3",NA,NA,NA,NA,NA,NA,"0"
"953",21,33,"4","35","4","2",NA,NA,NA,NA,NA,NA,"0"
"954",21,34,"4","7","1","4",NA,NA,NA,NA,NA,NA,"0"
"955",21,35,"4","19","5","4",NA,NA,NA,NA,NA,NA,"0"
"956",21,36,"4","27","3","5",NA,NA,NA,NA,NA,NA,"0"
"957",21,37,"4","23","1","3",NA,NA,NA,NA,NA,NA,"0"
"958",21,38,"4","3","3","3",NA,NA,NA,NA,NA,NA,"0"
"959",21,39,"4","40","4","4",NA,NA,NA,NA,NA,NA,"0"
"960",21,40,"4","27","1","3",NA,NA,NA,NA,NA,NA,"0"
"961",21,41,"4","12","3","3","only 2 inflor ","7/18/2022","7/20/2022","8/8/2022",3,2,"1"
"962",21,42,"4","31","2","5",NA,NA,NA,NA,NA,NA,"0"
"963",21,43,"4","3","4","2","only 1 inflor ","7/27/2022","7/27/2022",NA,0,1,"1"
"964",21,44,"4","56","2","5",NA,NA,NA,NA,NA,NA,"0"
"965",21,45,"4","11","3","3",NA,NA,NA,NA,NA,NA,"0"
"966",21,46,"4","47","2","5",NA,NA,NA,NA,NA,NA,"0"
