"","Row","Column","Block","Population","Family","Replicate","Alive_DC1","Comment.July","Date.July","Herbivory.July","Surveyor","Comment.Sept","Date.Sept","Herbivory.Sept","Dead"
"1",1,13,"1","40","3","5",1,NA,"7/18/2020","23,0,3,21,0","Sophie","no living tissue","9/4/2020","0",1
"2",1,14,"1","41","2","5",1,NA,"7/18/2020","10,0,0,7,0","Sophie","","9/4/2020","6,0,32,3,48",0
"3",1,15,"1","14","2","1",1,NA,"7/18/2020","2,15,2,0,3","Sophie","","9/4/2020","0,0,3,6,1",0
"4",1,16,"1","40","4","5",0,NA,"7/18/2020","0","Sophie","","9/4/2020","0",1
"5",1,17,"1","15","5","5",1,NA,"7/18/2020","0,0,23,0,0","Sophie","","9/4/2020","0,1,7,0,2",0
"6",1,18,"1","49","4","2",0,NA,"7/18/2020","0","Sophie","","9/4/2020","0",1
"7",1,19,"1","7","2","2",1,NA,"7/18/2020","4,5,0,0,0","Sophie","","9/4/2020","5,4,0,0,0",0
"8",1,20,"1","29","3","5",0,NA,"7/18/2020","0","Sophie","","9/4/2020","0",1
"9",1,21,"1","15","5","2",1,NA,"7/18/2020","52,6,18,3,0","Sophie","","9/4/2020","4,3,0,22,6",0
"10",1,22,"1","3","3","5",1,NA,"7/18/2020","20,3,2,3,20","Sophie","","9/4/2020","100,100,100,100,04",0
"11",1,23,"1","68","4","5",1,NA,"7/18/2020","0,3,4,0,2","Sophie","","9/4/2020","0,3,3,0,22",0
"12",1,24,"2","11","3","5",1,NA,"7/18/2020","15,3,2,0,0","Sophie","","9/4/2020","0,5,2,4,0",0
"13",1,25,"2","36","4","2",1,NA,"7/18/2020","0,0,0,0,02","Sophie","","9/4/2020","0,1,55,1,1",0
"14",1,26,"2","40","3","4",1,NA,"7/18/2020","0","Sophie","","9/4/2020","0,0,0,0,0",0
"15",1,27,"2","67","3","5",1,NA,"7/18/2020","0,3,0,1,0","Sophie","","9/4/2020","2,0,2,0,0",0
"16",1,28,"2","13","3","4",0,NA,"7/18/2020","0","Sophie","","9/4/2020","0",1
"17",1,29,"2","5","2","2",1,NA,"7/18/2020","0,0,0,0,0","Sophie","","9/4/2020","2,0,2,0,0",0
"18",1,30,"2","31","3","4",0,NA,"7/18/2020","0","Sophie","","9/4/2020","0",1
"19",1,31,"2","31","1","1",1,NA,"7/18/2020","20,2,0,0,0","Sophie","","9/4/2020","10,0,0,0,0",0
"20",1,32,"2","62","5","2",1,NA,"7/18/2020","5,0,2,2,3","Sophie","no living tissue","9/4/2020","0",1
"21",1,33,"2","13","1","5",1,NA,"7/18/2020","40,6,0,0,5","Sophie","","9/4/2020","100,100,100,100,0",0
"22",1,34,"2","13","2","3",1,NA,"7/18/2020","25,18,44,3,8","Sophie","","9/4/2020","10,0,0,0,0",0
"23",1,35,"2","19","3","2",1,NA,"7/18/2020","0,7,6,0,5","Sophie","","9/4/2020","100,100,100,0,14",0
"24",1,36,"2","30","3","1",1,NA,"7/18/2020","7,7,0,0,0","Sophie","","9/4/2020","0,0,0,0,024",0
"25",1,37,"2","18","1","2",1,NA,"7/18/2020","0,4,0,0,0","Sophie","","9/4/2020","0,3,0,1,0",0
"26",1,38,"2","31","5","1",1,NA,"7/18/2020","34,0,2,1,0","Sophie","","9/4/2020","35,5,19,7,1",0
"27",1,39,"2","7","4","2",1,NA,"7/18/2020","0","Sophie","","9/4/2020","0",1
"28",1,40,"2","8","1","4",1,NA,"7/18/2020","5,6,0,4,3","Sophie","","9/4/2020","6,0,0,25,0",0
"29",1,41,"2","23","1","5",1,NA,"7/18/2020","0,8,1,0,1","Sophie","","9/4/2020","32,16,5,4,5",0
"30",1,42,"2","4","1","3",1,NA,"7/18/2020","0,0,6,0,0","Sophie","","9/4/2020","12,25,5,0,0",0
"31",1,43,"2","36","3","3",1,NA,"7/18/2020","0,6,2,0,0","Sophie","","9/4/2020","12,6,5,2,0",0
"32",1,44,"2","30","4","5",1,NA,"7/18/2020","10,12,0,0,1","Sophie","","9/4/2020","10,1,10,5,20",0
"33",1,45,"2","62","2","1",1,NA,"7/18/2020","0,0,0,0,0","Sophie","","9/4/2020","21,0,0,1,0",0
"34",1,46,"2","6","2","4",1,NA,"7/18/2020","28,0,1,0,0","Sophie","","9/4/2020","100,100,100,100,0",0
"35",2,1,"1","79","4","5",1,NA,"7/18/2020","5,3,4,3,0","Sophie","","9/4/2020","0,0,0,0,07",0
"36",2,2,"1","6","2","5",1,NA,"7/18/2020","0","Sophie","","9/4/2020","0,0,12,0,3",0
"37",2,3,"1","68","1","4",1,NA,"7/18/2020","0,0,0,0,0","Sophie","","9/4/2020","4,2,2,2,8",0
"38",2,4,"1","39","2","1",1,NA,"7/18/2020","0","Sophie","","9/4/2020","0,2,0,0,22,",0
"39",2,5,"1","49","3","5",1,NA,"7/18/2020","0,0,0,0,0","Sophie","","9/4/2020","6,2,0,3,1",0
"40",2,6,"1","14","5","2",1,NA,"7/18/2020","7,13,0,0,4","Sophie","","9/4/2020","5,3,0,0,28",0
"41",2,7,"1","56","3","4",1,NA,"7/18/2020","0,0,0,0,05","Sophie","","9/4/2020","48,0,100,100,5",0
"42",2,8,"1","27","2","5",0,NA,"7/18/2020","0","Sophie","","9/4/2020","0",1
"43",2,9,"1","21","3","4",1,NA,"7/18/2020","0,0,0,0,0","Sophie","","9/4/2020","0,0,0,50,0",0
"44",2,10,"1","14","2","2",1,NA,"7/18/2020","0,20,6,0,0","Sophie","","9/4/2020","0,3,3,0,1",0
"45",2,11,"1","72","2","1",1,NA,"7/18/2020","8,0,0,1,1","Sophie","","9/4/2020","10,0,0,0,5",0
"46",2,12,"1","2","1","1",1,NA,"7/18/2020","0,7,4,0,0","Sophie","","9/4/2020","32,2,0,0,1",0
"47",2,13,"1","36","2","4",1,NA,"7/18/2020","25,28,5,0,0","Sophie","","9/4/2020","25,18,3,4,0",0
"48",2,14,"1","35","2","1",1,NA,"7/18/2020","0,12,0,30,18","Sophie","","9/4/2020","0,6,6,0,0",0
"49",2,15,"1","15","3","4",0,NA,"7/18/2020","0,0,0,0,0","Sophie","","9/4/2020","0,0,0,98,97",0
"50",2,16,"1","40","2","2",1,NA,"7/18/2020","0,12,3,0,0","Sophie","","9/4/2020","12,20,5,2,5",0
"51",2,17,"1","46","1","5",1,NA,"7/18/2020","0,0,0,0,02","Sophie","","9/4/2020","0,0,32,60,3",0
"52",2,18,"1","6","4","2",1,NA,"7/18/2020","0,0,0,0,02","Sophie","","9/4/2020","0,4,8,1,0",0
"53",2,19,"1","9","1","3",1,NA,"7/18/2020","0,0,0,0,21","Sophie","","9/4/2020","22,3,0,0,0",0
"54",2,20,"1","18","5","1",1,NA,"7/18/2020","0,0,0,0,03","Sophie","","9/4/2020","0,1,0,72,2",0
"55",2,21,"1","79","1","4",1,NA,"7/18/2020","10,4,3,20,0","Sophie","","9/4/2020","12,0,53,54,3",0
"56",2,22,"1","77","1","5",1,NA,"7/18/2020","0,0,0,0,20","Sophie","","9/4/2020","0,0,0,0,03",0
"57",2,23,"1","31","4","2",1,NA,"7/18/2020","0,0,70,15,8","Sophie","","9/4/2020","28,4,0,0,0",0
"58",2,24,"2","47","2","3",1,NA,"7/18/2020","3,1,2,9,4","Sophie","","9/4/2020","2,2,0,0,0",0
"59",2,25,"2","68","5","3",1,NA,"7/18/2020","0,0,0,2,1","Sophie","","9/4/2020","0,3,0,16,8",0
"60",2,26,"2","28","1","4",1,NA,"7/18/2020","22,0,0,0,8","Sophie","","9/4/2020","12,0,14,0,24",0
"61",2,27,"2","14","3","5",1,NA,"7/18/2020","12,10,3,2,0","Sophie","no living tissue","9/4/2020","0",1
"62",2,28,"2","2","5","5",1,NA,"7/18/2020","0,0,0,0,0","Sophie","","9/4/2020","50,0,0,0,4",0
"63",2,29,"2","42","2","2",0,NA,"7/18/2020","0","Sophie","","9/4/2020","0",1
"64",2,30,"2","41","1","1",1,NA,"7/18/2020","4,3,0,4,0","Sophie","","9/4/2020","56,50,1,1,0",0
"65",2,31,"2","68","3","3",1,NA,"7/18/2020","7,0,3,3,0","Sophie","","9/4/2020","6,6,3,21,0",0
"66",2,32,"2","14","4","2",0,NA,"7/18/2020","0","Sophie","","9/4/2020","0",1
"67",2,33,"2","72","1","2",1,NA,"7/18/2020","5,2,0,0,0","Sophie","","9/4/2020","0,18,3,0,0",0
"68",2,34,"2","2","4","3",1,NA,"7/18/2020","10,6,0,1,0","Sophie","","9/4/2020","21,1,0,0,0",0
"69",2,35,"2","4","1","2",1,NA,"7/18/2020","0,20,0,0,0","Sophie","","9/4/2020","5,0,3,0,0",0
"70",2,36,"2","49","4","3",1,NA,"7/18/2020","0,30,0,0,25","Sophie","","9/4/2020","0,54,2,50,3",0
"71",2,37,"2","17","2","4",1,NA,"7/18/2020","0,3,0,0,10","Sophie","","9/4/2020","31,3,28,0,2",0
"72",2,38,"2","6","1","3",1,NA,"7/18/2020","5,5,4,3,0","Sophie","","9/4/2020","35,2,3,1,0",0
"73",2,39,"2","77","2","2",1,NA,"7/18/2020","0,2,0,2,0","Sophie","","9/4/2020","0,0,2,4,0",0
"74",2,40,"2","47","2","4",1,NA,"7/18/2020","11,0,1,2,5","Sophie","","9/4/2020","4,5,7,3,3",0
"75",2,41,"2","64","1","3",1,NA,"7/18/2020","0,0,4,7,2","Sophie","","9/4/2020","3,15,30,0,0",0
"76",2,42,"2","57","5","1",1,NA,"7/18/2020","5,3,0,5,9","Sophie","","9/4/2020","22,32,3,16,0",0
"77",2,43,"2","57","1","4",1,NA,"7/18/2020","0,0,0,0,03","Sophie","","9/4/2020","1,0,2,1,0",0
"78",2,44,"2","15","2","3",1,NA,"7/18/2020","5,4,0,2,22","Sophie","","9/4/2020","10,0,25,4,0",0
"79",2,45,"2","79","5","2",1,NA,"7/18/2020","2,5,2,0,0","Sophie","","9/4/2020","4,2,0,2,0",0
"80",2,46,"2","17","5","4",1,NA,"7/18/2020","0,0,0,0,07","Sophie","","9/4/2020","10,0,14,0,42",0
"81",3,1,"1","12","5","1",1,NA,"7/18/2020","0,17,5,0,3","Sophie","","9/4/2020","4,24,32,0,3",0
"82",3,2,"1","68","3","4",1,NA,"7/18/2020","0,2,2,0,0","Sophie","","9/4/2020","0,1,1,0,4",0
"83",3,3,"1","14","5","1",1,NA,"7/18/2020","0,0,0,0,0","Sophie","","9/4/2020","4,1,0,0,0",0
"84",3,4,"1","9","2","2",1,NA,"7/18/2020","2,15,0,3,3","Sophie","","9/4/2020","15,5,3,1,2",0
"85",3,5,"1","13","5","5",1,NA,"7/18/2020","0,4,2,3,4","Sophie","","9/4/2020","5,5,5,5,7",0
"86",3,6,"1","1","1","2",1,NA,"7/18/2020","0,0,0,0,0","Sophie","","9/4/2020","6,0,0,29,0",0
"87",3,7,"1","68","3","5",1,NA,"7/18/2020","0,0,0,0,12","Sophie","","9/4/2020","7,4,18,0,0",0
"88",3,8,"1","15","4","1",1,NA,"7/18/2020","18,5,5,3,0","Sophie","","9/4/2020","0,12,3,12,0",0
"89",3,9,"1","4","3","5",1,NA,"7/18/2020","0,0,0,0,0","Sophie","","9/4/2020","82,0,74,0,0",0
"90",3,10,"1","2","5","3",1,NA,"7/18/2020","42,0,0,0,0","Sophie","","9/4/2020","0,0,0,0,0",0
"91",3,11,"1","49","3","4",1,NA,"7/18/2020","20,20,8,0,8","Sophie","","9/4/2020","33,0,12,16,54",0
"92",3,12,"1","15","2","4",1,NA,"7/18/2020","8,0,0,3,0","Sophie","","9/4/2020","28,20,0,3,16",0
"93",3,13,"1","39","2","2",1,NA,"7/18/2020","4,0,0,0,4","Sophie","","9/4/2020","2,3,0,0,2",0
"94",3,14,"1","2","2","5",1,NA,"7/18/2020","0,6,3,6,65","Sophie","","9/4/2020","0,0,0,2,20",0
"95",3,15,"1","64","3","2",1,NA,"7/18/2020","0,0,0,0,25","Sophie","","9/4/2020","5,26,40,13,24",0
"96",3,16,"1","31","2","2",1,NA,"7/18/2020","0,0,0,0,08","Sophie","","9/4/2020","4,4,2,22,0",0
"97",3,17,"1","8","2","5",1,NA,"7/18/2020","3,4,0,0,0","Sophie","","9/4/2020","1,2,25,6,4",0
"98",3,18,"1","17","1","1",1,NA,"7/18/2020","2,0,0,0,2","Sophie","","9/4/2020","0,3,0,1,3",0
"99",3,19,"1","18","1","4",1,NA,"7/18/2020","0,0,0,0,0","Sophie","","9/4/2020","2,4,1,0,3",0
"100",3,20,"1","36","2","2",1,NA,"7/18/2020","28,3,0,0,0","Sophie","","9/4/2020","0,3,0,0,22",0
"101",3,21,"1","7","3","1",1,NA,"7/18/2020","0,0,3,33,0","Sophie","","9/4/2020","0,2,0,5,10",0
"102",3,22,"1","69","2","1",1,NA,"7/18/2020","0,1,4,0,0","Sophie","","9/4/2020","2,0,0,3,1",0
"103",3,23,"1","30","5","4",1,NA,"7/18/2020","0,5,0,1,6","Sophie","","9/4/2020","25,4,32,6,0",0
"104",3,24,"2","4","4","5",1,NA,"7/18/2020","0,0,0,0,0","Sophie","","9/3/2020","0,0,71,68,0",0
"105",3,25,"2","16","3","4",1,NA,"7/18/2020","0,0,0,0,0","Sophie","","9/3/2020","20,80,5,90,18",0
"106",3,26,"2","62","3","1",1,NA,"7/18/2020","6,0,20,5,5","Sophie","","9/3/2020","6,16,0,0,3",0
"107",3,27,"2","39","4","2",1,NA,"7/18/2020","4,0,6,0,3","Sophie","","9/3/2020","0,24,20,5,41",0
"108",3,28,"2","77","3","2",1,NA,"7/18/2020","10,1,0,0,0","Sophie","","9/3/2020","0,0,0,0,03",0
"109",3,29,"2","4","4","4",1,NA,"7/18/2020","0,0,0,0,0","Sophie","","9/3/2020","18,0,2,12,0",0
"110",3,30,"2","72","1","3",0,NA,"7/18/2020","0,0,0,0,0","Sophie","","9/3/2020","0,0,0,0,0",0
"111",3,31,"2","56","4","4",1,NA,"7/18/2020","0,0,0,0,07","Sophie","","9/3/2020","0,0,0,0,0",0
"112",3,32,"2","36","3","5",0,NA,"7/18/2020","0","Sophie","","9/3/2020","0",1
"113",3,33,"2","21","2","5",1,NA,"7/18/2020","2,4,0,0,0","Sophie","","9/3/2020","0,0,0,0,02",0
"114",3,34,"2","31","1","3",1,NA,"7/18/2020","0,0,0,0,02","Sophie","","9/3/2020","0,2,9,28,3",0
"115",3,35,"2","77","5","5",1,NA,"7/18/2020","1,0,0,1,0","Sophie","","9/3/2020","3,2,0,0,0",0
"116",3,36,"2","72","2","3",1,NA,"7/18/2020","4,0,0,2,0","Sophie","","9/3/2020","5,2,2,1,2",0
"117",3,37,"2","56","2","1",1,NA,"7/18/2020","0,0,0,3,3","Sophie","","9/3/2020","0,30,2,7,9",0
"118",3,38,"2","46","2","3",1,NA,"7/18/2020","8,1,4,3,0","Sophie","","9/3/2020","2,7,0,0,0",0
"119",3,39,"2","49","5","3",1,NA,"7/18/2020","0,0,0,0,02","Sophie","","9/3/2020","0,0,2,1,0",0
"120",3,40,"2","12","5","3",1,NA,"7/18/2020","0,0,1,6,0","Sophie","","9/3/2020","12,0,0,30,2",0
"121",3,41,"2","67","4","3",1,NA,"7/18/2020","0,0,0,0,01","Sophie","","9/3/2020","0,1,0,2,16",0
"122",3,42,"2","46","2","2",1,NA,"7/18/2020","7,5,4,3,2","Sophie","","9/3/2020","2,0,1,3,0",0
"123",3,43,"2","40","5","2",1,NA,"7/18/2020","0,0,0,0,0","Sophie","","9/3/2020","0,0,0,3,2",0
"124",3,44,"2","67","2","5",1,NA,"7/18/2020","18,2,0,0,3","Sophie","","9/3/2020","25,28,0,6,4",0
"125",3,45,"2","1","1","5",1,NA,"7/18/2020","0,0,0,0,0","Sophie","","9/3/2020","0,0,0,0,0",0
"126",3,46,"2","19","1","1",1,NA,"7/18/2020","0,0,0,0,013","Sophie","","9/3/2020","3,0,0,2,2",0
"127",4,1,"1","21","4","1",1,NA,"7/18/2020","0,2,0,0,0","Sophie","","9/3/2020","1,0,2,0,0",0
"128",4,2,"1","79","2","1",1,NA,"7/18/2020","3,2,5,0,0","Sophie","","9/3/2020","0,1,0,0,5",0
"129",4,3,"1","12","4","1",1,NA,"7/18/2020","6,2,12,0,0","Sophie","","9/3/2020","0,4,3,3,4",0
"130",4,4,"1","47","3","5",1,NA,"7/18/2020","0,0,0,0,01","Sophie","","9/3/2020","100,100,40,0,0",0
"131",4,5,"1","47","1","1",1,NA,"7/18/2020","2,10,5,0,0","Sophie","","9/3/2020","0,5,7,30,0",0
"132",4,6,"1","21","2","3",1,NA,"7/18/2020","0,0,0,0,05","Sophie","","9/3/2020","2,3,0,0,0",0
"133",4,7,"1","1","2","1",1,NA,"7/18/2020","0,0,1,0,2","Sophie","","9/3/2020","8,0,0,0,1",0
"134",4,8,"1","1","2","2",1,NA,"7/18/2020","3,2,1,0,0","Sophie","","9/3/2020","100,100,100,100,100",0
"135",4,9,"1","30","4","3",1,NA,"7/18/2020","0,5,0,22,50","Sophie","","9/3/2020","62,6,0,2,0",0
"136",4,10,"1","61","5","1",0,NA,"7/18/2020","0","Sophie","","9/3/2020","0",1
"137",4,11,"1","1","4","1",1,NA,"7/18/2020","15,3,0,0,0","Sophie","","9/3/2020","0,7,9,22,0",0
"138",4,12,"1","6","4","5",0,NA,"7/18/2020","0","Sophie","","9/3/2020","0",1
"139",4,13,"1","17","4","4",1,NA,"7/18/2020","2,10,0,0,0","Sophie","","9/3/2020","0,0,0,0,0",0
"140",4,14,"1","79","4","4",1,NA,"7/18/2020","25,0,0,0,4","Sophie","","9/3/2020","0,0,0,0,0",0
"141",4,15,"1","36","2","1",1,NA,"7/18/2020","4,22,0,0,0","Sophie","","9/3/2020","0,0,0,0,046",0
"142",4,16,"1","4","1","1",1,NA,"7/18/2020","9,0,2,0,3","Sophie","","9/3/2020","0,32,0,8,0",0
"143",4,17,"1","56","4","2",1,NA,"7/18/2020","3,5,3,5,0","Sophie","","9/3/2020","0,10,0,0,0",0
"144",4,18,"1","67","1","4",1,NA,"7/18/2020","0","Sophie","","9/3/2020","6,0,25,92,5",0
"145",4,19,"1","2","3","1",1,NA,"7/18/2020","0,0,0,0,0","Sophie","","9/3/2020","6,38,0,0,0",0
"146",4,20,"1","8","1","1",1,NA,"7/18/2020","3,4,2,0,2","Sophie","","9/3/2020","11,48,100,100,100",0
"147",4,21,"1","72","5","5",1,NA,"7/18/2020","0,0,0,0,05","Sophie","","9/3/2020","0,3,3,0,14",0
"148",4,22,"1","12","4","4",0,NA,"7/18/2020","0","Sophie","","9/3/2020","0",1
"149",4,23,"1","74","2","5",1,NA,"7/18/2020","0,0,0,6,1","Sophie","","9/3/2020","92,0,0,8,9",0
"150",4,24,"2","77","1","4",1,NA,"7/18/2020","0,0,0,0,0","Sophie","","9/3/2020","0,0,0,0,0",0
"151",4,25,"2","15","2","5",1,NA,"7/18/2020","4,0,3,3,0","Sophie","","9/3/2020","2,0,6,0,4",0
"152",4,26,"2","56","2","3",1,NA,"7/18/2020","0,7,2,5,0","Sophie","","9/3/2020","0,0,0,0,05",0
"153",4,27,"2","32","1","2",1,NA,"7/18/2020","2,0,9,1,0","Sophie","","9/3/2020","5,30,0,0,0",0
"154",4,28,"2","68","4","3",1,NA,"7/18/2020","3,4,0,0,5","Sophie","","9/3/2020","0,0,0,0,0",0
"155",4,29,"2","23","1","2",1,NA,"7/18/2020","0,0,0,0,0","Sophie","","9/3/2020","0,0,0,0,062",0
"156",4,30,"2","4","1","4",1,NA,"7/18/2020","0,0,0,0,03","Sophie","","9/3/2020","0,0,0,28,0",0
"157",4,31,"2","6","3","1",1,NA,"7/18/2020","0,0,0,0,0","Sophie","","9/3/2020","30,0,56,0,4",0
"158",4,32,"2","72","5","3",1,NA,"7/18/2020","0,0,0,0,0","Sophie","","9/3/2020","0,0,0,0,06",0
"159",4,33,"2","4","3","2",1,NA,"7/18/2020","4,0,0,1,2","Sophie","","9/3/2020","4,0,0,0,2",0
"160",4,34,"2","51","4","3",1,NA,"7/18/2020","22,1,1,0,1","Sophie","","9/3/2020","0,5,3,5,18",0
"161",4,35,"2","20","3","2",0,NA,"7/18/2020","0","Sophie","","9/3/2020","0",1
"162",4,36,"2","7","5","5",1,NA,"7/18/2020","3,0,0,4,1","Sophie","","9/3/2020","28,3,9,0,7",0
"163",4,37,"2","36","5","3",1,NA,"7/18/2020","10,0,0,3,0,0","Sophie","","9/3/2020","0,0,4,0,42",0
"164",4,38,"2","40","5","3",1,NA,"7/18/2020","42,10,2,1,1","Sophie","","9/3/2020","8,2,0,2,5",0
"165",4,39,"2","18","1","1",1,NA,"7/18/2020","0,58,0,0,0","Sophie","","9/3/2020","0,0,36,1,0",0
"166",4,40,"2","36","1","4",1,NA,"7/18/2020","33,2,0,6","Sophie","","9/3/2020","0,0,0,0,02",0
"167",4,41,"2","36","1","5",1,NA,"7/18/2020","3,0,20,0,0","Sophie","","9/3/2020","25,25,28,4,3",0
"168",4,42,"2","2","2","2",1,NA,"7/18/2020","0,0,0,2,3","Sophie","","9/3/2020","0,50,0,0,18",0
"169",4,43,"2","1","3","5",1,NA,"7/18/2020","6,3,0,0,0","Sophie","","9/3/2020","4,0,0,2,0",0
"170",4,44,"2","61","4","4",1,NA,"7/18/2020","3,12,4,2,0","Sophie","","9/3/2020","0,30,0,18,2",0
"171",4,45,"2","18","5","2",1,NA,"7/18/2020","0,0,0,0,026","Sophie","","9/3/2020","0,0,0,8,0",0
"172",4,46,"2","46","4","1",1,NA,"7/18/2020","1,0,0,5,0","Sophie","","9/3/2020","0,6,6,0,0",0
"173",5,1,"1","77","1","1",1,NA,"7/18/2020","0,6,0,40,1","Sophie","","9/3/2020","0,0,0,0,0",0
"174",5,2,"1","21","5","3",1,NA,"7/18/2020","1,0,0,5,21","Sophie","","9/3/2020","18,2,0,0,0",0
"175",5,3,"1","19","3","5",1,NA,"7/18/2020","4,5,3,7,8","Sophie","","9/3/2020","2,16,20,0,0",0
"176",5,4,"1","56","3","3",0,NA,"7/18/2020","0","Sophie","","9/3/2020","0",1
"177",5,5,"1","32","1","3",1,NA,"7/18/2020","0,0,0,0,012","Sophie","","9/3/2020","3,0,1,54,2",0
"178",5,6,"1","8","3","5",1,NA,"7/18/2020","2,6,3,1,2","Sophie","","9/3/2020","0,0,0,2,2",0
"179",5,7,"1","11","1","2",1,NA,"7/18/2020","0,0,0,0,02","Sophie","","9/3/2020","8,25,2,0,22,8",0
"180",5,8,"1","4","5","2",1,NA,"7/18/2020","0,0,0,0,02","Sophie","","9/3/2020","0,0,100,100,0",0
"181",5,9,"1","28","1","3",0,NA,"7/18/2020","0","Sophie","","9/3/2020","0",1
"182",5,10,"1","29","1","3",1,NA,"7/18/2020","0","Sophie","","9/3/2020","0",1
"183",5,11,"1","3","2","4",1,NA,"7/18/2020","12,0,0,22,0","Sophie","","9/3/2020","24,8,10,90,0",0
"184",5,12,"1","23","1","5",1,NA,"7/18/2020","10,10,0,0,14","Sophie","","9/3/2020","0,0,0,0,04",0
"185",5,13,"1","21","3","1",1,NA,"7/18/2020","2,1,3,2,2","Sophie","","9/3/2020","3,1,0,5,0",0
"186",5,14,"1","49","2","3",1,NA,"7/18/2020","22,0,0,0,3","Sophie","","9/3/2020","0,0,22,0,4",0
"187",5,15,"1","72","3","5",1,NA,"7/18/2020","4,4,0,0,0","Sophie","","9/3/2020","0,6,0,4,0",0
"188",5,16,"1","47","1","5",1,NA,"7/18/2020","10,2,3,0,0","Sophie","","9/3/2020","3,4,0,1,5",0
"189",5,17,"1","47","3","3",1,NA,"7/18/2020","0,0,0,0,0","Sophie","","9/3/2020","0,0,0,0,0",0
"190",5,18,"1","46","5","3",1,NA,"7/18/2020","0,0,0,0,0","Sophie","","9/3/2020","3,0,1,0,0",0
"191",5,19,"1","21","3","5",1,NA,"7/18/2020","0,0,0,3,3","Sophie","","9/3/2020","15,1,0,0,0",0
"192",5,20,"1","9","1","5",1,NA,"7/18/2020","10,0,0,8,6","Sophie","","9/3/2020","100,100,8,100,108",0
"193",5,21,"1","47","4","5",1,NA,"7/18/2020","6,3,0,0,0","Sophie","","9/3/2020","5,14,0,67,2",0
"194",5,22,"1","13","1","4",1,NA,"7/18/2020","0,0,0,8,28","Sophie","","9/3/2020","0,0,0,0,03",0
"195",5,23,"2","3","4","3",1,NA,"7/18/2020","0,0,0,0,05","Sophie","","9/3/2020","21,20,0,0,0",0
"196",5,24,"2","62","1","1",1,NA,"7/18/2020","0,0,0,2,6","Sophie","no living tissue","9/3/2020","0",1
"197",5,25,"2","12","5","2",1,NA,"7/18/2020","0,0,0,0,03","Sophie","","9/3/2020","0,0,100,100,0",0
"198",5,26,"2","74","2","1",1,NA,"7/18/2020","3,3,0,0,0","Sophie","","9/3/2020","0,84,0,21,0",0
"199",5,27,"2","30","5","2",1,NA,"7/18/2020","2,1,0,0,0","Sophie","","9/3/2020","0,0,0,0,03",0
"200",5,28,"2","79","1","3",1,NA,"7/18/2020","20,2,0,0,0","Sophie","","9/3/2020","68,6,0,0,0",0
"201",5,29,"2","17","1","3",1,NA,"7/18/2020","0,0,3,2,24","Sophie","","9/3/2020","22,0,0,5,1",0
"202",5,30,"2","6","5","4",1,NA,"7/18/2020","0,0,0,0,05","Sophie","","9/3/2020","4,3,4,5,5",0
"203",5,31,"2","77","4","2",1,NA,"7/18/2020","0,0,0,0,022","Sophie","","9/3/2020","3,20,0,1,0",0
"204",5,32,"2","27","5","3",1,NA,"7/18/2020","0,5,6,0,25","Sophie","","9/3/2020","22,0,0,0,1",0
"205",5,33,"2","40","3","1",1,NA,"7/18/2020","0,0,0,0,10","Sophie","","9/3/2020","10,3,0,50,22",0
"206",5,34,"2","67","5","1",1,NA,"7/18/2020","6,0,0,3,0","Sophie","","9/3/2020","0,0,0,0,0",0
"207",5,35,"2","17","5","1",1,NA,"7/18/2020","0,0,0,0,0","Sophie","","9/3/2020","0,8,0,3,0",0
"208",5,36,"2","41","1","5",1,NA,"7/18/2020","0,0,0,0,0","Sophie","","9/3/2020","4,2,0,2,0",0
"209",5,37,"2","8","3","3",1,NA,"7/18/2020","5,2,0,15,7","Sophie","","9/3/2020","20,8,0,48,4",0
"210",5,38,"2","72","4","3",1,NA,"7/18/2020","too small","Sophie","","9/3/2020","0,0,22,4,0",0
"211",5,39,"2","77","5","1",1,NA,"7/18/2020","3,2,0,1,0","Sophie","","9/3/2020","2,0,22,0,0",0
"212",5,40,"2","14","1","4",1,NA,"7/18/2020","0,0,0,0,07","Sophie","","9/3/2020","32,0,4,5,6",0
"213",5,41,"2","2","1","5",1,NA,"7/18/2020","18,30,0,0,42","Sophie","","9/3/2020","84,6,9,0,2",0
"214",5,42,"2","39","5","3",1,NA,"7/18/2020","0,0,0,0,0","Sophie","","9/3/2020","3,2,0,1,0",0
"215",5,43,"2","36","3","4",1,NA,"7/18/2020","0,0,0,0,04","Sophie","","9/3/2020","4,0,15,5,4",0
"216",5,44,"2","69","1","4",1,NA,"7/18/2020","5,5,1,12,2","Sophie","","9/3/2020","0,0,0,0,18",0
"217",5,45,"2","64","1","2",1,NA,"7/18/2020","22,0,0,0,0","Sophie","","9/3/2020","0,0,0,0,14",0
"218",5,46,"2","29","5","4",1,NA,"7/18/2020","28,40,60,0,0","Sophie","","9/3/2020","100,100,100,100,16",0
"219",6,1,"1","36","4","4",1,NA,"7/18/2020","5,4,1,0,0","Sophie","","9/3/2020","0,0,0,0,01",0
"220",6,2,"1","61","4","5",1,NA,"7/18/2020","0,0,0,0,0","Sophie","","9/3/2020","4,5,0,0,0",0
"221",6,3,"1","2","2","3",1,NA,"7/18/2020","0,4,2,5,0","Sophie","","9/3/2020","0,1,28,8,1",0
"222",6,4,"1","27","3","3",1,NA,"7/18/2020","0,78,100,25,0","Sophie","","9/3/2020","0,0,0,0,0",0
"223",6,5,"1","11","2","4",1,NA,"7/18/2020","4,4,8,0,0","Sophie","","9/3/2020","0,0,0,0,06",0
"224",6,6,"1","12","1","4",1,NA,"7/18/2020","3,0,0,2,0","Sophie","","9/3/2020","0,0,0,1,2",0
"225",6,7,"1","57","5","3",1,NA,"7/18/2020","0,0,0,7,2","Sophie","","9/3/2020","0,0,0,0,0",0
"226",6,8,"1","7","5","3",1,NA,"7/18/2020","0,0,0,0,0","Sophie","","9/3/2020","0,0,3,78,62",0
"227",6,9,"1","21","4","4",1,NA,"7/18/2020","0,0,0,0,01","Sophie","","9/3/2020","0,0,0,0,0",0
"228",6,10,"1","49","4","5",1,NA,"7/18/2020","65,0,36,42,0","Sophie","","9/3/2020","0,0,0,0,0",0
"229",6,11,"1","40","5","5",1,NA,"7/18/2020","40,0,0,35,0","Sophie","","9/3/2020","32,46,0,0,0",0
"230",6,12,"1","7","5","2",1,NA,"7/18/2020","0,0,7,19,0","Sophie","","9/3/2020","48,0,58,40,0",0
"231",6,13,"1","46","5","1",1,NA,"7/18/2020","0,0,0,0,05","Sophie","","9/3/2020","1,0,1,0,0",0
"232",6,14,"1","36","2","5",1,NA,"7/18/2020","0,6,0,0,3","Sophie","","9/3/2020","0,0,2,0,0",0
"233",6,15,"1","26","1","2",1,NA,"7/18/2020","20,15,0,0,0","Sophie","very eaten","9/3/2020","100,100,100,100,100",0
"234",6,16,"1","51","2","1",1,NA,"7/18/2020","0,0,0,0,0","Sophie","","9/3/2020","11,0,0,0,0",0
"235",6,17,"1","46","1","3",0,NA,"7/18/2020","0","Sophie","","9/3/2020","0",1
"236",6,18,"1","6","2","1",0,NA,"7/18/2020","0","Sophie","","9/3/2020","0",1
"237",6,19,"1","19","5","2",1,NA,"7/18/2020","20,3,0,0,0","Sophie","","9/3/2020","3,1,4,0,0",0
"238",6,20,"1","3","5","1",1,NA,"7/18/2020","0,4,0,3,0","Sophie","","9/3/2020","1,0,4,0,0",0
"239",6,21,"1","29","4","5",0,NA,"7/18/2020","0","Sophie","","9/3/2020","0",1
"240",6,22,"1","79","4","1",1,NA,"7/18/2020","3,2,2,0,2","Sophie","","9/3/2020","0,0,4,1,0",0
"241",6,23,"2","21","2","2",1,NA,"7/18/2020","4,12,0,10,0","Sophie","very eaten","9/3/2020","100,100,100,100,100",0
"242",6,24,"2","77","4","5",1,NA,"7/18/2020","0,0,0,0,04","Sophie","","9/3/2020","0,0,3,0,6",0
"243",6,25,"2","72","2","4",0,NA,"7/18/2020","0","Sophie","","9/3/2020","0,0,0,0,0",0
"244",6,26,"2","1","1","3",1,NA,"7/18/2020","0,0,0,0,0","Sophie","","9/3/2020","3,2,0,3,0",0
"245",6,27,"2","5","5","3",1,NA,"7/18/2020","0,0,0,0,0","Sophie","","9/3/2020","0,0,0,10,0",0
"246",6,28,"2","36","1","1",1,NA,"7/18/2020","7,2,0,0,0","Sophie","","9/3/2020","0,0,0,3,3",0
"247",6,29,"2","62","3","4",1,NA,"7/18/2020","2,0,0,0,5","Sophie","","9/3/2020","5,0,2,0,6",0
"248",6,30,"2","12","5","4",1,NA,"7/18/2020","0,0,0,0,017","Sophie","","9/3/2020","2,4,0,0,0",0
"249",6,31,"2","18","4","3",1,NA,"7/18/2020","2,5,0,0,2","Sophie","","9/3/2020","4,5,0,0,2",0
"250",6,32,"2","18","2","1",1,NA,"7/18/2020","6,0,0,25,13","Sophie","","9/3/2020","32,0,0,0,17",0
"251",6,33,"2","14","1","1",1,NA,"7/18/2020","3,0,0,0,6","Sophie","","9/3/2020","0,0,50,0,22",0
"252",6,34,"2","57","5","2",0,NA,"7/18/2020","0","Sophie","","9/3/2020","0",1
"253",6,35,"2","1","3","4",1,NA,"7/18/2020","0,0,0,0,0","Sophie","","9/3/2020","0,4,42,0,0",0
"254",6,36,"2","74","2","3",1,NA,"7/18/2020","3,0,1,0,0","Sophie","","9/3/2020","4,4,0,0,0",0
"255",6,37,"2","17","3","2",1,NA,"7/18/2020","4,0,5,20,2","Sophie","","9/3/2020","30,100,100,100,25",0
"256",6,38,"2","1","4","5",1,NA,"7/18/2020","0,0,0,0,02","Sophie","","9/3/2020","0,3,0,1,0",0
"257",6,39,"2","62","4","1",1,NA,"7/18/2020","0,0,0,0,03","Sophie","","9/3/2020","0,4,0,2,0",0
"258",6,40,"2","17","2","1",1,NA,"7/18/2020","0,0,0,0,02","Sophie","","9/3/2020","0,0,0,0,02",0
"259",6,41,"2","42","1","2",1,NA,"7/18/2020","23,0,0,0,0","Sophie","","9/3/2020","28,4,18,3,0",0
"260",6,42,"2","4","3","4",0,NA,"7/18/2020","0","Sophie","","9/3/2020","0",1
"261",6,43,"2","79","2","5",1,NA,"7/18/2020","0,3,0,2,0","Sophie","","9/3/2020","0,3,2,1,1",0
"262",6,44,"2","17","5","2",1,NA,"7/18/2020","0,3,3,0,0","Sophie","","9/3/2020","8,11,0,0,20",0
"263",6,45,"2","18","2","4",1,NA,"7/18/2020","40,55,20,50,65","Sophie","","9/3/2020","6,0,0,30,3",0
"264",6,46,"2","7","4","3",1,NA,"7/18/2020","22,0,0,0,2","Sophie","","9/3/2020","4,5,10,28,18",0
"265",7,1,"1","3","2","5",1,NA,"7/17/2020","0,0,0,0,0","Sophie","","9/3/2020","0,0,0,0,02",0
"266",7,2,"1","6","2","3",0,NA,"7/17/2020","0","Sophie","","9/3/2020","0",1
"267",7,3,"1","7","1","3",1,NA,"7/17/2020","0,0,0,0,45","Sophie","","9/3/2020","3,1,0,3,0",0
"268",7,4,"1","47","2","2",1,NA,"7/17/2020","0,8,10,28,0","Sophie","very eaten","9/3/2020","100,100,100,100,100",0
"269",7,5,"1","62","1","5",1,NA,"7/17/2020","0,0,0,0,0","Sophie","","9/3/2020","0,6,5,0,0",0
"270",7,6,"1","64","2","3",0,NA,"7/17/2020","0","Sophie","","9/3/2020","0",1
"271",7,7,"1","67","2","1",1,NA,"7/17/2020","0,0,0,0,0","Sophie","","9/3/2020","2,5,8,35,28",0
"272",7,8,"1","5","5","4",1,NA,"7/17/2020","10,0,0,0,0","Sophie","","9/3/2020","70,4,58,0,4",0
"273",7,9,"1","39","2","4",1,NA,"7/17/2020","20,0,40,0,0","Sophie","","9/3/2020","2,10,32,0,5",0
"274",7,10,"1","79","3","4",1,NA,"7/17/2020","0,0,0,0,0","Sophie","","9/3/2020","0,5,10,0,12",0
"275",7,11,"1","47","4","4",1,NA,"7/17/2020","0,0,0,0,02","Sophie","","9/3/2020","0,0,0,0,0",0
"276",7,12,"1","4","4","2",1,NA,"7/17/2020","17,3,0,4,5","Sophie","","9/3/2020","20,2,0,0,30",0
"277",7,13,"1","19","2","2",1,NA,"7/17/2020","6,0,0,0,3","Sophie","","9/3/2020","0,0,0,0,10",0
"278",7,14,"1","46","5","5",1,NA,"7/17/2020","0,---","Sophie","","9/3/2020","100,100,16,45,100",0
"279",7,15,"1","7","4","4",1,NA,"7/17/2020","0","Sophie","very eaten","9/3/2020","100,100,100,100,100",0
"280",7,16,"1","68","1","5",1,NA,"7/17/2020","0,0,0,0,0","Sophie","","9/3/2020","0,0,0,0,01",0
"281",7,17,"1","5","2","4",1,NA,"7/17/2020","0,0,0,0,8","Sophie","","9/3/2020","16,4,3,20,14",0
"282",7,18,"1","5","3","2",1,NA,"7/17/2020","0,0,0,0,46","Sophie","","9/3/2020","2,2,4,0,0",0
"283",7,19,"1","29","1","2",1,NA,"7/17/2020","too small","Sophie","","9/3/2020","0,0,0,0,0",0
"284",7,20,"1","79","3","3",1,NA,"7/17/2020","0,0,0,0,04","Sophie","","9/3/2020","2,0,0,20,0",0
"285",7,21,"1","35","3","2",1,NA,"7/17/2020","0,0,0,0,0","Sophie","","9/3/2020","0,0,15,0,36",0
"286",7,22,"1","35","4","4",1,NA,"7/17/2020","0,0,0,0,0","Sophie","","9/3/2020","12,12,18,20,0",0
"287",7,23,"2","14","4","4",0,NA,"7/17/2020","0","Sophie","","9/3/2020","0",1
"288",7,24,"2","7","2","3",1,NA,"7/17/2020","0,0,0,0,07","Sophie","","9/3/2020","30,26,1,6,14",0
"289",7,25,"2","12","2","4",1,NA,"7/17/2020","0,0,0,0,0","Sophie","no living tissue","9/3/2020","0",1
"290",7,26,"2","67","1","5",1,NA,"7/17/2020","0,0,6,0,0","Sophie","","9/3/2020","2,0,0,0,0",0
"291",7,27,"2","30","2","4",1,NA,"7/17/2020","0,4,2,0,0","Sophie","","9/3/2020","0,70,0,12,0",0
"292",7,28,"2","8","2","2",1,NA,"7/17/2020","0,0,0,0,02","Sophie","","9/3/2020","2,5,1,1,1",0
"293",7,29,"2","39","2","5",1,NA,"7/17/2020","0,2,0,0,4","Sophie","","9/3/2020","2,2,5,1,10",0
"294",7,30,"2","56","3","5",1,NA,"7/17/2020","10,0,0,0,30","Sophie","","9/3/2020","0,0,0,0,28",0
"295",7,31,"2","62","2","3",1,NA,"7/17/2020","5,0,4,0,0","Sophie","","9/3/2020","3,16,2,0,2",0
"296",7,32,"2","5","1","4",0,NA,"7/17/2020","0","Sophie","","9/3/2020","0",1
"297",7,33,"2","12","2","2",1,NA,"7/17/2020","4,0,0,0,0","Sophie","","9/3/2020","0,5,22,2,23",0
"298",7,34,"2","57","4","5",1,NA,"7/17/2020","18,0,0,1,0","Sophie","","9/3/2020","28,0,6,2,12",0
"299",7,35,"2","62","3","5",0,NA,"7/17/2020","0","Sophie","","9/3/2020","0",1
"300",7,36,"2","79","5","1",1,NA,"7/17/2020","0,8,1,0,1","Sophie","","9/3/2020","0,12,0,10,0",0
"301",7,37,"2","1","1","1",1,NA,"7/17/2020","0,0,0,0,0","Sophie","","9/3/2020","12,0,3,0,2",0
"302",7,38,"2","64","3","4",1,NA,"7/17/2020","0,0,0,0,02","Sophie","","9/3/2020","15,4,5,0,25",0
"303",7,39,"2","19","5","3",1,NA,"7/17/2020","3,3,0,4,0","Sophie","","9/3/2020","0,4,4,37,3",0
"304",7,40,"2","30","4","4",1,NA,"7/17/2020","16,5,0,2,0","Sophie","","9/3/2020","3,0,4,0,2",0
"305",7,41,"2","16","3","5",1,NA,"7/17/2020","0,0,7,0,4","Sophie","","9/3/2020","3,15,0,0,25",0
"306",7,42,"2","13","3","1",0,NA,"7/17/2020","0","Sophie","","9/3/2020","0",1
"307",7,43,"2","27","4","3",0,NA,"7/17/2020","0","Sophie","","9/3/2020","0",1
"308",7,44,"2","11","2","5",1,NA,"7/17/2020","0,4,2,3,0","Sophie","no living tissue","9/3/2020","0",1
"309",7,45,"2","2","5","4",1,NA,"7/17/2020","0,40,30,3,25","Sophie","","9/3/2020","0",1
"310",7,46,"2","29","5","2",1,NA,"7/17/2020","0,0,0,0,01","Sophie","","9/3/2020","5,0,0,2,0",0
"311",8,1,"1","9","2","1",1,NA,"7/17/2020","8,0,1,0,0","Sophie","","9/2/2020","4,4,10,12,25",1
"312",8,2,"1","57","1","2",1,NA,"7/17/2020","0,1,2,4,8","Sophie","","9/2/2020","0,1,2,20,0",0
"313",8,3,"1","67","3","2",1,NA,"7/17/2020","3,1,2,10,1","Sophie","","9/2/2020","0,0,0,0,03",0
"314",8,4,"1","21","5","1",1,NA,"7/17/2020","0,4,0,0,1","Sophie","","9/2/2020","0,0,0,0,03",0
"315",8,5,"1","13","5","4",1,NA,"7/17/2020","0,0,0,0,0","Sophie","","9/2/2020","0,0,0,0,0",0
"316",8,6,"1","74","1","3",1,NA,"7/17/2020","0,0,0,0,0","Sophie","","9/2/2020","0,0,0,0,0",0
"317",8,7,"1","17","1","4",1,NA,"7/17/2020","0,22,100,100,100","Sophie","","9/2/2020","0,16,0,0,5",0
"318",8,8,"1","15","4","4",1,NA,"7/17/2020","0,0,0,0,01","Sophie","","9/2/2020","0,0,0,0,3",0
"319",8,9,"1","7","3","2",1,NA,"7/17/2020","0,2,2,0,0","Sophie","","9/2/2020","3,0,0,2,3",0
"320",8,10,"1","12","3","2",1,NA,"7/17/2020","15,020,30,18","Sophie","","9/2/2020","23,0,0,12,98",0
"321",8,11,"1","11","4","5",1,NA,"7/17/2020","5,1,0,0,0","Sophie","","9/2/2020","4,5,2,0,6",0
"322",8,12,"1","20","5","1",1,NA,"7/17/2020","39,47,0,0,0","Sophie","","9/2/2020","100,100,100,28,45",0
"323",8,13,"1","72","4","5",1,NA,"7/17/2020","0,0,0,0,0","Sophie","","9/2/2020","0,25,0,0,0",0
"324",8,14,"1","62","2","5",1,NA,"7/17/2020","0","Sophie","","9/2/2020","0,1,3,15,0",0
"325",8,15,"1","15","1","5",1,NA,"7/17/2020","0,0,0,0,08","Sophie","","9/2/2020","2,0,0,8,0",0
"326",8,16,"1","14","3","2",1,NA,"7/17/2020","0,0,0,0,05","Sophie","","9/2/2020","0,0,0,0,0",0
"327",8,17,"1","57","3","2",1,NA,"7/17/2020","9,0,0,3,0","Sophie","very eaten","9/2/2020","100,100,100,100,100",0
"328",8,18,"1","62","1","2",1,NA,"7/17/2020","0,0,0,0,0","Sophie","","9/2/2020","100,100,6,0,0",0
"329",8,19,"1","47","5","1",1,NA,"7/17/2020","7,7,0,0,0","Sophie","","9/2/2020","54,18,8,34,25",0
"330",8,20,"1","15","5","1",1,NA,"7/17/2020","0,0,0,0,0","Sophie","","9/2/2020","0,5,62,0,0",0
"331",8,21,"1","16","2","1",1,NA,"7/17/2020","30,0,3,29,26","Sophie","","9/2/2020","100,100,100,4,6",0
"332",8,22,"1","29","4","3",1,NA,"7/17/2020","0,0,0,0,023","Sophie","","9/2/2020","5,7,4,0,0",0
"333",8,23,"2","68","5","2",1,NA,"7/17/2020","4,4,0,0,0","Sophie","","9/2/2020","5,2,0,8,0",0
"334",8,24,"2","4","2","2",1,NA,"7/17/2020","3,7,18,0,60","Sophie","","9/2/2020","4,3,8,12,5",0
"335",8,25,"2","46","2","5",1,NA,"7/17/2020","0,0,0,0,012","Sophie","","9/2/2020","0,50,8,68,100",0
"336",8,26,"2","68","4","1",1,NA,"7/17/2020","0,0,0,0,0","Sophie","","9/2/2020","0,0,0,0,021",0
"337",8,27,"2","6","3","5",1,NA,"7/17/2020","0,3,0,2,0","Sophie","","9/2/2020","1,0,8,4,0",0
"338",8,28,"2","7","1","2",1,NA,"7/17/2020","12,3,0,0,0","Sophie","","9/2/2020","0,0,0,3,3",0
"339",8,29,"2","35","3","5",1,NA,"7/17/2020","28,0,5,23,5","Sophie","","9/2/2020","8,9,0,2,0",0
"340",8,30,"2","39","3","3",1,NA,"7/17/2020","0,0,0,0,03","Sophie","","9/2/2020","0,48,42,4,15",0
"341",8,31,"2","62","4","4",1,NA,"7/17/2020","0,2,4,0,2","Sophie","","9/2/2020","0,0,0,0,6",0
"342",8,32,"2","4","3","3",1,NA,"7/17/2020","3,3,0,0,0","Sophie","","9/2/2020","3,0,4,26,22",0
"343",8,33,"2","21","1","2",1,NA,"7/17/2020","3,0,30,1,2","Sophie","","9/2/2020","46,36,2,4,8",0
"344",8,34,"2","77","4","3",1,NA,"7/17/2020","4,12,5,0,0","Sophie","","9/2/2020","28,12,8,0,10",0
"345",8,35,"2","17","4","2",1,NA,"7/17/2020","0,0,0,0,0","Sophie","","9/2/2020","6,0,30,15,3,1",0
"346",8,36,"2","27","5","2",1,NA,"7/17/2020","1,0,0,1,3","Sophie","","9/2/2020","64,4,10,3,58",0
"347",8,37,"2","26","1","1",1,NA,"7/17/2020","0,8,1,3,1","Sophie","","9/2/2020","10,7,12,10,0",0
"348",8,38,"2","17","3","1",1,NA,"7/17/2020","4,3,4,0,1","Sophie","","9/2/2020","42,0,25,66,8",0
"349",8,39,"2","5","4","1",1,NA,"7/17/2020","0,0,0,0,0","Sophie","","9/2/2020","0,0,0,0,0",0
"350",8,40,"2","39","3","5",1,NA,"7/17/2020","6,0,1,1,0","Sophie","","9/2/2020","3,45,25,5,9",0
"351",8,41,"2","64","2","2",1,NA,"7/17/2020","0,0,0,0,0","Sophie","","9/2/2020","0,42,18,5,24",0
"352",8,42,"2","64","3","3",1,NA,"7/17/2020","21,24,48,0,72","Sophie","","9/2/2020","0,25,0,58,0",0
"353",8,43,"2","39","4","1",1,NA,"7/17/2020","6,4,5,0,0","Sophie","","9/2/2020","6,1,10,6,5",0
"354",8,44,"2","62","1","3",1,NA,"7/17/2020","11,0,0,0,8","Sophie","","9/2/2020","0,0,0,3,0",0
"355",8,45,"2","67","2","2",1,NA,"7/17/2020","0,0,0,0,0","Sophie","","9/2/2020","0,0,4,0,8",0
"356",8,46,"2","67","5","3",0,NA,"7/17/2020","0","Sophie","","9/2/2020","0",1
"357",9,1,"1","28","1","5",1,NA,"7/17/2020","0,0,0,0,01","Sophie","","9/2/2020","21,0,20,0,1",0
"358",9,2,"1","4","3","1",1,NA,"7/17/2020","3,4,55,0,16","Sophie","","9/2/2020","30,30,20,58,0",0
"359",9,3,"1","12","3","1",0,NA,"7/17/2020","0","Sophie","","9/2/2020","0",1
"360",9,4,"1","27","4","1",1,NA,"7/17/2020","0,0,0,0,02","Sophie","","9/2/2020","0,15,0,0,0",0
"361",9,5,"1","1","4","3",1,NA,"7/17/2020","0,0,0,3,3","Sophie","","9/2/2020","0,0,0,0,24",0
"362",9,6,"1","49","5","5",1,NA,"7/17/2020","0,0,0,0,02","Sophie","","9/2/2020","0,38,80,0,0",0
"363",9,7,"1","39","3","4",1,NA,"7/17/2020","2,3,8,2,4","Sophie","","9/2/2020","6,3,20,0,0",0
"364",9,8,"1","77","3","1",1,NA,"7/17/2020","0,0,0,0,10","Sophie","","9/2/2020","0,0,0,15,2",0
"365",9,9,"1","3","2","2",1,NA,"7/17/2020","0,4,0,0,9","Sophie","","9/2/2020","12,18,0,65,52",0
"366",9,10,"1","69","2","4",0,NA,"7/17/2020","0","Sophie","","9/2/2020","0",1
"367",9,11,"1","17","2","5",1,NA,"7/17/2020","0,0,0,0,0","Sophie","","9/2/2020","0,1,6,1,1",0
"368",9,12,"1","51","4","2",1,NA,"7/17/2020","20,18,2,0,0","Sophie","","9/2/2020","0,0,0,3,0",0
"369",9,13,"1","79","1","1",1,NA,"7/17/2020","7,0,0,0,0","Sophie","","9/2/2020","1,0,2,5,7",0
"370",9,14,"1","5","5","5",0,NA,"7/17/2020","0","Sophie","","9/2/2020","0",1
"371",9,15,"1","13","5","2",1,NA,"7/17/2020","55,23,0,0,0","Sophie","","9/2/2020","13,8,0,0,24",0
"372",9,16,"1","30","5","3",1,NA,"7/17/2020","25,0,0,3,21","Sophie","","9/2/2020","25,0,7,0,0",0
"373",9,17,"1","39","3","2",1,NA,"7/17/2020","0,3,22,0,8","Sophie","","9/2/2020","12,38,0,5,0",0
"374",9,18,"1","20","1","2",0,NA,"7/17/2020","0","Sophie","","9/2/2020","0",1
"375",9,19,"1","72","3","1",1,NA,"7/17/2020","0,15,3,0,0","Sophie","","9/2/2020","0,0,0,0,05",0
"376",9,20,"1","7","3","3",1,NA,"7/17/2020","3,4,0,5,7","Sophie","","9/2/2020","2,0,0,100,100",0
"377",9,21,"1","79","4","2",1,NA,"7/17/2020","0,0,0,0,0","Sophie","","9/2/2020","2,5,0,0,0",0
"378",9,22,"1","15","3","5",0,NA,"7/17/2020","0","Sophie","","9/2/2020","0",1
"379",9,23,"2","45","2","1",1,NA,"7/17/2020","4,0,0,0,25","Sophie","","9/2/2020","100,100,12,3,21",0
"380",9,24,"2","27","4","5",1,NA,"7/17/2020","0,0,0,0,0","Sophie","","9/2/2020","0,18,0,5,0",0
"381",9,25,"2","64","5","3",1,NA,"7/17/2020","0,0,0,0,12","Sophie","","9/2/2020","18,0,2,10,1",0
"382",9,26,"2","77","1","2",1,NA,"7/17/2020","0,0,0,0,07","Sophie","","9/2/2020","8,0,3,0,0",0
"383",9,27,"2","64","2","4",0,NA,"7/17/2020","0","Sophie","","9/2/2020","0",1
"384",9,28,"2","7","3","5",1,NA,"7/17/2020","32,6,0,0,2","Sophie","","9/2/2020","0,3,3,40,4",0
"385",9,29,"2","35","4","1",1,NA,"7/17/2020","0,0,0,0,04","Sophie","","9/2/2020","3,22,30,0,1",0
"386",9,30,"2","36","4","1",1,NA,"7/17/2020","0,54,0,0,5","Sophie","","9/2/2020","5,10,3,6,1",0
"387",9,31,"2","45","2","4",1,NA,"7/17/2020","0,0,0,0,0","Sophie","","9/2/2020","0,6,5,6,10",0
"388",9,32,"2","15","3","1",1,NA,"7/17/2020","18,1,4,0,0","Sophie","","9/2/2020","100,100,58,28,50",0
"389",9,33,"2","77","5","3",1,NA,"7/17/2020","1,0,0,0,1","Sophie","","9/2/2020","10,2,0,0,0",0
"390",9,34,"2","36","3","1",0,NA,"7/17/2020","0","Sophie","","9/2/2020","0",1
"391",9,35,"2","49","3","1",1,NA,"7/17/2020","4,3,0,0,1","Sophie","","9/2/2020","5,2,0,0,4",0
"392",9,36,"2","39","5","2",1,NA,"7/17/2020","0,0,0,0,0","Sophie","","9/2/2020","100,100,100,100,100",0
"393",9,37,"2","6","4","4",1,NA,"7/17/2020","23,0,0,0,0","Sophie","","9/2/2020","0,100,100,2,0",0
"394",9,38,"2","57","5","4",1,NA,"7/17/2020","8,1,0,4,0","Sophie","","9/2/2020","0,0,0,0,10",0
"395",9,39,"2","15","5","4",1,NA,"7/17/2020","3,4,0,3,1","Sophie","","9/2/2020","0,0,0,0,0",0
"396",9,40,"2","62","5","5",1,NA,"7/17/2020","17,4,0,0,0","Sophie","","9/2/2020","3,1,20,0,12",0
"397",9,41,"2","17","3","5",1,NA,"7/17/2020","0,0,0,0,03","Sophie","no living tissue","9/2/2020","0",1
"398",9,42,"2","47","5","4",1,NA,"7/17/2020","29,0,0,0,0","Sophie","","9/2/2020","10,4,8,0,0",0
"399",9,43,"2","35","2","2",1,NA,"7/17/2020","0,25,3,5,8","Sophie","","9/2/2020","0,28,0,0,0",0
"400",9,44,"2","5","2","3",1,NA,"7/17/2020","0,28,20,0,28","Sophie","","9/2/2020","10,38,0,62,14",0
"401",9,45,"2","72","3","4",1,NA,"7/17/2020","0,0,0,0,0","Sophie","","9/2/2020","100,100,100,100,4",0
"402",9,46,"2","1","1","4",1,NA,"7/17/2020","0,0,0,0,015","Sophie","","9/2/2020","0,0,0,0,03",0
"403",10,1,"1","14","4","5",1,NA,"7/17/2020","0,0,0,0,0","Sophie","","9/2/2020","0,10,30,0,0",0
"404",10,2,"1","62","4","5",1,NA,"7/17/2020","0,0,7,6,0","Sophie","","9/2/2020","36,26,35,0,0",0
"405",10,3,"1","79","3","1",1,NA,"7/17/2020","22,0,0,9,0","Sophie","","9/2/2020","44,0,25,100,100",0
"406",10,4,"1","56","4","1",1,NA,"7/17/2020","0,0,0,0,015","Sophie","","9/2/2020","0,5,1,0,0",0
"407",10,5,"1","1","5","2",1,NA,"7/17/2020","0,0,0,0,02","Sophie","","9/2/2020","0,3,2,2,2",0
"408",10,6,"1","62","4","2",1,NA,"7/17/2020","0,29,1,0,6","Sophie","","9/2/2020","0,0,0,0,0",0
"409",10,7,"1","7","3","4",1,NA,"7/17/2020","0","Sophie","","9/2/2020","0",1
"410",10,8,"1","42","1","1",1,NA,"7/17/2020","0,0,20,0,3","Sophie","","9/2/2020","0,0,0,0,0",0
"411",10,9,"1","69","1","2",1,NA,"7/17/2020","0,1,3,0,0","Sophie","","9/2/2020","0,0,0,0,05",0
"412",10,10,"1","67","4","5",1,NA,"7/17/2020","0,0,0,0,4","Sophie","","9/2/2020","0,0,20,18,0",0
"413",10,11,"1","16","3","3",1,NA,"7/17/2020","0","Sophie","","9/2/2020","100,100,100,100,71",0
"414",10,12,"1","72","4","4",1,NA,"7/17/2020","18,3,0,0,0","Sophie","","9/2/2020","22,4,26,0,0",0
"415",10,13,"1","12","3","4",1,NA,"7/17/2020","12,3,0,0,0","Sophie","","9/2/2020","0,10,0,28,25",0
"416",10,14,"1","42","2","1",1,NA,"7/17/2020","0,24,0,9,0","Sophie","","9/2/2020","0,0,6,45,0",0
"417",10,15,"1","61","3","3",1,NA,"7/17/2020","0,0,0,0,0","Sophie","","9/2/2020","9,25,3,4,6",0
"418",10,16,"1","23","1","4",1,NA,"7/17/2020","0,0,0,0,0","Sophie","","9/2/2020","0,0,0,0,04",0
"419",10,17,"1","17","5","3",1,NA,"7/17/2020","3,2,0,0,0","Sophie","","9/2/2020","0,0,0,1,1",0
"420",10,18,"1","72","1","5",1,NA,"7/17/2020","0,0,0,0,0","Sophie","","9/2/2020","0,0,0,0,0",0
"421",10,19,"1","9","2","4",1,NA,"7/17/2020","0,3,6,0,4","Sophie","","9/2/2020","5,1,0,0,0",0
"422",10,20,"1","31","2","1",1,NA,"7/17/2020","42,0,1,0,0","Sophie","","9/2/2020","10,25,40,6,8",0
"423",10,21,"1","47","5","2",0,NA,"7/17/2020","23,8,0,0,0","Sophie","","9/2/2020","0",1
"424",10,22,"1","46","1","1",1,NA,"7/17/2020","0","Sophie","","9/2/2020","3,3,0,4,24",0
"425",10,23,"1","31","3","3",1,NA,"7/17/2020","3,2,0,0,16","Sophie","","9/2/2020","0,2,0,3,3",0
"426",10,24,"2","5","3","5",1,NA,"7/17/2020","0,0,0,0,12","Sophie","","9/2/2020","16,5,0,10,3",0
"427",10,25,"2","14","1","3",1,NA,"7/17/2020","0,0,0,0,0","Sophie","","9/2/2020","0,22,3,0,12",0
"428",10,26,"2","3","5","4",1,NA,"7/17/2020","1,0,0,2,10","Sophie","","9/2/2020","5,2,4,16,6",0
"429",10,27,"2","30","3","3",1,NA,"7/17/2020","0,0,0,0,0","Sophie","","9/2/2020","0,20,3,6,12",0
"430",10,28,"2","61","4","1",1,NA,"7/17/2020","0,11,0,7,0","Sophie","","9/2/2020","2,1,14,6,0",0
"431",10,29,"2","31","5","2",1,NA,"7/17/2020","0,0,0,0,0","Sophie","","9/2/2020","2,3,5,0,14",0
"432",10,30,"2","41","2","4",1,NA,"7/17/2020","0,0,0,3,3","Sophie","","9/2/2020","100,100,100,100,100",0
"433",10,31,"2","47","4","1",1,NA,"7/17/2020","0,0,0,0,0","Sophie","","9/2/2020","14,22,42,15,6",0
"434",10,32,"2","16","1","2",0,NA,"7/17/2020","0","Sophie","","9/2/2020","0",1
"435",10,33,"2","28","4","5",1,NA,"7/17/2020","8,53,0,0,3","Sophie","no living tissue","9/2/2020","0",1
"436",10,34,"2","5","5","2",1,NA,"7/17/2020","0,0,0,0,03","Sophie","","9/2/2020","65,8,75,32,10",0
"437",10,35,"2","56","2","4",1,NA,"7/17/2020","2,18,4,0,0","Sophie","","9/2/2020","0,0,0,0,04",0
"438",10,36,"2","72","5","1",1,NA,"7/17/2020","0,0,0,0,0","Sophie","","9/2/2020","0,6,4,3,0",0
"439",10,37,"2","57","1","1",1,NA,"7/17/2020","0,0,0,22,0","Sophie","","9/2/2020","0,0,0,0,0",0
"440",10,38,"2","57","1","3",1,NA,"7/17/2020","0,0,0,0,0","Sophie","","9/2/2020","11,26,0,30,10",0
"441",10,39,"2","79","3","5",1,NA,"7/17/2020","25,13,0,0,0","Sophie","","9/2/2020","40,10,4,0,0",0
"442",10,40,"2","68","4","4",1,NA,"7/17/2020","0,3,0,0,24","Sophie","","9/2/2020","100,100,100,0,0",0
"443",10,41,"4","15","2","1",1,NA,"7/17/2020","too small","Sophie","","9/2/2020","0,5,2,5,5",0
"444",10,42,"4","5","4","4",1,NA,"7/17/2020","0,0,0,0,02","Sophie","","9/2/2020","0,4,0,0,0",0
"445",10,43,"4","32","1","4",1,NA,"7/17/2020","0","Sophie","","9/2/2020","0",1
"446",10,44,"4","61","1","1",1,NA,"7/17/2020","0,14,9,0,0","Sophie","","9/2/2020","100,100,100,6,4",0
"447",10,45,"4","31","3","2",1,NA,"7/17/2020","0,0,0,0,0","Sophie","","9/2/2020","100,100,0,0,0",0
"448",10,46,"4","47","4","2",1,NA,"7/17/2020","0,0,0,0,22","Sophie","","9/2/2020","7,4,100,100,100",0
"449",11,1,"1","64","1","1",1,NA,"7/17/2020","44,0,0,0,0","Sophie","no living tissue","9/1/2020","0",1
"450",11,2,"1","3","4","1",1,NA,"7/17/2020","38,0,0,0,0","Sophie","","9/1/2020","0,0,0,0,2",0
"451",11,3,"1","11","1","3",1,NA,"7/17/2020","0,0,0,0,0","Sophie","","9/1/2020","4,2,4,0,0",0
"452",11,4,"1","11","3","2",1,NA,"7/17/2020","0,0,0,0,04","Sophie","no living tissue","9/1/2020","0",1
"453",11,5,"1","18","3","1",1,NA,"7/17/2020","13,0,2,0,0","Sophie","","9/1/2020","4,4,0,0,0",0
"454",11,6,"1","29","4","1",0,NA,"7/17/2020","0","Sophie","","9/1/2020","0",1
"455",11,7,"1","35","5","3",1,NA,"7/17/2020","16,0,0,0,0","Sophie","","9/1/2020","0,3,4,0,2",0
"456",11,8,"1","64","1","4",1,NA,"7/17/2020","0,0,0,0,0","Sophie","","9/1/2020","2,5,0,4,0",0
"457",11,9,"1","2","1","2",1,NA,"7/17/2020","35,0,0,8,2","Sophie","","9/1/2020","0,5,0,0,0",0
"458",11,10,"1","64","5","1",1,NA,"7/17/2020","1,6,0,21,0","Sophie","","9/1/2020","7,25,5,0,3",0
"459",11,11,"1","36","1","2",1,NA,"7/17/2020","0,0,0,0,03","Sophie","","9/1/2020","6,4,6,0,0",0
"460",11,12,"1","67","5","5",1,NA,"7/17/2020","0,0,0,0,06","Sophie","","9/1/2020","15,5,4,0,70",0
"461",11,13,"1","61","1","5",1,NA,"7/17/2020","0,0,0,0,0","Sophie","","9/1/2020","8,6,6,0,100",0
"462",11,14,"1","74","2","2",1,NA,"7/17/2020","too small","Sophie","","9/1/2020","4,42,0,100,100",0
"463",11,15,"1","68","2","5",1,NA,"7/17/2020","4,0,0,22,0","Sophie","","9/1/2020","30,45,0,0,100",0
"464",11,16,"1","29","2","2",0,NA,"7/17/2020","0","Sophie","","9/1/2020","0",1
"465",11,17,"1","40","5","1",1,NA,"7/17/2020","27,0,0,1,23","Sophie","","9/1/2020","0,0,28,0,18",0
"466",11,18,"1","1","2","4",1,NA,"7/17/2020","0,0,0,0,01","Sophie","","9/1/2020","2,5,22,0,4",0
"467",11,19,"1","74","1","5",1,NA,"7/17/2020","0,8,0,0,46","Sophie","","9/1/2020","0,0,25,60,0",0
"468",11,20,"1","2","4","5",1,NA,"7/17/2020","12,0,0,0,0","Sophie","","9/1/2020","0,8,10,20,5",0
"469",11,21,"1","4","2","4",1,NA,"7/17/2020","9,81,0,22,0","Sophie","","9/1/2020","0,0,1,1,0",0
"470",11,22,"1","9","1","2",1,NA,"7/17/2020","0,0,0,0,03","Sophie","","9/1/2020","90,5,0,6,0",0
"471",11,23,"1","39","5","1",1,NA,"7/17/2020","9,12,0,0,0","Sophie","","9/1/2020","2,2,2,0,14",0
"472",11,24,"4","57","2","1",1,NA,"7/17/2020","0,0,0,0,0","Sophie","","9/1/2020","9,0,0,1,0",0
"473",11,25,"4","17","4","1",1,NA,"7/17/2020","0","Sophie","","9/1/2020","0",1
"474",11,26,"4","67","1","3",1,NA,"7/17/2020","7,2,0,0,0","Sophie","","9/1/2020","6,4,8,4,5",0
"475",11,27,"4","42","2","4",1,NA,"7/17/2020","55,27,2,0,2","Sophie","","9/1/2020","1,0,2,2,0",0
"476",11,28,"4","12","2","1",1,NA,"7/17/2020","0,0,0,0,0","Sophie","","9/1/2020","0,6,3,6,0",0
"477",11,29,"4","30","2","1",1,NA,"7/17/2020","0,0,0,0,012","Sophie","","9/1/2020","0,0,8,5,5",0
"478",11,30,"4","4","4","1",1,NA,"7/17/2020","0,0,0,0,0","Sophie","","9/1/2020","4,3,6,5,64",0
"479",11,31,"4","17","4","5",1,NA,"7/17/2020","0,0,0,0,0","Sophie","","9/1/2020","23,6,50,6,40",0
"480",11,32,"4","35","4","3",1,NA,"7/17/2020","0,0,0,0,0","Sophie","","9/1/2020","25,5,0,0,2",0
"481",11,33,"4","68","5","5",1,NA,"7/17/2020","0,0,0,0,04","Sophie","","9/1/2020","0,0,0,3,5",0
"482",11,34,"4","67","1","2",1,NA,"7/17/2020","0,0,0,0,09","Sophie","","9/1/2020","0,0,0,0,0",0
"483",11,35,"4","40","3","2",1,NA,"7/17/2020","12,0,0,6,0","Sophie","","9/1/2020","0,4,2,0,2",0
"484",11,36,"4","68","5","4",1,NA,"7/17/2020","0,0,0,0,06","Sophie","","9/1/2020","0,7,5,5,5",0
"485",11,37,"4","4","2","1",1,NA,"7/17/2020","0","Sophie","","9/1/2020","0",1
"486",11,38,"4","28","1","2",1,NA,"7/17/2020","60,0,3,0,0","Sophie","","9/1/2020","0,0,7,0,0",0
"487",11,39,"4","26","1","4",1,NA,"7/17/2020","0,0,0,0,0","Sophie","","9/1/2020","0,0,3,13,8",0
"488",11,40,"4","6","3","4",0,NA,"7/17/2020","0","Sophie","","9/1/2020","0",1
"489",11,41,"4","16","1","1",1,NA,"7/17/2020","0,0,0,0,0","Sophie","","9/1/2020","0,0,0,0,0",0
"490",11,42,"4","42","1","4",0,NA,"7/17/2020","0","Sophie","","9/1/2020","0",1
"491",11,43,"4","41","1","4",1,NA,"7/17/2020","98,0,0,0,0","Sophie","","9/1/2020","0,0,0,0,01",0
"492",11,44,"4","21","3","3",1,NA,"7/17/2020","0,15,0,0,0","Sophie","","9/1/2020","0,18,0,0,0",0
"493",11,45,"4","35","3","3",1,NA,"7/17/2020","41,0,0,17,14","Sophie","","9/1/2020","42,7,1,6,0",0
"494",11,46,"4","31","1","5",1,NA,"7/17/2020","0,2,2,2,0","Sophie","","9/1/2020","8,0,20,18,38",0
"495",12,1,"3","7","1","1",1,NA,"7/17/2020","0,46,0,0,18","Sophie","","9/1/2020","0,0,0,0,12",0
"496",12,2,"3","1","3","2",1,NA,"7/17/2020","13,0,0,0,0","Sophie","","9/1/2020","10,10,0,0,0",0
"497",12,3,"3","47","4","3",1,NA,"7/17/2020","0,17,0,10,0","Sophie","","9/1/2020","10,4,0,0,0",0
"498",12,4,"3","61","1","3",1,NA,"7/17/2020","3,0,0,6,0","Sophie","","9/1/2020","0,0,0,0,03",0
"499",12,5,"3","46","1","2",1,NA,"7/17/2020","16,0,0,0,0","Sophie","","9/1/2020","0,0,0,0,03",0
"500",12,6,"3","79","2","2",1,NA,"7/17/2020","0,0,0,40,0","Sophie","","9/1/2020","0,0,0,0,0",0
"501",12,7,"3","9","1","4",1,NA,"7/17/2020","2,0,0,0,8","Sophie","","9/1/2020","6,5,6,0,0",0
"502",12,8,"3","32","1","1",1,NA,"7/17/2020","12,0,5,0,0","Sophie","","9/1/2020","22,7,2,4,7",0
"503",12,9,"3","7","2","4",0,NA,"7/17/2020","0","Sophie","","9/1/2020","0",1
"504",12,10,"3","72","5","4",1,NA,"7/17/2020","0,0,0,0,05","Sophie","","9/1/2020","6,0,0,0,3",0
"505",12,11,"3","47","1","4",1,NA,"7/17/2020","0,0,0,0,25","Sophie","","9/1/2020","22,0,0,0,2",0
"506",12,12,"3","62","2","2",1,NA,"7/17/2020","44,9,0,7,0","Sophie","","9/1/2020","0",1
"507",12,13,"3","46","3","2",0,NA,"7/17/2020","0","Sophie","","9/1/2020","0,8,2,45,15",0
"508",12,14,"3","41","2","3",1,NA,"7/17/2020","0,7,0,0,2","Sophie","","9/1/2020","50,3,0,02,0",0
"509",12,15,"3","67","4","1",1,NA,"7/17/2020","3,0,10,0,0","Sophie","","9/1/2020","25,0,10,5,0",0
"510",12,16,"3","67","4","2",1,NA,"7/17/2020","0,0,0,0,0","Sophie","","9/1/2020","0,0,0,0,04",0
"511",12,17,"3","8","1","2",1,NA,"7/17/2020","0,0,0,0,04","Sophie","","9/1/2020","0,1,2,42,0",0
"512",12,18,"3","36","5","2",1,NA,"7/17/2020","0,0,0,0,022","Sophie","","9/1/2020","0,0,0,0,02",0
"513",12,19,"3","57","5","5",1,NA,"7/17/2020","0,0,0,0,05","Sophie","","9/1/2020","5,0,8,7,12",0
"514",12,20,"3","68","2","3",1,NA,"7/17/2020","7,5,4,0,0","Sophie","","9/1/2020","6,8,16,0,4",0
"515",12,21,"3","23","1","1",1,NA,"7/17/2020","0,0,0,0,0","Sophie","","9/1/2020","60,30,0,30,15",0
"516",12,22,"1","21","4","3",1,NA,"7/17/2020","0,0,0,0,02","Sophie","","9/1/2020","3,6,2,0,0",0
"517",12,23,"1","6","1","1",1,NA,"7/17/2020","0,0,0,0,0","Sophie","","9/1/2020","0,0,0,0,10",0
"518",12,24,"4","17","3","4",1,NA,"7/17/2020","4,22,0,0,8","Sophie","","9/1/2020","22,4,0,4,6",0
"519",12,25,"4","57","4","4",1,NA,"7/17/2020","0","Sophie","","9/1/2020","5,0,2,1,5",0
"520",12,26,"4","29","5","3",1,NA,"7/17/2020","0,0,0,0,03","Sophie","","9/1/2020","0,0,0,0,0",0
"521",12,27,"4","6","1","2",1,NA,"7/17/2020","0,0,0,0,2","Sophie","","9/1/2020","0,0,0,0,02",0
"522",12,28,"4","17","2","3",0,NA,"7/17/2020","0","Sophie","","9/1/2020","0",1
"523",12,29,"4","41","1","3",1,NA,"7/17/2020","0,0,0,0,05","Sophie","","9/1/2020","0,2,3,0,4",0
"524",12,30,"4","14","4","3",1,NA,"7/17/2020","0,3,2,0,4","Sophie","","9/1/2020","38,8,0,0,0",0
"525",12,31,"4","51","4","1",1,NA,"7/17/2020","0,0,0,0,04","Sophie","","9/1/2020","3,3,53,0,0",0
"526",12,32,"4","28","4","4",1,NA,"7/17/2020","0,0,0,0,04","Sophie","","9/1/2020","0,0,0,14,6",0
"527",12,33,"4","35","5","2",1,NA,"7/17/2020","0,0,0,0,03","Sophie","","9/1/2020","0,18,0,4,0",0
"528",12,34,"4","61","1","2",1,NA,"7/17/2020","0,1,28,0,40","Sophie","","9/1/2020","0,4,4,0,0",0
"529",12,35,"4","72","3","3",1,NA,"7/17/2020","0,0,4,3,0","Sophie","","9/1/2020","10,0,0,0,8",0
"530",12,36,"4","14","4","1",1,NA,"7/17/2020","88,78,42,95,79","Sophie","","9/1/2020","100,100,100,100,100",0
"531",12,37,"4","40","4","1",1,NA,"7/17/2020","0,0,0,0,04","Sophie","","9/1/2020","0,0,0,0,04",0
"532",12,38,"4","57","2","5",1,NA,"7/17/2020","25,15,0,0,0","Sophie","","9/1/2020","0,0,0,0,0",0
"533",12,39,"4","68","1","1",1,NA,"7/17/2020","0,0,0,0,0","Sophie","","9/1/2020","0,0,0,0,0",0
"534",12,40,"4","45","2","2",1,NA,"7/17/2020","0,0,0,0,0","Sophie","","9/1/2020","100,100,100,100,100",0
"535",12,41,"4","13","1","2",1,NA,"7/17/2020","too small","Sophie","","9/1/2020","0,0,0,0,0",0
"536",12,42,"4","47","5","3",1,NA,"7/17/2020","0,0,0,0,0","Sophie","","9/1/2020","100,100,100,100,0",0
"537",12,43,"4","19","1","5",1,NA,"7/17/2020","0,0,0,0,0","Sophie","very eaten","9/1/2020","0",1
"538",12,44,"4","64","5","2",1,NA,"7/17/2020","0,0,0,0,3","Sophie","very eaten","9/1/2020","100,100,100,100,100",0
"539",12,45,"4","21","5","5",1,NA,"7/17/2020","2,0,0,14,0","Sophie","very eaten","9/1/2020","100,100,100,100,100",0
"540",12,46,"4","21","5","4",1,NA,"7/17/2020","0,0,0,0,06","Sophie","","9/1/2020","0,9,0,45,20",0
"541",13,1,"3","72","2","2",1,NA,"7/17/2020","0,0,0,0,0","Sophie","","9/1/2020","0,0,0,14,3",0
"542",13,2,"3","39","3","1",1,NA,"7/17/2020","5,1,0,0,0","Sophie","","9/1/2020","0,0,0,0,0",0
"543",13,3,"3","13","1","3",1,NA,"7/17/2020","0,25,0,27,0","Sophie","","9/1/2020","18,4,20,22,28",0
"544",13,4,"3","41","1","4",1,NA,"7/17/2020","0,0,0,0,0","Sophie","","9/1/2020","5,0,0,0,45",0
"545",13,5,"3","77","2","5",0,NA,"7/17/2020","0","Sophie","","9/1/2020","0",1
"546",13,6,"3","35","5","5",1,NA,"7/17/2020","0,0,0,22,65","Sophie","","9/1/2020","100,100,100,0,0",0
"547",13,7,"3","20","2","2",0,NA,"7/17/2020","0","Sophie","","9/1/2020","0",1
"548",13,8,"3","42","2","5",1,NA,"7/17/2020","0,0,0,0,04","Sophie","","9/1/2020","10,60,5,8,0",0
"549",13,9,"3","77","4","4",1,NA,"7/17/2020","2,3,0,83,2","Sophie","","9/1/2020","3,6,2,12,20",0
"550",13,10,"3","49","1","1",1,NA,"7/17/2020","0,0,0,0,20","Sophie","","9/1/2020","0,0,0,0,0",0
"551",13,11,"3","49","2","4",1,NA,"7/17/2020","0","Sophie","","9/1/2020","12,40,25,0,0",0
"552",13,12,"3","13","3","3",0,NA,"7/17/2020","0","Sophie","","9/1/2020","0",1
"553",13,13,"3","17","1","2",1,NA,"7/17/2020","0,0,0,0,0","Sophie","","9/1/2020","0,0,0,0,03",0
"554",13,14,"3","61","5","3",1,NA,"7/17/2020","70,0,0,0,50","Sophie","","9/1/2020","0,0,100,100,100",0
"555",13,15,"3","62","1","4",1,NA,"7/17/2020","0,5,0,0,15","Sophie","","9/1/2020","0,0,0,0,25",0
"556",13,16,"3","61","4","3",1,NA,"7/17/2020","0,0,0,0,01","Sophie","","9/1/2020","0,0,25,35,0",0
"557",13,17,"3","14","1","2",1,NA,"7/17/2020","0,0,0,0,0","Sophie","","9/1/2020","85,95,95,98,100",0
"558",13,18,"3","14","5","5",1,NA,"7/17/2020","0,2,0,0,6","Sophie","","9/1/2020","30,5,0,0,0",0
"559",13,19,"3","72","3","2",1,NA,"7/17/2020","15,28,0,0,0","Sophie","","9/1/2020","65,50,0,7,48",0
"560",13,20,"3","20","5","5",1,NA,"7/17/2020","0,0,3,3,0","Sophie","","9/1/2020","0,6,5,3,1",0
"561",13,21,"3","19","3","1",1,NA,"7/17/2020","0,25,5,0,4","Sophie","","9/1/2020","5,0,4,0,0",0
"562",13,22,"3","46","3","3",1,NA,"7/17/2020","0,0,0,0,0","Sophie","","9/1/2020","0,3,0,0,3",0
"563",13,23,"3","56","4","3",1,NA,"7/17/2020","0,0,3,1,8","Sophie","","9/1/2020","0,62,20,0,18",0
"564",13,24,"3","11","2","3",1,NA,"7/17/2020","11,3,1,0,0","Sophie","","9/1/2020","0,0,0,0,0",0
"565",13,25,"3","62","2","4",1,NA,"7/17/2020","4,6,0,1,0","Sophie","","9/1/2020","8,12,8,0,28",0
"566",13,26,"4","49","1","2",1,NA,"7/17/2020","2,55,0,0,0","Sophie","","9/1/2020","0,0,0,0,10",0
"567",13,27,"4","1","2","3",1,NA,"7/17/2020","13,2,0,0,0","Sophie","","9/1/2020","0,0,8,5,0",0
"568",13,28,"4","11","1","1",1,NA,"7/17/2020","0,0,0,0,02","Sophie","","9/1/2020","25,3,5,0,3",0
"569",13,29,"4","12","1","2",1,NA,"7/17/2020","10,0,0,2,6","Sophie","","9/1/2020","3,8,2,6,50",0
"570",13,30,"4","7","5","1",1,NA,"7/17/2020","58,13,20,7,10","Sophie","","9/1/2020","3,2,45,58,5",0
"571",13,31,"4","1","2","5",1,NA,"7/17/2020","0,0,0,0,013","Sophie","","9/1/2020","0,0,0,0,0",0
"572",13,32,"4","61","3","4",1,NA,"7/17/2020","0,0,0,0,03","Sophie","","9/1/2020","0,2,5,5,0",0
"573",13,33,"4","57","1","5",0,NA,"7/17/2020","0","Sophie","","9/1/2020","0",1
"574",13,34,"4","35","2","4",1,NA,"7/17/2020","0,0,6,5,0","Sophie","no living tissue","9/1/2020","0",1
"575",13,35,"4","6","5","3",1,NA,"7/17/2020","0,4,0,2,3","Sophie","","9/1/2020","2,3,0,0,7",0
"576",13,36,"4","79","4","3",1,NA,"7/17/2020","0,0,5,2,0","Sophie","","9/1/2020","0,30,4,0,0",0
"577",13,37,"4","39","5","4",1,NA,"7/17/2020","0,0,0,0,07","Sophie","","9/1/2020","0,6,30,12",0
"578",13,38,"4","9","2","5",1,NA,"7/17/2020","0","Sophie","","9/1/2020","0,0,0,0,05",0
"579",13,39,"4","5","1","3",1,NA,"7/17/2020","6,7,28,8,4","Sophie","","9/1/2020","28,4,50,0,2",0
"580",13,40,"4","56","2","2",1,NA,"7/17/2020","0","Sophie","","9/1/2020","0",1
"581",13,41,"4","12","1","3",0,NA,"7/17/2020","0","Sophie","","9/1/2020","0",1
"582",13,42,"4","19","5","5",1,NA,"7/17/2020","0,0,0,0,02","Sophie","","9/1/2020","15,0,25,55,0",0
"583",13,43,"4","1","3","1",0,NA,"7/17/2020","0","Sophie","","9/1/2020","0",1
"584",13,44,"4","27","3","2",1,NA,"7/17/2020","3,0,0,20,3","Sophie","","9/1/2020","2,1,0,62,2",0
"585",13,45,"4","19","5","1",1,NA,"7/17/2020","0,0,0,0,0","Sophie","","9/1/2020","0,85,100,0,0",0
"586",13,46,"4","68","1","2",1,NA,"7/17/2020","0,0,0,0,0","Sophie","","9/1/2020","4,8,20,0,98",0
"587",14,1,"3","57","2","3",1,NA,"7/17/2020","0,0,0,0,035","Sophie","","9/1/2020","0,0,12,12,0",0
"588",14,2,"3","21","4","5",1,NA,"7/17/2020","13,40,0,0,0","Sophie","","9/1/2020","0,0,0,0,0",0
"589",14,3,"3","21","1","3",1,NA,"7/17/2020","0,0,0,0,09","Sophie","","9/1/2020","10,0,4,0,0",0
"590",14,4,"3","11","1","4",0,NA,"7/17/2020","0","Sophie","","9/1/2020","0",1
"591",14,5,"3","41","2","1",1,NA,"7/17/2020","0,0,0,0,03","Sophie","","9/1/2020","0,0,0,0,022",0
"592",14,6,"3","4","1","5",1,NA,"7/17/2020","0,0,0,0,09","Sophie","","9/1/2020","0,0,10,0,3",0
"593",14,7,"3","21","1","4",1,NA,"7/17/2020","2,0,4,0,0","Sophie","","9/1/2020","4,0,0,18,11",0
"594",14,8,"3","7","1","5",1,NA,"7/17/2020","3,4,0,0,0","Sophie","","9/1/2020","15,56,33,33,100",0
"595",14,9,"3","19","3","4",1,NA,"7/17/2020","0,0,0,0,0","Sophie","","9/1/2020","6,7,0,0,0",0
"596",14,10,"3","57","3","1",1,NA,"7/17/2020","8,3,0,0,0","Sophie","","9/1/2020","0,0,0,0,03",0
"597",14,11,"3","74","2","4",1,NA,"7/17/2020","0,0,0,0,01","Sophie","","9/1/2020","22,8,5,3,16",0
"598",14,12,"3","35","3","1",1,NA,"7/17/2020","0,0,0,0,0","Sophie","","9/1/2020","4,6,0,0,0",0
"599",14,13,"3","29","2","1",1,NA,"7/17/2020","23,0,0,0,0","Sophie","","9/1/2020","0",1
"600",14,14,"3","13","2","4",1,NA,"7/17/2020","18,0,8,0,4","Sophie","","9/1/2020","0,12,8,0,4",0
"601",14,15,"3","77","5","4",1,NA,"7/17/2020","0,0,0,0,0","Sophie","","9/1/2020","0,0,4,3,0",0
"602",14,16,"3","35","2","5",1,NA,"7/17/2020","2,20,0,0,0","Sophie","","9/1/2020","58,0,2,2,9",0
"603",14,17,"3","47","3","2",1,NA,"7/17/2020","0,0,0,0,02","Sophie","","9/1/2020","3,0,4,3,2",0
"604",14,18,"3","62","4","3",1,NA,"7/17/2020","4,0,0,4,0","Sophie","","9/1/2020","0,0,0,0,035",0
"605",14,19,"3","30","4","2",1,NA,"7/17/2020","0,0,0,0,0","Sophie","","9/1/2020","0,0,0,0,045",0
"606",14,20,"3","31","4","3",1,NA,"7/17/2020","0,0,0,0,0","Sophie","","9/1/2020","2,7,1,3,2",0
"607",14,21,"3","46","4","2",1,NA,"7/17/2020","0,4,7,2,0","Sophie","","9/1/2020","0,38,2,9,0",0
"608",14,22,"3","49","3","3",1,NA,"7/17/2020","3,3,4,2,0","Sophie","","9/1/2020","7,3,0,6,0",0
"609",14,23,"3","49","4","1",1,NA,"7/17/2020","0,0,0,0,0","Sophie","","9/1/2020","0,9,6,0,7",0
"610",14,24,"3","31","4","4",1,NA,"7/17/2020","3,4,0,0,0","Sophie","","9/1/2020","0,0,0,4,3",0
"611",14,25,"3","40","4","2",1,NA,"7/17/2020","3,3,0,0,0","Sophie","","9/1/2020","0,0,0,0,0",0
"612",14,26,"4","13","2","5",1,NA,"7/17/2020","22,6,0,0,0","Sophie","","9/1/2020","38,20,0,8,0",0
"613",14,27,"4","6","5","2",1,NA,"7/17/2020","18,0,0,0,1","Sophie","","9/1/2020","0,4,2,2,2",0
"614",14,28,"4","46","5","2",1,NA,"7/17/2020","0,0,0,0,08","Sophie","","9/1/2020","92,8,14,72,65",0
"615",14,29,"4","19","1","2",1,NA,"7/17/2020","6,1,5,0,5","Sophie","","9/1/2020","0,2,3,2,2",0
"616",14,30,"4","47","2","1",1,NA,"7/17/2020","0,0,0,0,01","Sophie","","9/1/2020","48,0,22,28,3",0
"617",14,31,"4","2","1","3",1,NA,"7/17/2020","0,0,0,0,028","Sophie","","9/1/2020","0,0,0,0,0",0
"618",14,32,"4","12","2","3",1,NA,"7/17/2020","48,50,4,3,0","Sophie","","9/1/2020","40,0,3,0,2",0
"619",14,33,"4","13","3","5",0,NA,"7/17/2020","0","Sophie","","9/1/2020","0",1
"620",14,34,"4","5","4","3",1,NA,"7/17/2020","6,5,0,4,0","Sophie","","9/1/2020","0,10,0,0,3",0
"621",14,35,"4","79","2","4",1,NA,"7/17/2020","0","Sophie","","9/1/2020","0",1
"622",14,36,"4","41","2","2",1,NA,"7/17/2020","4,8,0,0,0","Sophie","","9/1/2020","3,3,2,3,0",0
"623",14,37,"4","35","4","2",1,NA,"7/17/2020","30,0,0,0,0","Sophie","","9/1/2020","30,5,0,0,0",0
"624",14,38,"4","17","1","5",1,NA,"7/17/2020","5,0,0,6,0","Sophie","","9/1/2020","0,3,0,18,7",0
"625",14,39,"4","13","2","1",1,NA,"7/17/2020","45,0,0,78,35","Sophie","","9/1/2020","0,8,0,0,52",0
"626",14,40,"4","12","4","2",1,NA,"7/17/2020","0,0,0,0,0","Sophie","","9/1/2020","0,0,0,0,0",0
"627",14,41,"4","19","2","4",1,NA,"7/17/2020","0,0,0,0,0","Sophie","","9/1/2020","2,7,0,0,0",0
"628",14,42,"4","39","1","5",1,NA,"7/17/2020","0,0,0,0,03","Sophie","","9/1/2020","0,0,0,100,100",0
"629",14,43,"4","41","1","2",1,NA,"7/17/2020","19,6,0,0,0","Sophie","","9/1/2020","10,5,4,16,3",0
"630",14,44,"4","20","2","1",0,NA,"7/17/2020","0","Sophie","","9/1/2020","0",1
"631",14,45,"4","5","1","5",1,NA,"7/17/2020","0,5,0,0,4","Sophie","no living tissue","9/1/2020","0",1
"632",14,46,"4","35","5","1",1,NA,"7/17/2020","0,0,75,20,0","Sophie","","9/1/2020","40,0,0,15,0",0
"633",15,1,"3","4","5","4",1,NA,"7/16/2020","0,0,0,0,0","Sophie","","9/1/2020","12,2,0,0,0",0
"634",15,2,"3","29","3","4",0,NA,"7/16/2020","0","Sophie","","9/1/2020","0",1
"635",15,3,"3","41","1","3",1,NA,"7/16/2020","0,0,0,0,0","Sophie","no living tissue","9/1/2020","0",1
"636",15,4,"3","27","4","2",1,NA,"7/16/2020","14,0,15,8,9","Sophie","","9/1/2020","100,100,100,100,0",0
"637",15,5,"3","46","4","3",1,NA,"7/16/2020","0,0,0,0,0","Sophie","","9/1/2020","4,36,100,98,98",0
"638",15,6,"3","31","2","3",1,NA,"7/16/2020","20,0,0,0,6","Sophie","","9/1/2020","10,0,0,20,18",0
"639",15,7,"3","17","4","3",1,NA,"7/16/2020","0,0,0,0,04","Sophie","","9/1/2020","59,0,100,100,0",0
"640",15,8,"3","57","2","4",1,NA,"7/16/2020","2,0,0,0,1","Sophie","","9/1/2020","18,0,0,0,3",0
"641",15,9,"3","18","3","3",1,NA,"7/16/2020","0,0,0,0,0","Sophie","","9/1/2020","0,0,0,13,18",0
"642",15,10,"3","8","3","2",1,NA,"7/16/2020","0,0,0,0,095","Sophie","","9/1/2020","0,0,0,0,0",0
"643",15,11,"3","68","2","2",1,NA,"7/16/2020","18,3,2,5,6","Sophie","","9/1/2020","7,25,3,2,4",0
"644",15,12,"3","68","4","2",1,NA,"7/16/2020","0,0,0,0,0","Sophie","","9/1/2020","4,6,0,0,5",0
"645",15,13,"3","27","3","4",1,NA,"7/16/2020","20,0,25,31,98","Sophie","","9/1/2020","4,4,68,8,7",0
"646",15,14,"3","17","3","3",1,NA,"7/16/2020","0,0,0,0,0","Sophie","","9/1/2020","0,5,0,4,1",0
"647",15,15,"3","14","3","3",1,NA,"7/16/2020","0,0,0,0,5","Sophie","","9/1/2020","0,4,5,0,0",0
"648",15,16,"3","1","5","5",1,NA,"7/16/2020","6,0,0,4,4","Sophie","","9/1/2020","30,4,3,23,16",0
"649",15,17,"3","57","3","4",1,NA,"7/16/2020","0,0,0,0,18","Sophie","","9/1/2020","12,4,0,0,0",0
"650",15,18,"3","21","2","1",1,NA,"7/16/2020","0,0,0,0,30","Sophie","","9/1/2020","0,0,0,0,0",0
"651",15,19,"3","20","3","4",0,NA,"7/16/2020","0","Sophie","","9/1/2020","0",1
"652",15,20,"3","27","3","1",1,NA,"7/16/2020","0,1,0,2,28","Sophie","","9/1/2020","14,4,4,0,4",0
"653",15,21,"3","67","2","4",1,NA,"7/16/2020","9,0,3,4,0","Sophie","","9/1/2020","64,0,0,0,0",0
"654",15,22,"3","7","4","1",1,NA,"7/16/2020","0,0,0,0,0","Sophie","","9/1/2020","0,0,4,13,24",0
"655",15,23,"3","27","5","4",1,NA,"7/16/2020","0,3,1,3,2","Sophie","","9/1/2020","5,4,3,6,1",0
"656",15,24,"3","68","3","1",1,NA,"7/16/2020","0,0,0,2,21","Sophie","","9/1/2020","35,25,0,0,2",0
"657",15,25,"3","74","1","2",1,NA,"7/16/2020","0,6,3,0,0","Sophie","","9/1/2020","0,5,12,0,3",0
"658",15,26,"4","29","3","1",1,NA,"7/16/2020","0,0,0,0,0","Sophie","","9/1/2020","0,0,0,0,0",0
"659",15,27,"4","29","2","4",0,NA,"7/16/2020","0","Sophie","","9/1/2020","0",1
"660",15,28,"4","15","3","3",1,NA,"7/16/2020","0,0,0,78,40","Sophie","","9/1/2020","25,0,0,0,1",0
"661",15,29,"4","14","2","5",1,NA,"7/16/2020","8,1,3,2,1","Sophie","","9/1/2020","0,1,24,0,42",0
"662",15,30,"4","31","3","5",1,NA,"7/16/2020","23,0,0,0,25","Sophie","","9/1/2020","0,2,3,38,90",0
"663",15,31,"4","69","1","1",1,NA,"7/16/2020","0,0,0,0,0","Sophie","","9/1/2020","19,3,1,0,1",0
"664",15,32,"4","77","2","3",0,NA,"7/16/2020","0","Sophie","","9/1/2020","0",1
"665",15,33,"4","4","5","1",1,NA,"7/16/2020","0,3,55,0,0","Sophie","","9/1/2020","0,15,10,8,16",0
"666",15,34,"4","11","3","4",0,NA,"7/16/2020","0","Sophie","","9/1/2020","0",1
"667",15,35,"4","57","4","1",1,NA,"7/16/2020","15,1,3,0,1","Sophie","","9/1/2020","0,0,0,0,5",0
"668",15,36,"4","72","4","2",1,NA,"7/16/2020","0,0,0,0,46","Sophie","","9/1/2020","7,0,0,18,3",0
"669",15,37,"4","5","1","1",1,NA,"7/16/2020","0,0,0,0,03","Sophie","","9/1/2020","0,1,0,5,68",0
"670",15,38,"4","56","4","5",1,NA,"7/16/2020","60,0,0,0,0","Sophie","","9/1/2020","3,1,48,30,6",0
"671",15,39,"4","40","2","5",1,NA,"7/16/2020","0,0,0,0,02","Sophie","","9/1/2020","0,4,0,0,5",0
"672",15,40,"4","9","1","1",1,NA,"7/16/2020","1,4,0,0,0","Sophie","","9/1/2020","0,7,45,20,6",0
"673",15,41,"4","40","3","3",1,NA,"7/16/2020","10,0,0,2,0","Sophie","","9/1/2020","0,28,25,15,5",0
"674",15,42,"4","3","3","4",1,NA,"7/16/2020","7,0,8,0,15","Sophie","","9/1/2020","0,0,0,0,8",0
"675",15,43,"4","20","5","2",1,NA,"7/16/2020","0,0,0,0,0","Sophie","","9/1/2020","0,10,0,3,2",0
"676",15,44,"4","3","2","1",1,NA,"7/16/2020","0,0,0,0,0","Sophie","","9/1/2020","0,0,18,25,50",0
"677",15,45,"4","41","4","5",1,NA,"7/16/2020","0,0,0,0,07","Sophie","","9/1/2020","0,0,0,0,0",0
"678",15,46,"4","18","4","5",0,NA,"7/16/2020","0","Sophie","","9/1/2020","0",1
"679",16,1,"3","15","4","2",1,NA,"7/16/2020","0,0,0,0,0","Sophie","","8/31/2020","0,0,0,0,28",0
"680",16,2,"3","57","4","2",1,NA,"7/16/2020","100,100,100,100,100","Sophie","","8/31/2020","0",1
"681",16,3,"3","27","1","1",0,NA,"7/16/2020","0","Sophie","","8/31/2020","0",1
"682",16,4,"3","77","2","1",1,NA,"7/16/2020","0,0,0,0,08","Sophie","","8/31/2020","0,0,0,0,10",0
"683",16,5,"3","29","4","4",1,NA,"7/16/2020","0,55,80,0,29","Sophie","","8/31/2020","28,0,0,21,0",0
"684",16,6,"3","21","3","2",1,NA,"7/16/2020","2,1,10,0,0","Sophie","","8/31/2020","0,4,5,0,0",0
"685",16,7,"3","31","1","2",1,NA,"7/16/2020","0,0,0,0,0","Sophie","","8/31/2020","0,8,3,22,4",0
"686",16,8,"3","36","5","1",1,NA,"7/16/2020","0,0,0,0,03","Sophie","","8/31/2020","0,0,0,0,02",0
"687",16,9,"3","21","4","2",1,NA,"7/16/2020","0,0,0,0,05","Sophie","","8/31/2020","5,60,0,0,8",0
"688",16,10,"3","15","5","3",1,NA,"7/16/2020","0,5,0,0,2","Sophie","","8/31/2020","0,0,0,0,06",0
"689",16,11,"3","46","4","4",1,NA,"7/16/2020","0,0,0,0,01","Sophie","","8/31/2020","0,0,0,0,03",0
"690",16,12,"3","5","2","1",1,NA,"7/16/2020","0,3,2,0,2","Sophie","","8/31/2020","0,0,0,0,03",0
"691",16,13,"3","41","1","2",1,NA,"7/16/2020","0,4,3,0,57","Sophie","","8/31/2020","7,4,6,23,40",0
"692",16,14,"3","49","2","2",1,NA,"7/16/2020","0,0,0,0,0","Sophie","","8/31/2020","0,0,0,0,0",0
"693",16,15,"3","67","5","4",1,NA,"7/16/2020","0,0,0,0,0","Sophie","","8/31/2020","0,0,2,2,0",0
"694",16,16,"3","7","5","4",1,NA,"7/16/2020","0,0,0,0,0","Sophie","","8/31/2020","20,3,0,5,6",0
"695",16,17,"3","5","4","5",1,NA,"7/16/2020","12,5,20,5,1","Sophie","","8/31/2020","0,0,0,0,0",0
"696",16,18,"3","4","5","5",0,NA,"7/16/2020","0","Sophie","","8/31/2020","0",1
"697",16,19,"3","68","5","1",1,NA,"7/16/2020","0","Sophie","","8/31/2020","0",1
"698",16,20,"3","4","2","3",1,NA,"7/16/2020","0,0,0,8,0","Sophie","","8/31/2020","3,10,35,12,4",0
"699",16,21,"3","61","4","2",1,NA,"7/16/2020","0,0,0,50,19","Sophie","","8/31/2020","0,0,0,0,0",0
"700",16,22,"3","39","4","4",1,NA,"7/16/2020","0,10,8,0,0","Sophie","","8/31/2020","5,65,1,0,0",0
"701",16,23,"3","1","5","3",1,NA,"7/16/2020","75,----","Sophie","","8/31/2020","54,0,0,8,98",0
"702",16,24,"3","2","3","2",1,NA,"7/16/2020","0,0,0,0,0","Sophie","","8/31/2020","3,3,5,0,36",0
"703",16,25,"3","19","1","3",1,NA,"7/16/2020","0,0,0,0,034","Sophie","","8/31/2020","0,0,0,0,0",0
"704",16,27,"4","27","1","2",1,NA,"7/16/2020","15,35,45,8,14","Sophie","","8/31/2020","12,0,0,15,18",0
"705",16,28,"4","2","4","2",1,NA,"7/16/2020","4,2,1,0,0","Sophie","","8/31/2020","4,4,0,0,10",0
"706",16,29,"4","30","2","5",1,NA,"7/16/2020","0,0,1,2,2","Sophie","","8/31/2020","0,0,0,0,0",0
"707",16,30,"4","19","1","4",1,NA,"7/16/2020","0,0,0,0,025","Sophie","","8/31/2020","0,0,0,0,04",0
"708",16,31,"4","39","1","4",1,NA,"7/16/2020","0","Sophie","","8/31/2020","0",1
"709",16,32,"4","79","5","5",1,NA,"7/16/2020","17,3,2,3,2","Sophie","","8/31/2020","2,4,30,0,0",0
"710",16,33,"4","18","2","5",1,NA,"7/16/2020","4,1,3,0,1","Sophie","","8/31/2020","10,5,0,1,12",0
"711",16,34,"4","31","2","4",1,NA,"7/16/2020","3,0,0,65,7","Sophie","","8/31/2020","0",1
"712",16,35,"4","67","1","1",1,NA,"7/16/2020","20,0,2,4,4","Sophie","","8/31/2020","0,50,5,18,7",0
"713",16,36,"4","45","1","5",0,NA,"7/16/2020","0","Sophie","","8/31/2020","0",1
"714",16,37,"4","3","3","1",1,NA,"7/16/2020","3,23,0,0,28","Sophie","","8/31/2020","0,7,6,80,100",0
"715",16,38,"4","79","2","3",1,NA,"7/16/2020","25,60,100,100,-","Sophie","","8/31/2020","0,0,0,46,18",0
"716",16,39,"4","68","3","2",1,NA,"7/16/2020","16,0,50,0,50","Sophie","","8/31/2020","0,0,0,0,0",0
"717",16,40,"4","39","1","2",1,NA,"7/16/2020","0,0,0,0,50","Sophie","","8/31/2020","0,20,0,0,0",0
"718",16,41,"4","2","4","1",1,NA,"7/16/2020","4,0,0,0,0","Sophie","","8/31/2020","0,4,22,38,3",0
"719",16,42,"4","20","5","3",1,NA,"7/16/2020","15,0,25,3,16","Sophie","","8/31/2020","100,100,100,100,100",1
"720",16,43,"4","3","2","3",1,NA,"7/16/2020","0,0,0,0,0","Sophie","","8/31/2020","0,0,0,0,0",0
"721",16,44,"4","18","3","5",1,NA,"7/16/2020","0,0,0,0,0","Sophie","","8/31/2020","0,0,0,0,08",0
"722",16,45,"4","42","1","5",0,NA,"7/16/2020","0","Sophie","","8/31/2020","0",1
"723",16,46,"4","12","3","5",1,NA,"7/16/2020","0,0,0,0,15","Sophie","","8/31/2020","58,38,0,0,0",0
"724",17,1,"3","6","4","3",1,NA,"7/16/2020","0,0,0,0,22","Sophie","","8/31/2020","0,0,0,0,08",0
"725",17,2,"3","8","2","1",1,NA,"7/16/2020","17,0,0,0,60","Sophie","","8/31/2020","0,1,24,21,4",0
"726",17,3,"3","62","5","1",1,NA,"7/16/2020","0,0,0,0,3","Sophie","","8/31/2020","0,0,24,1,3",0
"727",17,4,"3","12","5","5",1,NA,"7/16/2020","4,0,0,9,2","Sophie","","8/31/2020","22,0,24,0,0",0
"728",17,5,"3","8","1","3",0,NA,"7/16/2020","0","Sophie","","8/31/2020","0",1
"729",17,6,"3","79","5","4",1,NA,"7/16/2020","5,12,0,0,6","Sophie","","8/31/2020","2,0,5,28,0",0
"730",17,7,"3","3","4","5",1,NA,"7/16/2020","2,0,0,0,0","Sophie","","8/31/2020","3,0,3,5,4",0
"731",17,8,"3","46","3","4",1,NA,"7/16/2020","17,0,0,0,0","Sophie","","8/31/2020","0,0,0,0,03",0
"732",17,9,"3","79","1","5",1,NA,"7/16/2020","5,2,0,1,3","Sophie","","8/31/2020","6,4,2,2,1",0
"733",17,10,"3","39","4","5",1,NA,"7/16/2020","0,0,0,0,0","Sophie","","8/31/2020","98,3,8,0,0",0
"734",17,11,"3","69","2","3",1,NA,"7/16/2020","0,0,0,1,1","Sophie","","8/31/2020","0,0,0,0,022",0
"735",17,12,"3","67","4","4",1,NA,"7/16/2020","10,3,0,0,0","Sophie","","8/31/2020","4,0,36,5,9",0
"736",17,13,"3","11","2","1",1,NA,"7/16/2020","3,0,8,3,0","Sophie","","8/31/2020","48,35,22,84,28",0
"737",17,14,"3","13","5","1",1,NA,"7/16/2020","0,0,2,1,3","Sophie","","8/31/2020","6,12,0,11,0",0
"738",17,15,"3","54","1","5",1,NA,"7/16/2020","0","Sophie","","8/31/2020","0",1
"739",17,16,"3","40","2","1",1,NA,"7/16/2020","0,0,0,0,0","Sophie","","8/31/2020","20,4,1,19,7",0
"740",17,17,"3","12","2","5",1,NA,"7/16/2020","12,0,0,0,0","Sophie","","8/31/2020","2,0,0,24,11",0
"741",17,18,"3","15","4","5",1,NA,"7/16/2020","0,0,0,0,0","Sophie","","8/31/2020","0,0,0,0,0",0
"742",17,19,"3","77","5","2",1,NA,"7/16/2020","40,0,4,0,0","Sophie","","8/31/2020","2,18,0,1,7",0
"743",17,20,"3","40","1","1",1,NA,"7/16/2020","2,3,0,0,0","Sophie","","8/31/2020","3,25,82,15,2",0
"744",17,21,"3","69","1","5",0,NA,"7/16/2020","0","Sophie","","8/31/2020","0",1
"745",17,22,"3","67","3","1",1,NA,"7/16/2020","1,0,0,0,0","Sophie","","8/31/2020","30,42,5,20,5",0
"746",17,23,"3","36","4","5",0,NA,"7/16/2020","0","Sophie","","8/31/2020","0",1
"747",17,24,"3","16","1","3",1,NA,"7/16/2020","47,0,0,0,0","Sophie","","8/31/2020","0,0,13,0,6",0
"748",17,25,"3","13","1","1",1,NA,"7/16/2020","5,0,0,0,0","Sophie","","8/31/2020","3,4,0,0,0",0
"749",17,26,"4","18","1","5",1,NA,"7/16/2020","1,1,2,60,0","Sophie","","8/31/2020","0,5,40,0,6",0
"750",17,27,"4","61","3","2",1,NA,"7/16/2020","0,48,0,0,0","Sophie","","8/31/2020","26,8,0,4,3",0
"751",17,28,"4","12","4","3",0,NA,"7/16/2020","1,0,0,0,0","Sophie","","8/31/2020","0,0,0,0,01",0
"752",17,29,"4","5","5","1",1,NA,"7/16/2020","8,9,10,0,0","Sophie","","8/31/2020","4,0,50,3,1",0
"753",17,30,"4","49","2","5",1,NA,"7/16/2020","6,0,0,0,0","Sophie","","8/31/2020","15,0,42,4,1",0
"754",17,31,"4","74","1","1",1,NA,"7/16/2020","3,0,0,0,0","Sophie","","8/31/2020","10,0,0,18,0",0
"755",17,32,"4","36","4","3",1,NA,"7/16/2020","1,3,4,0,2","Sophie","","8/31/2020","0,0,10,0,40",0
"756",17,33,"4","67","3","4",0,NA,"7/16/2020","0,0,0,0,0","Sophie","","8/31/2020","0,0,0,0,0",0
"757",17,34,"4","15","1","3",0,NA,"7/16/2020","0","Sophie","","8/31/2020","0",1
"758",17,35,"4","5","3","4",1,NA,"7/16/2020","0","Sophie","","8/31/2020","0",1
"759",17,36,"4","16","3","2",1,NA,"7/16/2020","0","Sophie","","8/31/2020","0",1
"760",17,37,"4","7","2","5",1,NA,"7/16/2020","0","Sophie","","8/31/2020","0",1
"761",17,38,"4","26","1","5",1,NA,"7/16/2020","0","Sophie","","8/31/2020","85,72,0,0,0",0
"762",17,39,"4","57","3","3",1,NA,"7/16/2020","0","Sophie","","8/31/2020","0",1
"763",17,40,"4","68","2","4",0,NA,"7/16/2020","0","Sophie","","8/31/2020","0",1
"764",17,41,"4","19","2","3",1,NA,"7/16/2020","0,0,0,0,0","Sophie","","8/31/2020","0,2,3,1,5",0
"765",17,42,"4","61","5","4",0,NA,"7/16/2020","0","Sophie","","8/31/2020","0",1
"766",17,43,"4","30","3","2",1,NA,"7/16/2020","0,0,0,0,0","Sophie","","8/31/2020","8,85,78,0,70",0
"767",17,44,"4","5","4","2",1,NA,"7/16/2020","0,0,0,0,-","Sophie","","8/31/2020","0,0,0,0,0",0
"768",17,45,"4","27","5","5",1,NA,"7/16/2020","0,0,0,25,12","Sophie","","8/31/2020","13,3,5,0,6",0
"769",17,46,"4","1","4","4",1,NA,"7/16/2020","4,4,1,0,0","Sophie","","8/31/2020","12,3,5,58,12",0
"770",18,1,"3","5","1","2",1,NA,"7/16/2020","10,11,0,0,8","Sophie","","8/31/2020","0,0,9,1,0",0
"771",18,2,"3","39","2","3",1,NA,"7/16/2020","0,0,0,0,12","Sophie","","8/31/2020","0,0,0,0,03",0
"772",18,3,"3","61","1","4",1,NA,"7/16/2020","0,0,0,0,0","Sophie","","8/31/2020","1,0,0,5,26",0
"773",18,4,"3","64","5","4",1,NA,"7/16/2020","8,4,0,0,0","Sophie","","8/31/2020","2,0,28,1,0",0
"774",18,5,"3","46","4","5",1,NA,"7/16/2020","0,0,0,0,1","Sophie","","8/31/2020","0,0,0,27,0",0
"775",18,6,"3","2","3","3",1,NA,"7/16/2020","0,0,0,0,2","Sophie","","8/31/2020","9,1,18,4,3",0
"776",18,7,"3","17","2","2",0,NA,"7/16/2020","0","Sophie","","8/31/2020","0",1
"777",18,8,"3","68","1","3",1,NA,"7/16/2020","4,0,0,0,0","Sophie","","8/31/2020","0,6,45,2,1",0
"778",18,9,"3","4","4","3",1,NA,"7/16/2020","0,0,0,0,0","Sophie","","8/31/2020","0,0,0,0,0",0
"779",18,10,"3","3","5","2",1,NA,"7/16/2020","0,0,0,0,0","Sophie","","8/31/2020","0,1,14,15,0",0
"780",18,11,"3","18","3","2",1,NA,"7/16/2020","15,0,0,0,0","Sophie","","8/31/2020","2,25,23,0,0",0
"781",18,12,"3","56","3","2",1,NA,"7/16/2020","1,2,0,2,2","Sophie","","8/31/2020","35,0,3,0,0",0
"782",18,13,"3","42","1","3",1,NA,"7/16/2020","6,8,4,0,2","Sophie","","8/31/2020","8,1,25,25,18",0
"783",18,14,"3","62","5","4",1,NA,"7/16/2020","25,5,0,0,0","Sophie","","8/31/2020","3,4,0,4,4",0
"784",18,15,"3","14","3","4",1,NA,"7/16/2020","0,0,0,0,0","Sophie","","8/31/2020","0",1
"785",18,16,"3","28","4","2",1,NA,"7/16/2020","20,1,0,0,5","Sophie","","8/31/2020","0,0,0,0,5",0
"786",18,17,"3","11","1","5",1,NA,"7/16/2020","2,0,0,0,0","Sophie","","8/31/2020","0,10,0,1,10",0
"787",18,18,"3","49","3","2",1,NA,"7/16/2020","0","Sophie","","8/31/2020","5,0,0,25,0",0
"788",18,19,"3","7","4","5",1,NA,"7/16/2020","3,0,0,0,0","Sophie","","8/31/2020","8,0,0,4,4",0
"789",18,20,"3","15","1","1",1,NA,"7/16/2020","0,23,0,0,0","Sophie","","8/31/2020","22,12,20,0,0",0
"790",18,21,"3","69","1","3",1,NA,"7/16/2020","1,3,0,0,0","Sophie","","8/31/2020","6,35,1,3,8",0
"791",18,22,"3","74","5","3",1,NA,"7/16/2020","0","Sophie","","8/31/2020","0",1
"792",18,23,"3","47","3","4",1,NA,"7/16/2020","0,4,0,0,12","Sophie","","8/31/2020","7,0,42,6,0",0
"793",18,24,"3","62","3","2",1,NA,"7/16/2020","0,0,0,0,0","Sophie","","8/31/2020","0,6,0,8,18",0
"794",18,25,"3","39","1","3",1,NA,"7/16/2020","2,2,0,0,7","Sophie","","8/31/2020","20,18,1,0,15",0
"795",18,26,"4","36","5","5",1,NA,"7/16/2020","8,8,1,0,0","Sophie","","8/31/2020","15,45,6,0,7",0
"796",18,27,"4","6","3","2",1,NA,"7/16/2020","0,6,6,0,0","Sophie","","8/31/2020","8,4,1,0,7",0
"797",18,28,"4","39","1","1",1,NA,"7/16/2020","4,0,0,0,0","Sophie","","8/31/2020","0,2,25,70,65",0
"798",18,29,"4","20","1","1",1,NA,"7/16/2020","10,0,0,3,0","Sophie","","8/31/2020","0,0,0,0,0",0
"799",18,30,"4","21","1","5",1,NA,"7/16/2020","50,1,3,1,0","Sophie","","8/31/2020","5,45,0,22,4",0
"800",18,31,"4","64","1","5",1,NA,"7/16/2020","1,0,0,30,10","Sophie","","8/31/2020","22,10,15,5,11",0
"801",18,32,"4","5","3","3",1,NA,"7/16/2020","20,2,0,0,0","Sophie","","8/31/2020","0,2,60,0,0",0
"802",18,33,"4","18","5","4",1,NA,"7/16/2020","10,18,4,0,0","Sophie","","8/31/2020","0,70,2,0,0",0
"803",18,34,"4","21","1","1",1,NA,"7/16/2020","0,50,0,1,0","Sophie","","8/31/2020","0,100,20,100,100",0
"804",18,35,"4","6","5","5",0,NA,"7/16/2020","0","Sophie","","8/31/2020","0",1
"805",18,36,"4","35","2","3",1,NA,"7/16/2020","40,0,0,0,0","Sophie","","8/31/2020","62,2,3,30,3",0
"806",18,37,"4","69","2","5",1,NA,"7/16/2020","0,0,0,0,-","Sophie","","8/31/2020","0",1
"807",18,38,"4","31","4","1",0,NA,"7/16/2020","0,0,0,0,30","Sophie","","8/31/2020","0,0,0,0,0",0
"808",18,39,"4","30","3","5",1,NA,"7/16/2020","0","Sophie","","8/31/2020","0,0,0,0,01",0
"809",18,40,"4","46","2","1",1,NA,"7/16/2020","0,15,0,0,25","Sophie","","8/31/2020","0,0,0,0,0",0
"810",18,41,"4","3","5","5",1,NA,"7/16/2020","0,0,0,0,0","Sophie","","8/31/2020","0,0,0,0,01",0
"811",18,42,"4","18","2","3",1,NA,"7/16/2020","0,0,0,0,0","Sophie","","8/31/2020","0,0,0,0,0",0
"812",18,43,"4","40","5","4",1,NA,"7/16/2020","0,0,0,0,0","Sophie","","8/31/2020","0,0,0,0,0",0
"813",18,44,"4","20","3","1",1,NA,"7/16/2020","27,23,0,0,0","Sophie","","8/31/2020","100,100,0,100,0",0
"814",18,45,"4","3","1","1",1,NA,"7/16/2020","0,0,0,0,0","Sophie","","8/31/2020","0,0,0,0,0",0
"815",18,46,"4","2","2","4",1,NA,"7/16/2020","20,1,3,0,0","Sophie","","8/31/2020","10,4,2,12,4",0
"816",19,1,"3","2","2","1",1,NA,"7/16/2020","0,0,0,0,04","Sophie","","8/31/2020","0,0,0,3,1",0
"817",19,2,"3","31","3","1",1,NA,"7/16/2020","0,0,0,0,28","Sophie","","8/31/2020","09,58,5,40",0
"818",19,3,"3","40","4","3",1,NA,"7/16/2020","0,0,0,0,8","Sophie","","8/31/2020","5,0,3,2,13",0
"819",19,4,"3","4","2","5",1,NA,"7/16/2020","0,0,22,0,0","Sophie","","8/31/2020","0,6,3,7,0",0
"820",19,5,"3","72","2","5",1,NA,"7/16/2020","0,0,0,3,10","Sophie","","8/31/2020","0,2,20,13,0",0
"821",19,6,"3","64","5","5",1,NA,"7/16/2020","0,0,0,0,03","Sophie","","8/31/2020","0,12,68,55,8",0
"822",19,7,"3","69","2","2",1,NA,"7/16/2020","0,0,0,0,0","Sophie","","8/31/2020","0,0,0,0,0",0
"823",19,8,"3","26","1","3",1,NA,"7/16/2020","1,3,0,5,4","Sophie","","8/31/2020","35,5,11,3,3",0
"824",19,9,"3","61","5","2",1,NA,"7/16/2020","0,0,0,0,2","Sophie","","8/31/2020","5,0,0,4,2",0
"825",19,10,"3","45","1","3",0,NA,"7/16/2020","0","Sophie","","8/31/2020","0",1
"826",19,11,"3","72","4","1",1,NA,"7/16/2020","0,0,0,0,0","Sophie","","8/31/2020","1,2,25,0,0",0
"827",19,12,"3","18","3","4",1,NA,"7/16/2020","0,0,0,0,013","Sophie","","8/31/2020","12,6,7,0,6",0
"828",19,13,"3","19","2","1",1,NA,"7/16/2020","0,3,20,0,0","Sophie","","8/31/2020","0,2,0,0,0",0
"829",19,14,"3","64","3","1",1,NA,"7/16/2020","18,2,0,0,0","Sophie","","8/31/2020","8,20,15,4,2",0
"830",19,15,"3","47","1","2",1,NA,"7/16/2020","0,0,0,0,0","Sophie","","8/31/2020","10,0,0,5,0",0
"831",19,16,"3","2","5","1",0,NA,"7/16/2020","0","Sophie","","8/31/2020","0",1
"832",19,17,"3","6","3","3",1,NA,"7/16/2020","0,0,0,0,0","Sophie","","8/31/2020","6,4,0,3,0",0
"833",19,18,"3","12","1","1",1,NA,"7/16/2020","1,3,0,0,0","Sophie","","8/31/2020","98,3,2,8,9",0
"834",19,19,"3","46","2","4",1,NA,"7/16/2020","0,0,0,0,01","Sophie","","8/31/2020","5,0,0,0,0",0
"835",19,20,"3","28","4","3",1,NA,"7/16/2020","0,0,0,0,02","Sophie","","8/31/2020","0,0,0,0,1",0
"836",19,21,"3","74","1","4",1,NA,"7/16/2020","0,22,0,3,2","Sophie","","8/31/2020","5,5,0,0,0",0
"837",19,22,"3","46","3","1",1,NA,"7/16/2020","0,0,0,0,0","Sophie","","8/31/2020","0,0,2,0,28",0
"838",19,23,"3","6","1","4",1,NA,"7/16/2020","0,0,0,0,03","Sophie","","8/31/2020","18,6,4,0,3",0
"839",19,24,"3","61","3","5",1,NA,"7/16/2020","7,4,0,0,0","Sophie","","8/31/2020","0,0,1,2,0",0
"840",19,25,"3","15","2","2",1,NA,"7/16/2020","0,0,0,0,0","Sophie","","8/31/2020","90,98,98,98,98,98",0
"841",19,26,"4","8","1","5",1,NA,"7/16/2020","0,1,2,0,0","Sophie","","8/31/2020","0",1
"842",19,27,"4","1","5","1",1,NA,"7/16/2020","0,0,0,0,0","Sophie","","8/31/2020","5,0,3,3,28",0
"843",19,28,"4","13","2","2",1,NA,"7/16/2020","2,5,2,0,0","Sophie","","8/31/2020","0,0,8,0,5",0
"844",19,29,"4","61","3","1",1,NA,"7/16/2020","23,2,0,0,0","Sophie","","8/31/2020","35,65,0,0,0",0
"845",19,30,"4","7","2","1",1,NA,"7/16/2020","2,0,8,0,0","Sophie","","8/31/2020","7,5,0,0,0",0
"846",19,31,"4","1","4","2",1,NA,"7/16/2020","0","Sophie","","8/31/2020","0",1
"847",19,32,"4","62","5","3",1,NA,"7/16/2020","0,3,3,0,0","Sophie","","8/31/2020","0,18,4,0,48",0
"848",19,33,"4","57","4","3",1,NA,"7/16/2020","3,0,2,0,0","Sophie","","8/31/2020","9,2,2,2,0",0
"849",19,34,"4","29","5","5",1,NA,"7/16/2020","0,0,0,0,25","Sophie","","8/31/2020","100,100,100,100,100",0
"850",19,35,"4","28","1","1",1,NA,"7/16/2020","20,0,0,0,15","Sophie","","8/31/2020","100,100,100,100,100",0
"851",19,36,"4","11","4","1",0,NA,"7/16/2020","0","Sophie","","8/31/2020","0",1
"852",19,37,"4","27","5","1",1,NA,"7/16/2020","13,22,0,0,0","Sophie","","8/31/2020","30,25,1,4,0",0
"853",19,38,"4","79","3","2",1,NA,"7/16/2020","0,2,2,0,28","Sophie","","8/31/2020","0",1
"854",19,39,"4","21","2","4",1,NA,"7/16/2020","33,0,0,0,13","Sophie","","8/31/2020","0,0,0,0,0",0
"855",19,40,"4","15","1","2",1,NA,"7/16/2020","1,3,0,0,0","Sophie","","8/31/2020","7,22,10,2,0",0
"856",19,41,"4","19","2","5",1,NA,"7/16/2020","28,2,3,2,0","Sophie","","8/31/2020","0,5,2,4,0",0
"857",19,42,"4","9","2","3",1,NA,"7/16/2020","0,0,0,0,1","Sophie","","8/31/2020","0,0,0,0,0",0
"858",19,43,"4","49","2","1",1,NA,"7/16/2020","0,0,0,6,0","Sophie","","8/31/2020","0,0,0,0,03",0
"859",19,44,"4","20","3","3",1,NA,"7/16/2020","0,0,0,0,0","Sophie","","8/31/2020","0,0,0,0,0",0
"860",19,45,"4","15","3","2",1,NA,"7/16/2020","0,0,2,0,3","Sophie","","8/31/2020","0,4,6,0,0",0
"861",19,46,"4","46","3","5",1,NA,"7/16/2020","10,0,0,0,20","Sophie","","8/31/2020","100,100,100,100,100",0
"862",20,1,"3","2","3","4",1,NA,"7/16/2020","0,0,0,25,25","Sophie","","8/31/2020","3,0,1,65,4",0
"863",20,2,"3","56","3","1",1,NA,"7/16/2020","0,0,0,0,0","Sophie","","8/31/2020","0",1
"864",20,3,"3","3","3","2",1,NA,"7/16/2020","0,0,0,0,25","Sophie","","8/31/2020","100,100,100,100,100",0
"865",20,4,"3","46","5","4",1,NA,"7/16/2020","0,0,0,0,0","Sophie","","8/31/2020","22,40,0,2,0",0
"866",20,5,"3","29","1","1",1,NA,"7/16/2020","0,15,12,5,0","Sophie","","8/31/2020","3,4,0,0,0",0
"867",20,6,"3","19","5","3",1,NA,"7/16/2020","0,0,0,0,0","Sophie","","8/31/2020","8,0,18,3,5",0
"868",20,7,"3","49","1","3",0,NA,"7/16/2020","0","Sophie","","8/31/2020","0",1
"869",20,8,"3","27","2","2",1,NA,"7/16/2020","50,8,17,15,8","Sophie","","8/31/2020","0,0,0,0,1",0
"870",20,9,"3","36","5","4",1,NA,"7/16/2020","15,0,1,3,0","Sophie","","8/31/2020","14,4,0,0,28",0
"871",20,10,"3","21","5","2",1,NA,"7/16/2020","1,3,0,5,0","Sophie","","8/31/2020","6,6,5,0,8",0
"872",20,11,"3","1","5","4",1,NA,"7/16/2020","0,0,0,0,15","Sophie","","8/31/2020","12,0,0,0,8",0
"873",20,12,"3","67","5","2",1,NA,"7/16/2020","0,0,0,0,0","Sophie","","8/31/2020","0,0,16,3,4",0
"874",20,13,"3","3","4","4",1,NA,"7/16/2020","65,70,3,2,3","Sophie","","8/31/2020","0,0,5,4,3",0
"875",20,14,"3","30","4","1",1,NA,"7/16/2020","6,0,0,2,0","Sophie","","8/31/2020","28,5,35,10,7",0
"876",20,15,"3","1","3","3",1,NA,"7/16/2020","2,0,1,0,0","Sophie","","8/31/2020","0,5,3,0,12",0
"877",20,16,"3","72","1","4",1,NA,"7/16/2020","50,25,0,12,-","Sophie","","8/31/2020","8,0,0,25,0",0
"878",20,17,"3","6","1","5",1,NA,"7/16/2020","0,0,10,6,1","Sophie","","8/31/2020","40,0,8,3,0",0
"879",20,18,"3","67","3","3",1,NA,"7/16/2020","21,27,0,0,1","Sophie","","8/31/2020","20,3,0,4,2",0
"880",20,19,"3","5","3","1",1,NA,"7/16/2020","3,7,2,1,1","Sophie","","8/31/2020","0,0,5,15,4",0
"881",20,20,"3","11","2","2",1,NA,"7/16/2020","55,10,0,1,5","Sophie","","8/31/2020","4,3,5,25,4",0
"882",20,21,"3","18","1","3",1,NA,"7/16/2020","0,0,0,0,1","Sophie","","8/31/2020","20,4,15,1,0,",0
"883",20,22,"3","57","2","2",1,NA,"7/16/2020","0,0,0,0,0","Sophie","","8/31/2020","100,100,100,100,100",0
"884",20,23,"3","18","4","4",1,NA,"7/16/2020","1,0,0,2,0","Sophie","","8/31/2020","3,3,2,2,23",0
"885",20,24,"3","8","3","4",1,NA,"7/16/2020","0,0,0,0,0","Sophie","","8/30/2020","0,0,0,0,03",0
"886",20,25,"3","51","4","4",1,NA,"7/16/2020","0,0,0,0,8","Sophie","","8/30/2020","1,4,3,55,5",0
"887",20,26,"4","31","4","5",1,NA,"7/16/2020","42,0,0,5,3","Sophie","","8/30/2020","0,38,25,0,0",0
"888",20,27,"4","19","3","3",1,NA,"7/16/2020","0,0,0,0,12","Sophie","","8/30/2020","30,0,0,0,0",0
"889",20,28,"4","5","2","5",1,NA,"7/16/2020","0,0,0,0,0","Sophie","","8/30/2020","0,0,0,0,0",0
"890",20,29,"4","36","2","3",1,NA,"7/16/2020","25,12,3,2,0","Sophie","","8/30/2020","4,8,2,0,0",0
"891",20,30,"4","18","4","2",1,NA,"7/16/2020","12,5,0,2,7","Sophie","","8/30/2020","0,18,12,0,5",0
"892",20,31,"4","30","2","3",1,NA,"7/16/2020","3,0,0,0,8","Sophie","","8/30/2020","8,0,4,0,4",0
"893",20,32,"4","79","1","2",1,NA,"7/16/2020","0,0,2,0,0","Sophie","","8/30/2020","0,5,5,8,3",0
"894",20,33,"4","36","1","3",1,NA,"7/16/2020","0,0,0,0,3","Sophie","","8/30/2020","0,15,0,8,0",0
"895",20,34,"4","2","5","2",1,NA,"7/16/2020","too small","Sophie","","8/30/2020","0,0,0,0,0",0
"896",20,35,"4","28","4","1",1,NA,"7/16/2020","0,4,0,0,0","Sophie","","8/30/2020","0,70,13,0,0",0
"897",20,36,"4","77","1","3",1,NA,"7/16/2020","0,0,13,4,0","Sophie","totally eaten by Monarchs","8/30/2020","100,100,100,100,100",0
"898",20,37,"4","40","2","3",1,NA,"7/16/2020","45,0,0,2,0","Sophie","","8/30/2020","0,0,0,0,65",0
"899",20,38,"4","15","4","3",1,NA,"7/16/2020","0,0,0,4,0","Sophie","","8/30/2020","40,6,0,3,4",0
"900",20,39,"4","47","1","3",1,NA,"7/16/2020","0,0,0,0,0","Sophie","","8/30/2020","0,0,0,0,9",0
"901",20,40,"4","3","5","3",1,NA,"7/16/2020","0,50,0,0,0","Sophie","","8/30/2020","20,0,0,0,0",0
"902",20,41,"4","30","5","1",1,NA,"7/16/2020","0,12,0,0,70","Sophie","","8/30/2020","0,0,0,0,0",0
"903",20,42,"4","27","4","4",1,NA,"7/16/2020","0,0,35,90,0","Sophie","","8/30/2020","0,0,45,18,0",0
"904",20,43,"4","18","5","5",0,NA,"7/16/2020","0","Sophie","","8/30/2020","0",1
"905",20,44,"4","2","3","5",1,NA,"7/16/2020","3,0,0,0,15","Sophie","ramets dead","8/30/2020","0",1
"906",20,45,"4","36","3","2",0,NA,"7/16/2020","0","Sophie","","8/30/2020","0",1
"907",20,46,"4","35","3","4",1,NA,"7/16/2020","0,0,0,0,0","Sophie","","8/30/2020","0,0,4,6,0",0
"908",21,1,"3","30","2","2",1,NA,"7/13/2020","0, 0, 0, 0, 0","Kavya","","8/30/2020","0,0,10,6,9",0
"909",21,2,"3","8","3","1",1,NA,"7/13/2020","13, 1, 0, 3, 3","Kavya","","8/30/2020","0,46,0,0,12",0
"910",21,3,"3","31","1","4",1,NA,"7/13/2020","0, 4, 0, 0, 0","Kavya","","8/30/2020","7,6,0,1,0",0
"911",21,4,"3","2","1","4",1,NA,"7/13/2020","0, 0, 6, 5, 0","Kavya","","8/30/2020","22,5,0,1,2",0
"912",21,5,"3","16","3","1",0,NA,"7/13/2020","0","Kavya","","8/30/2020","0",1
"913",21,6,"3","29","5","1",1,NA,"7/13/2020","0, 0, 5, 0, 2","Kavya","","8/30/2020","0,0,0,0,04",0
"914",21,7,"3","8","2","4",1,NA,"7/13/2020","0, 0, 0, 0, 7","Kavya","","8/30/2020","0,0,0,0,0",0
"915",21,8,"3","16","1","5",0,NA,"7/13/2020","0","Kavya","","8/30/2020","0",1
"916",21,9,"3","67","2","3",1,NA,"7/13/2020","3, 0, 0, 0, 0","Kavya","","8/30/2020","6,0,0,3,0",0
"917",21,10,"3","46","1","4",1,NA,"7/13/2020","0, 0, 0, 0, 0","Kavya","","8/30/2020","0,0,0,7,0",0
"918",21,11,"3","72","5","2",1,NA,"7/13/2020","0, 10, 0, 0, 0","Kavya","","8/30/2020","25,4,3,0,0",0
"919",21,12,"3","3","1","2",0,NA,"7/13/2020","0","Kavya","","8/30/2020","0",1
"920",21,13,"3","2","4","4",0,NA,"7/13/2020","0","Kavya","","8/30/2020","0",1
"921",21,14,"3","47","3","1",1,NA,"7/13/2020","0, 0, 0, 0, 0","Kavya","","8/30/2020","0,0,0,0,0",0
"922",21,15,"3","51","4","5",1,NA,"7/13/2020","0, 0, 0, 0, 8","Kavya","","8/30/2020","0,0,3,13,3",0
"923",21,16,"3","14","2","4",0,NA,"7/13/2020","0","Kavya","","8/30/2020","0",1
"924",21,17,"3","42","2","3",1,NA,"7/13/2020","0, 0, 0, 57, 78","Kavya","","8/30/2020","0,0,0,0,0",0
"925",21,18,"3","13","5","3",0,NA,"7/13/2020","0","Kavya","","8/30/2020","0",1
"926",21,19,"3","47","5","5",1,NA,"7/13/2020","19, 6, 0, 5, 0","Kavya","","8/30/2020","4,5,0,0,0",0
"927",21,20,"3","77","4","1",1,NA,"7/13/2020","5, 15, 0, 0, 0","Kavya","","8/30/2020","0,4,3,10,98",0
"928",21,21,"3","30","3","4",1,NA,"7/13/2020","1, 0, 1, 0, 0","Kavya","","8/30/2020","0,0,0,0,0",0
"929",21,22,"3","6","5","1",1,NA,"7/13/2020","0, 0, 0, 8, 7","Kavya","","8/30/2020","0,0,0,15,8",0
"930",21,23,"3","18","4","1",1,NA,"7/13/2020","0, 0, 0, 0, 3","Kavya","","8/30/2020","4,8,5,4,10",0
"931",21,24,"3","35","5","4",1,NA,"7/13/2020","2, 3, 0, 2, 0","Kavya","","8/30/2020","0,4,0,85,0",0
"932",21,25,"3","35","3","1",1,NA,"7/13/2020","0","Kavya","","8/30/2020","0",1
"933",21,26,"4","30","5","5",1,NA,"7/13/2020","1, 3, 2, 2, 0","Kavya","","8/30/2020","0,6,0,0,0",0
"934",21,27,"4","18","2","2",1,NA,"7/13/2020","0, 0, 0, 0, 0","Kavya","","8/30/2020","0,12,3,0,0",0
"935",21,28,"4","8","2","3",1,NA,"7/13/2020","0, 5, 0, 0, 5","Kavya","","8/30/2020","0,0,30,24,4",0
"936",21,29,"4","68","2","1",1,NA,"7/13/2020","0, 4, 4, 1, 0","Kavya","","8/30/2020","0,25,62,0,0",0
"937",21,30,"4","6","4","1",1,NA,"7/13/2020","0, 0, 0, 2, 0","Kavya","","8/30/2020","55,4,04,0",0
"938",21,31,"4","4","5","3",0,NA,"7/13/2020","0","Kavya","","8/30/2020","0",1
"939",21,32,"4","39","4","3",1,NA,"7/13/2020","5, 1, 0, 1, 0","Kavya","","8/30/2020","1,4,0,0,0",0
"940",21,33,"4","35","4","2",1,NA,"7/13/2020","15, 0, 0, 0, 5","Kavya","","8/30/2020","6,85,30,0,4",0
"941",21,34,"4","7","1","4",1,NA,"7/13/2020","2, 0, 0, 0, 0","Kavya","","8/30/2020","0,5,3,0,0",0
"942",21,35,"4","19","5","4",1,NA,"7/13/2020","0, 0, 0, 0, 0","Kavya","","8/30/2020","0,0,1,3,0",0
"943",21,36,"4","27","3","5",1,NA,"7/13/2020","6, 4, 0, 0, 1","Kavya","","8/30/2020","2,0,1,3,8",0
"944",21,37,"4","23","1","3",1,NA,"7/13/2020","2, 0, 0, 1, 0","Kavya","","8/30/2020","2,2,0,0,3",0
"945",21,38,"4","3","3","3",1,NA,"7/13/2020","0, 0, 0, 0, 0","Kavya","","8/30/2020","1,0,0,2,0",0
"946",21,39,"4","40","4","4",1,NA,"7/13/2020","0, 5, 0, 0, 4","Kavya","","8/30/2020","0,10,30,6,2",0
"947",21,40,"4","27","1","3",0,NA,"7/13/2020","0, 0, 0, 0, 3","Kavya","","8/30/2020","0",1
"948",21,41,"4","12","3","3",1,NA,"7/13/2020","0, 3, 0, 4, 0","Kavya","","8/30/2020","0,6,7,5,2",0
"949",21,42,"4","31","2","5",1,NA,"7/13/2020","0, 0, 0, 0, 7","Kavya","","8/30/2020","0,0,0,0,0",0
"950",21,43,"4","3","4","2",1,NA,"7/13/2020","7, 0, 0, 0, 0","Kavya","","8/30/2020","95,3,0,65,0",0
"951",21,44,"4","56","2","5",1,NA,"7/13/2020","0, 0, 0, 0, 0","Kavya","","8/30/2020","9,6,0,8,7",0
"952",21,45,"4","11","3","3",1,NA,"7/13/2020","0, 0, 0, 0, 0","Kavya","","8/30/2020","60,50,3,6,98",0
"953",21,46,"4","47","2","5",1,NA,"7/13/2020","0, 55, 50, 0, 100","Kavya","","8/30/2020","0,0,0,0,0",0
