"","Row","Column","Block","Population","Family","Replicate","Date","Surveyor","Comment","Scar_length_mm"
"13",1,13,"1","40","3","5","7/3/2021","Sophie",NA,0
"14",1,14,"1","41","2","5","7/3/2021","Sophie",NA,72.5
"15",1,15,"1","14","2","1","7/3/2021","Sophie",NA,0
"16",1,16,"1","40","4","5","7/3/2021","Sophie",NA,0
"17",1,17,"1","15","5","5","7/3/2021","Sophie",NA,34.7
"18",1,18,"1","49","4","2","7/3/2021","Sophie",NA,0
"19",1,19,"1","7","2","2","7/3/2021","Sophie",NA,117.3
"20",1,20,"1","29","3","5","7/3/2021","Sophie",NA,0
"21",1,21,"1","15","5","2","7/3/2021","Sophie",NA,61.7
"22",1,22,"1","3","3","5","7/3/2021","Sophie",NA,7.2
"23",1,23,"1","68","4","5","7/3/2021","Sophie",NA,100.7
"24",1,24,"2","11","3","5","7/3/2021","Sophie",NA,23.6
"25",1,25,"2","36","4","2","7/3/2021","Sophie",NA,35
"26",1,26,"2","40","3","4","7/3/2021","Sophie",NA,0
"27",1,27,"2","67","3","5","7/3/2021","Sophie",NA,0
"28",1,28,"2","13","3","4","7/3/2021","Sophie",NA,0
"29",1,29,"2","5","2","2","7/3/2021","Sophie",NA,47.7
"30",1,30,"2","31","3","4","7/3/2021","Sophie",NA,0
"31",1,31,"2","31","1","1","7/3/2021","Sophie",NA,100.7
"32",1,32,"2","62","5","2","7/3/2021","Samer",NA,0
"33",1,33,"2","13","1","5","7/3/2021","Samer",NA,0
"34",1,34,"2","13","2","3","7/3/2021","Samer",NA,15.73
"35",1,35,"2","19","3","2","7/3/2021","Samer",NA,0
"36",1,36,"2","30","3","1","7/3/2021","Samer",NA,18.75
"37",1,37,"2","18","1","2","7/3/2021","Samer",NA,165.39
"38",1,38,"2","31","5","1","7/3/2021","Samer",NA,30.37
"39",1,39,"2","7","4","2","7/3/2021","Samer",NA,58.08
"40",1,40,"2","8","1","4","7/3/2021","Samer",NA,298.56
"41",1,41,"2","23","1","5","7/3/2021","Samer",NA,71.14
"42",1,42,"2","4","1","3","7/3/2021","Samer",NA,80.17
"43",1,43,"2","36","3","3","7/3/2021","Samer",NA,54.69
"44",1,44,"2","30","4","5","7/3/2021","Samer",NA,0
"45",1,45,"2","62","2","1","7/3/2021","Samer",NA,26.78
"46",1,46,"2","6","2","4","7/3/2021","Samer",NA,0
"47",2,1,"1","79","4","5","7/3/2021","Sophie",NA,216.5
"48",2,2,"1","6","2","5","7/3/2021","Sophie",NA,16.1
"49",2,3,"1","68","1","4","7/3/2021","Sophie",NA,145.7
"50",2,4,"1","39","2","1","7/3/2021","Sophie",NA,0
"51",2,5,"1","49","3","5","7/3/2021","Sophie",NA,109.2
"52",2,6,"1","14","5","2","7/3/2021","Sophie",NA,46.4
"53",2,7,"1","56","3","4","7/3/2021","Sophie",NA,0
"54",2,8,"1","27","2","5","7/3/2021","Sophie",NA,0
"55",2,9,"1","21","3","4","7/3/2021","Sophie",NA,58.6
"56",2,10,"1","14","2","2","7/3/2021","Sophie",NA,164.5
"57",2,11,"1","72","2","1","7/3/2021","Sophie",NA,95.3
"58",2,12,"1","2","1","1","7/3/2021","Sophie",NA,115.44
"59",2,13,"1","36","2","4","7/3/2021","Sophie",NA,41.5
"60",2,14,"1","35","2","1","7/3/2021","Sophie",NA,221.6
"61",2,15,"1","15","3","4","7/3/2021","Sophie",NA,0
"62",2,16,"1","40","2","2","7/3/2021","Sophie",NA,0
"63",2,17,"1","46","1","5","7/3/2021","Sophie",NA,193
"64",2,18,"1","6","4","2","7/3/2021","Sophie",NA,213.2
"65",2,19,"1","9","1","3","7/3/2021","Sophie",NA,0
"66",2,20,"1","18","5","1","7/3/2021","Sophie",NA,23
"67",2,21,"1","79","1","4","7/3/2021","Sophie",NA,119
"68",2,22,"1","77","1","5","7/3/2021","Sophie",NA,70.1
"69",2,23,"1","31","4","2","7/3/2021","Sophie",NA,62.4
"70",2,24,"2","47","2","3","7/3/2021","Sophie",NA,1.6
"71",2,25,"2","68","5","3","7/3/2021","Sophie",NA,0
"72",2,26,"2","28","1","4","7/3/2021","Sophie",NA,55.6
"73",2,27,"2","14","3","5","7/3/2021","Sophie",NA,16.8
"74",2,28,"2","2","5","5","7/3/2021","Sophie",NA,53.4
"75",2,29,"2","42","2","2","7/3/2021","Sophie",NA,0
"76",2,30,"2","41","1","1","7/3/2021","Sophie",NA,51.9
"77",2,31,"2","68","3","3","7/3/2021","Sophie",NA,132.5
"78",2,32,"2","14","4","2","7/3/2021","Sophie",NA,0
"79",2,33,"2","72","1","2","7/3/2021","Sophie",NA,162.42
"80",2,34,"2","2","4","3","7/3/2021","Sophie",NA,74.7
"81",2,35,"2","4","1","2","7/3/2021","Sophie",NA,103.4
"82",2,36,"2","49","4","3","7/3/2021","Sophie",NA,16.3
"83",2,37,"2","17","2","4","7/3/2021","Sophie",NA,0
"84",2,38,"2","6","1","3","7/3/2021","Sophie",NA,136
"85",2,39,"2","77","2","2","7/3/2021","Sophie",NA,354
"86",2,40,"2","47","2","4","7/3/2021","Sophie",NA,190.1
"87",2,41,"2","64","1","3","7/3/2021","Sophie",NA,291.4
"88",2,42,"2","57","5","1","7/3/2021","Sophie",NA,13.5
"89",2,43,"2","57","1","4","7/3/2021","Sophie",NA,66.6
"90",2,44,"2","15","2","3","7/3/2021","Sophie",NA,31.2
"91",2,45,"2","79","5","2","7/3/2021","Sophie",NA,147.8
"92",2,46,"2","17","5","4","7/3/2021","Sophie",NA,77.29
"93",3,1,"1","12","5","1","7/3/2021","Samer",NA,173.5
"94",3,2,"1","68","3","4","7/3/2021","Samer",NA,150.56
"95",3,3,"1","14","5","1","7/3/2021","Samer",NA,82.48
"96",3,4,"1","9","2","2","7/3/2021","Samer",NA,88.17
"97",3,5,"1","13","5","5","7/3/2021","Samer",NA,51.38
"98",3,6,"1","1","1","2","7/3/2021","Samer",NA,0
"99",3,7,"1","68","3","5","7/3/2021","Samer",NA,0
"100",3,8,"1","15","4","1","7/3/2021","Samer",NA,42.17
"101",3,9,"1","4","3","5","7/3/2021","Samer",NA,0
"102",3,10,"1","2","5","3","7/3/2021","Samer",NA,0
"103",3,11,"1","49","3","4","7/3/2021","Samer",NA,14.92
"104",3,12,"1","15","2","4","7/3/2021","Samer",NA,54.31
"105",3,13,"1","39","2","2","7/3/2021","Samer",NA,126.56
"106",3,14,"1","2","2","5","7/3/2021","Samer",NA,240
"107",3,15,"1","64","3","2","7/3/2021","Samer",NA,17.8
"108",3,16,"1","31","2","2","7/3/2021","Samer",NA,91.32
"109",3,17,"1","8","2","5","7/3/2021","Samer",NA,21.82
"110",3,18,"1","17","1","1","7/3/2021","Samer",NA,555.71
"111",3,19,"1","18","1","4","7/3/2021","Samer",NA,169.66
"112",3,20,"1","36","2","2","7/3/2021","Samer",NA,183.99
"113",3,21,"1","7","3","1","7/3/2021","Samer",NA,0
"114",3,22,"1","69","2","1","7/3/2021","Samer",NA,38.82
"115",3,23,"1","30","5","4","7/3/2021","Samer",NA,80.16
"116",3,24,"2","4","4","5","7/3/2021","Samer",NA,19.02
"117",3,25,"2","16","3","4","7/3/2021","Samer",NA,0
"118",3,26,"2","62","3","1","7/3/2021","Samer",NA,79.16
"119",3,27,"2","39","4","2","7/3/2021","Samer",NA,31.34
"120",3,28,"2","77","3","2","7/3/2021","Samer",NA,64.83
"121",3,29,"2","4","4","4","7/3/2021","Samer",NA,128.15
"122",3,30,"2","72","1","3","7/3/2021","Samer",NA,0
"123",3,31,"2","56","4","4","7/3/2021","Samer",NA,184.69
"124",3,32,"2","36","3","5","7/3/2021","Samer",NA,0
"125",3,33,"2","21","2","5","7/3/2021","Samer",NA,0
"126",3,34,"2","31","1","3","7/3/2021","Samer",NA,60.16
"127",3,35,"2","77","5","5","7/3/2021","Samer",NA,113.66
"128",3,36,"2","72","2","3","7/3/2021","Samer",NA,47.49
"129",3,37,"2","56","2","1","7/3/2021","Samer",NA,40.26
"130",3,38,"2","46","2","3","7/3/2021","Samer",NA,240.53
"131",3,39,"2","49","5","3","7/3/2021","Samer",NA,279.13
"132",3,40,"2","12","5","3","7/3/2021","Samer",NA,305.33
"133",3,41,"2","67","4","3","7/3/2021","Samer",NA,176.31
"134",3,42,"2","46","2","2","7/3/2021","Samer",NA,343.95
"135",3,43,"2","40","5","2","7/3/2021","Samer",NA,0
"136",3,44,"2","67","2","5","7/3/2021","Samer",NA,76.84
"137",3,45,"2","1","1","5","7/3/2021","Samer",NA,51.11
"138",3,46,"2","19","1","1","7/3/2021","Samer",NA,153.24
"139",4,1,"1","21","4","1","7/3/2021","Sophie",NA,153.2
"140",4,2,"1","79","2","1","7/3/2021","Sophie",NA,97.9
"141",4,3,"1","12","4","1","7/3/2021","Sophie",NA,111.1
"142",4,4,"1","47","3","5","7/3/2021","Sophie",NA,3.3
"143",4,5,"1","47","1","1","7/3/2021","Sophie",NA,41.9
"144",4,6,"1","21","2","3","7/3/2021","Sophie",NA,196.9
"145",4,7,"1","1","2","1","7/3/2021","Sophie",NA,41.1
"146",4,8,"1","1","2","2","7/3/2021","Sophie",NA,25.5
"147",4,9,"1","30","4","3","7/3/2021","Sophie",NA,55.12
"148",4,10,"1","61","5","1","7/3/2021","Sophie",NA,0
"149",4,11,"1","1","4","1","7/3/2021","Sophie",NA,67
"150",4,12,"1","6","4","5","7/3/2021","Sophie",NA,0
"151",4,13,"1","17","4","4","7/3/2021","Sophie",NA,0
"152",4,14,"1","79","4","4","7/3/2021","Sophie",NA,0
"153",4,15,"1","36","2","1","7/3/2021","Sophie",NA,44.4
"154",4,16,"1","4","1","1","7/3/2021","Sophie",NA,57.7
"155",4,17,"1","56","4","2","7/3/2021","Sophie",NA,88.1
"156",4,18,"1","67","1","4","7/3/2021","Sophie",NA,99.6
"157",4,19,"1","2","3","1","7/3/2021","Sophie",NA,18.3
"158",4,20,"1","8","1","1","7/3/2021","Sophie",NA,28.5
"159",4,21,"1","72","5","5","7/3/2021","Sophie",NA,14.1
"160",4,22,"1","12","4","4","7/3/2021","Sophie",NA,0
"161",4,23,"1","74","2","5","7/3/2021","Sophie",NA,24
"162",4,24,"2","77","1","4","7/3/2021","Sophie",NA,40.4
"163",4,25,"2","15","2","5","7/3/2021","Sophie",NA,62.4
"164",4,26,"2","56","2","3","7/3/2021","Sophie",NA,59.1
"165",4,27,"2","32","1","2","7/3/2021","Sophie",NA,181.6
"166",4,28,"2","68","4","3","7/3/2021","Sophie",NA,80.5
"167",4,29,"2","23","1","2","7/3/2021","Sophie",NA,0
"168",4,30,"2","4","1","4","7/3/2021","Sophie",NA,80.3
"169",4,31,"2","6","3","1","7/3/2021","Sophie",NA,10.9
"170",4,32,"2","72","5","3","7/3/2021","Sophie",NA,145.5
"171",4,33,"2","4","3","2","7/3/2021","Sophie",NA,88
"172",4,34,"2","51","4","3","7/3/2021","Sophie",NA,71.7
"173",4,35,"2","20","3","2","7/3/2021","Sophie",NA,0
"174",4,36,"2","7","5","5","7/3/2021","Sophie",NA,206.8
"175",4,37,"2","36","5","3","7/3/2021","Sophie",NA,360.09
"176",4,38,"2","40","5","3","7/3/2021","Sophie",NA,177.22
"177",4,39,"2","18","1","1","7/3/2021","Sophie",NA,59.2
"178",4,40,"2","36","1","4","7/3/2021","Sophie",NA,167.9
"179",4,41,"2","36","1","5","7/3/2021","Sophie",NA,190.2
"180",4,42,"2","2","2","2","7/3/2021","Sophie",NA,66
"181",4,43,"2","1","3","5","7/3/2021","Sophie",NA,49.2
"182",4,44,"2","61","4","4","7/3/2021","Sophie",NA,55.8
"183",4,45,"2","18","5","2","7/3/2021","Sophie",NA,0
"184",4,46,"2","46","4","1","7/3/2021","Sophie",NA,132
"185",5,1,"1","77","1","1","7/2/2021","Hayden",NA,170.49
"186",5,2,"1","21","5","3","7/2/2021","Hayden",NA,74.21
"187",5,3,"1","19","3","5","7/2/2021","Hayden",NA,52.05
"188",5,4,"1","56","3","3","7/2/2021","Hayden",NA,0
"189",5,5,"1","32","1","3","7/2/2021","Hayden",NA,32.51
"190",5,6,"1","8","3","5","7/2/2021","Hayden",NA,688.03
"191",5,7,"1","11","1","2","7/2/2021","Hayden",NA,78.17
"192",5,8,"1","4","5","2","7/2/2021","Hayden",NA,80.04
"193",5,9,"1","28","1","3","7/2/2021","Hayden",NA,0
"194",5,10,"1","29","1","3","7/2/2021","Hayden",NA,0
"195",5,11,"1","3","2","4","7/2/2021","Hayden",NA,11.65
"196",5,12,"1","23","1","5","7/2/2021","Hayden",NA,161.23
"197",5,13,"1","21","3","1","7/2/2021","Hayden",NA,155.19
"198",5,14,"1","49","2","3","7/2/2021","Hayden",NA,0
"199",5,15,"1","72","3","5","7/2/2021","Hayden",NA,69.43
"200",5,16,"1","47","1","5","7/2/2021","Hayden",NA,76.35
"201",5,17,"1","47","3","3","7/2/2021","Hayden",NA,31.57
"202",5,18,"1","46","5","3","7/2/2021","Hayden",NA,129.15
"203",5,19,"1","21","3","5","7/2/2021","Hayden",NA,0
"204",5,20,"1","9","1","5","7/2/2021","Hayden",NA,65.14
"205",5,21,"1","47","4","5","7/2/2021","Hayden",NA,60.92
"206",5,22,"1","13","1","4","7/2/2021","Hayden",NA,29.48
"207",5,23,"2","3","4","3","7/2/2021","Hayden",NA,51.81
"208",5,24,"2","62","1","1","7/2/2021","Hayden",NA,6.03
"209",5,25,"2","12","5","2","7/2/2021","Hayden",NA,0
"210",5,26,"2","74","2","1","7/2/2021","Hayden",NA,126.61
"211",5,27,"2","30","5","2","7/2/2021","Hayden",NA,16.78
"212",5,28,"2","79","1","3","7/2/2021","Hayden",NA,11.02
"213",5,29,"2","17","1","3","7/2/2021","Hayden",NA,6.1
"214",5,30,"2","6","5","4","7/2/2021","Hayden",NA,13.68
"215",5,31,"2","77","4","2","7/2/2021","Hayden",NA,89.49
"216",5,32,"2","27","5","3","7/2/2021","Hayden",NA,9.91
"217",5,33,"2","40","3","1","7/2/2021","Hayden",NA,189.62
"218",5,34,"2","67","5","1","7/2/2021","Hayden",NA,16.69
"219",5,35,"2","17","5","1","7/2/2021","Hayden",NA,30.47
"220",5,36,"2","41","1","5","7/2/2021","Hayden",NA,47.93
"221",5,37,"2","8","3","3","7/2/2021","Hayden",NA,135.67
"222",5,38,"2","72","4","3","7/2/2021","Hayden",NA,13.17
"223",5,39,"2","77","5","1","7/2/2021","Hayden",NA,284.69
"224",5,40,"2","14","1","4","7/2/2021","Hayden",NA,187.49
"225",5,41,"2","2","1","5","7/2/2021","Hayden",NA,130.5
"226",5,42,"2","39","5","3","7/2/2021","Hayden",NA,64.41
"227",5,43,"2","36","3","4","7/2/2021","Hayden",NA,131.94
"228",5,44,"2","69","1","4","7/2/2021","Hayden",NA,6.1
"229",5,45,"2","64","1","2","7/2/2021","Hayden",NA,91.76
"230",5,46,"2","29","5","4","7/2/2021","Hayden",NA,0
"231",6,1,"1","36","4","4","7/1/2021","Sophie",NA,69.7
"232",6,2,"1","61","4","5","7/1/2021","Sophie",NA,85.2
"233",6,3,"1","2","2","3","7/1/2021","Sophie",NA,21.2
"234",6,4,"1","27","3","3","7/1/2021","Sophie",NA,30.9
"235",6,5,"1","11","2","4","7/1/2021","Sophie",NA,48.4
"236",6,6,"1","12","1","4","7/1/2021","Sophie",NA,0
"237",6,7,"1","57","5","3","7/1/2021","Sophie",NA,13.8
"238",6,8,"1","7","5","3","7/1/2021","Sophie",NA,12
"239",6,9,"1","21","4","4","7/1/2021","Sophie",NA,58.2
"240",6,10,"1","49","4","5","7/1/2021","Sophie",NA,0
"241",6,11,"1","40","5","5","7/1/2021","Sophie",NA,0
"242",6,12,"1","7","5","2","7/1/2021","Sophie",NA,49.3
"243",6,13,"1","46","5","1","7/1/2021","Sophie",NA,12.1
"244",6,14,"1","36","2","5","7/1/2021","Sophie",NA,16.6
"245",6,15,"1","26","1","2","7/1/2021","Sophie",NA,0
"246",6,16,"1","51","2","1","7/1/2021","Sophie",NA,38.5
"247",6,17,"1","46","1","3","7/1/2021","Sophie",NA,0
"248",6,18,"1","6","2","1","7/1/2021","Sophie",NA,0
"249",6,19,"1","19","5","2","7/1/2021","Sophie",NA,62.8
"250",6,20,"1","3","5","1","7/1/2021","Sophie",NA,29.2
"251",6,21,"1","29","4","5","7/1/2021","Sophie",NA,0
"252",6,22,"1","79","4","1","7/1/2021","Sophie",NA,252.8
"253",6,23,"2","21","2","2","7/1/2021","Sophie",NA,0
"254",6,24,"2","77","4","5","7/1/2021","Sophie",NA,17
"255",6,25,"2","72","2","4","7/1/2021","Sophie",NA,0
"256",6,26,"2","1","1","3","7/1/2021","Sophie",NA,161.2
"257",6,27,"2","5","5","3","7/1/2021","Sophie",NA,210
"258",6,28,"2","36","1","1","7/1/2021","Sophie",NA,61
"259",6,29,"2","62","3","4","7/1/2021","Sophie",NA,99.2
"260",6,30,"2","12","5","4","7/1/2021","Sophie",NA,0
"261",6,31,"2","18","4","3","7/1/2021","Sophie",NA,143.4
"262",6,32,"2","18","2","1","7/1/2021","Sophie",NA,12.8
"263",6,33,"2","14","1","1","7/1/2021","Sophie",NA,36.5
"264",6,34,"2","57","5","2","7/1/2021","Sophie",NA,0
"265",6,35,"2","1","3","4","7/1/2021","Sophie",NA,56.5
"266",6,36,"2","74","2","3","7/1/2021","Sophie",NA,64.4
"267",6,37,"2","17","3","2","7/1/2021","Sophie",NA,0
"268",6,38,"2","1","4","5","7/1/2021","Sophie",NA,20.6
"269",6,39,"2","62","4","1","7/1/2021","Sophie",NA,163.9
"270",6,40,"2","17","2","1","7/1/2021","Sophie",NA,29.8
"271",6,41,"2","42","1","2","7/1/2021","Sophie",NA,24
"272",6,42,"2","4","3","4","7/1/2021","Sophie",NA,0
"273",6,43,"2","79","2","5","7/1/2021","Sophie",NA,28.9
"274",6,44,"2","17","5","2","7/1/2021","Sophie",NA,82.1
"275",6,45,"2","18","2","4","7/1/2021","Sophie",NA,43.3
"276",6,46,"2","7","4","3","7/1/2021","Sophie",NA,174.7
"277",7,1,"1","3","2","5","7/1/2021","Hayden",NA,172.28
"278",7,2,"1","6","2","3","7/1/2021","Hayden",NA,0
"279",7,3,"1","7","1","3","7/1/2021","Hayden",NA,71.5
"280",7,4,"1","47","2","2","7/1/2021","Hayden",NA,14.46
"281",7,5,"1","62","1","5","7/1/2021","Hayden",NA,53.34
"282",7,6,"1","64","2","3","7/1/2021","Hayden",NA,0
"283",7,7,"1","67","2","1","7/1/2021","Hayden",NA,26.32
"284",7,8,"1","5","5","4","7/1/2021","Hayden",NA,116.93
"285",7,9,"1","39","2","4","7/1/2021","Hayden",NA,37.66
"286",7,10,"1","79","3","4","7/1/2021","Hayden",NA,4.75
"287",7,11,"1","47","4","4","7/1/2021","Hayden",NA,197.6
"288",7,12,"1","4","4","2","7/1/2021","Hayden",NA,13.31
"289",7,13,"1","19","2","2","7/1/2021","Hayden",NA,76.53
"290",7,14,"1","46","5","5","7/1/2021","Hayden",NA,19.33
"291",7,15,"1","7","4","4","7/1/2021","Hayden",NA,0
"292",7,16,"1","68","1","5","7/1/2021","Hayden",NA,97.19
"293",7,17,"1","5","2","4","7/1/2021","Hayden",NA,83.18
"294",7,18,"1","5","3","2","7/1/2021","Hayden",NA,17.42
"295",7,19,"1","29","1","2","7/1/2021","Hayden",NA,33.45
"296",7,20,"1","79","3","3","7/1/2021","Hayden",NA,0
"297",7,21,"1","35","3","2","7/1/2021","Hayden",NA,60.62
"298",7,22,"1","35","4","4","7/1/2021","Hayden",NA,35.4
"299",7,23,"2","14","4","4","7/1/2021","Hayden",NA,0
"300",7,24,"2","7","2","3","7/1/2021","Hayden",NA,20.89
"301",7,25,"2","12","2","4","7/1/2021","Hayden",NA,0
"302",7,26,"2","67","1","5","7/1/2021","Hayden",NA,18.97
"303",7,27,"2","30","2","4","7/1/2021","Hayden",NA,26.62
"304",7,28,"2","8","2","2","7/1/2021","Hayden",NA,265.05
"305",7,29,"2","39","2","5","7/1/2021","Hayden",NA,253.98
"306",7,30,"2","56","3","5","7/1/2021","Hayden",NA,0
"307",7,31,"2","62","2","3","7/1/2021","Hayden",NA,148.01
"308",7,32,"2","5","1","4","7/1/2021","Hayden",NA,33.68
"309",7,33,"2","12","2","2","7/1/2021","Hayden",NA,342.26
"310",7,34,"2","57","4","5","7/1/2021","Hayden",NA,201
"311",7,35,"2","62","3","5","7/1/2021","Hayden",NA,0
"312",7,36,"2","79","5","1","7/1/2021","Hayden",NA,0
"313",7,37,"2","1","1","1","7/1/2021","Hayden",NA,105.02
"314",7,38,"2","64","3","4","7/1/2021","Hayden",NA,267.1
"315",7,39,"2","19","5","3","7/1/2021","Hayden",NA,49.86
"316",7,40,"2","30","4","4","7/1/2021","Hayden",NA,218.11
"317",7,41,"2","16","3","5","7/1/2021","Hayden",NA,385.43
"318",7,42,"2","13","3","1","7/1/2021","Hayden",NA,0
"319",7,43,"2","27","4","3","7/1/2021","Hayden",NA,0
"320",7,44,"2","11","2","5","7/1/2021","Hayden",NA,25.14
"321",7,45,"2","2","5","4","7/1/2021","Hayden",NA,0
"322",7,46,"2","29","5","2","7/1/2021","Hayden",NA,119.42
"323",8,1,"1","9","2","1","7/1/2021","Sophie",NA,68.7
"324",8,2,"1","57","1","2","7/1/2021","Sophie",NA,261.2
"325",8,3,"1","67","3","2","7/1/2021","Sophie",NA,73
"326",8,4,"1","21","5","1","7/1/2021","Sophie",NA,17.9
"327",8,5,"1","13","5","4","7/1/2021","Sophie",NA,47.3
"328",8,6,"1","74","1","3","7/1/2021","Sophie",NA,21.5
"329",8,7,"1","17","1","4","7/1/2021","Sophie",NA,17.8
"330",8,8,"1","15","4","4","7/1/2021","Sophie",NA,57.6
"331",8,9,"1","7","3","2","7/1/2021","Sophie",NA,0
"332",8,10,"1","12","3","2","7/1/2021","Sophie",NA,0
"333",8,11,"1","11","4","5","7/1/2021","Sophie",NA,0
"334",8,12,"1","20","5","1","7/1/2021","Sophie",NA,47.2
"335",8,13,"1","72","4","5","7/1/2021","Sophie",NA,102.8
"336",8,14,"1","62","2","5","7/1/2021","Sophie",NA,0
"337",8,15,"1","15","1","5","7/1/2021","Sophie",NA,117.3
"338",8,16,"1","14","3","2","7/1/2021","Sophie",NA,28.3
"339",8,17,"1","57","3","2","7/1/2021","Sophie",NA,0
"340",8,18,"1","62","1","2","7/1/2021","Sophie",NA,0
"341",8,19,"1","47","5","1","7/1/2021","Sophie",NA,9.3
"342",8,20,"1","15","5","1","7/1/2021","Sophie",NA,85.9
"343",8,21,"1","16","2","1","7/1/2021","Sophie",NA,6
"344",8,22,"1","29","4","3","7/1/2021","Sophie",NA,48.1
"345",8,23,"2","68","5","2","7/1/2021","Sophie",NA,42.8
"346",8,24,"2","4","2","2","7/1/2021","Sophie",NA,16.4
"347",8,25,"2","46","2","5","7/1/2021","Sophie",NA,0
"348",8,26,"2","68","4","1","7/1/2021","Sophie",NA,79.3
"349",8,27,"2","6","3","5","7/1/2021","Sophie",NA,114.9
"350",8,28,"2","7","1","2","7/1/2021","Sophie",NA,32.23
"351",8,29,"2","35","3","5","7/1/2021","Sophie",NA,34.2
"352",8,30,"2","39","3","3","7/1/2021","Sophie",NA,224.38
"353",8,31,"2","62","4","4","7/1/2021","Sophie",NA,106.05
"354",8,32,"2","4","3","3","7/1/2021","Sophie",NA,63.34
"355",8,33,"2","21","1","2","7/1/2021","Sophie",NA,192.35
"356",8,34,"2","77","4","3","7/1/2021","Sophie",NA,90.7
"357",8,35,"2","17","4","2","7/1/2021","Sophie",NA,195.2
"358",8,36,"2","27","5","2","7/1/2021","Sophie",NA,24.42
"359",8,37,"2","26","1","1","7/1/2021","Sophie",NA,188.09
"360",8,38,"2","17","3","1","7/1/2021","Sophie",NA,57.1
"361",8,39,"2","5","4","1","7/1/2021","Sophie",NA,13.82
"362",8,40,"2","39","3","5","7/1/2021","Sophie",NA,63
"363",8,41,"2","64","2","2","7/1/2021","Sophie",NA,0
"364",8,42,"2","64","3","3","7/1/2021","Sophie",NA,46.32
"365",8,43,"2","39","4","1","7/1/2021","Sophie",NA,105.5
"366",8,44,"2","62","1","3","7/1/2021","Sophie",NA,52.94
"367",8,45,"2","67","2","2","7/1/2021","Sophie",NA,14.97
"368",8,46,"2","67","5","3","7/1/2021","Sophie",NA,0
"369",9,1,"1","28","1","5","7/1/2021","Hayden",NA,342.61
"370",9,2,"1","4","3","1","7/1/2021","Hayden",NA,156.29
"371",9,3,"1","12","3","1","7/1/2021","Hayden",NA,0
"372",9,4,"1","27","4","1","7/1/2021","Hayden",NA,206.8
"373",9,5,"1","1","4","3","7/1/2021","Hayden",NA,154.35
"374",9,6,"1","49","5","5","7/1/2021","Hayden",NA,138.72
"375",9,7,"1","39","3","4","7/1/2021","Hayden",NA,58.26
"376",9,8,"1","77","3","1","7/1/2021","Hayden",NA,36.07
"377",9,9,"1","3","2","2","7/1/2021","Hayden",NA,39.96
"378",9,10,"1","69","2","4","7/1/2021","Hayden",NA,0
"379",9,11,"1","17","2","5","7/1/2021","Hayden",NA,4.76
"380",9,12,"1","51","4","2","7/1/2021","Hayden",NA,100.88
"381",9,13,"1","79","1","1","7/1/2021","Hayden",NA,54.37
"382",9,14,"1","5","5","5","7/1/2021","Hayden",NA,0
"383",9,15,"1","13","5","2","7/1/2021","Hayden",NA,18.78
"384",9,16,"1","30","5","3","7/1/2021","Hayden",NA,105.71
"385",9,17,"1","39","3","2","7/1/2021","Hayden",NA,68.81
"386",9,18,"1","20","1","2","7/1/2021","Hayden",NA,0
"387",9,19,"1","72","3","1","7/1/2021","Hayden",NA,155.09
"388",9,20,"1","7","3","3","7/1/2021","Hayden",NA,22.87
"389",9,21,"1","79","4","2","7/1/2021","Hayden",NA,213.75
"390",9,22,"1","15","3","5","7/1/2021","Hayden",NA,0
"391",9,23,"2","45","2","1","7/1/2021","Hayden",NA,19.1
"392",9,24,"2","27","4","5","7/1/2021","Hayden",NA,4.59
"393",9,25,"2","64","5","3","7/1/2021","Hayden",NA,11.05
"394",9,26,"2","77","1","2","7/1/2021","Hayden",NA,248.61
"395",9,27,"2","64","2","4","7/1/2021","Hayden",NA,0
"396",9,28,"2","7","3","5","7/1/2021","Hayden",NA,19.07
"397",9,29,"2","35","4","1","7/1/2021","Hayden",NA,214.69
"398",9,30,"2","36","4","1","7/1/2021","Hayden",NA,123.96
"399",9,31,"2","45","2","4","7/1/2021","Hayden",NA,278.37
"400",9,32,"2","15","3","1","7/1/2021","Hayden",NA,34.81
"401",9,33,"2","77","5","3","7/1/2021","Hayden",NA,119.79
"402",9,34,"2","36","3","1","7/1/2021","Hayden",NA,0
"403",9,35,"2","49","3","1","7/1/2021","Hayden",NA,205.97
"404",9,36,"2","39","5","2","7/1/2021","Hayden",NA,0
"405",9,37,"2","6","4","4","7/1/2021","Hayden",NA,28.66
"406",9,38,"2","57","5","4","7/1/2021","Hayden",NA,37.52
"407",9,39,"2","15","5","4","7/1/2021","Hayden",NA,20.04
"408",9,40,"2","62","5","5","7/1/2021","Hayden",NA,315.8
"409",9,41,"2","17","3","5","7/1/2021","Hayden",NA,140.05
"410",9,42,"2","47","5","4","7/1/2021","Hayden",NA,0
"411",9,43,"2","35","2","2","7/1/2021","Hayden",NA,18.48
"412",9,44,"2","5","2","3","7/1/2021","Hayden",NA,155.59
"413",9,45,"2","72","3","4","7/1/2021","Hayden",NA,0
"414",9,46,"2","1","1","4","7/1/2021","Hayden",NA,49.48
"415",10,1,"1","14","4","5","7/1/2021","Hayden",NA,44.96
"416",10,2,"1","62","4","5","7/1/2021","Hayden",NA,541.77
"417",10,3,"1","79","3","1","7/1/2021","Hayden",NA,91.86
"418",10,4,"1","56","4","1","7/1/2021","Hayden",NA,0
"419",10,5,"1","1","5","2","7/1/2021","Hayden",NA,19.53
"420",10,6,"1","62","4","2","7/1/2021","Hayden",NA,29.97
"421",10,7,"1","7","3","4","7/1/2021","Hayden",NA,0
"422",10,8,"1","42","1","1","7/1/2021","Hayden",NA,46.33
"423",10,9,"1","69","1","2","7/1/2021","Hayden",NA,123.07
"424",10,10,"1","67","4","5","7/1/2021","Hayden",NA,124.32
"425",10,11,"1","16","3","3","7/1/2021","Hayden",NA,0
"426",10,12,"1","72","4","4","7/1/2021","Hayden",NA,14.15
"427",10,13,"1","12","3","4","7/1/2021","Hayden",NA,48.25
"428",10,14,"1","42","2","1","7/1/2021","Hayden",NA,79.06
"429",10,15,"1","61","3","3","7/1/2021","Hayden",NA,241.78
"430",10,16,"1","23","1","4","7/1/2021","Hayden",NA,384.18
"431",10,17,"1","17","5","3","7/1/2021","Hayden",NA,86.88
"432",10,18,"1","72","1","5","7/1/2021","Hayden",NA,95.43
"433",10,19,"1","9","2","4","7/1/2021","Hayden",NA,109.87
"434",10,20,"1","31","2","1","7/1/2021","Hayden",NA,312.83
"435",10,21,"1","47","5","2","7/1/2021","Hayden",NA,NA
"436",10,22,"1","46","1","1","7/1/2021","Hayden",NA,205.61
"437",10,23,"1","31","3","3","7/1/2021","Hayden",NA,75.56
"438",10,24,"2","5","3","5","7/1/2021","Hayden",NA,0
"439",10,25,"2","14","1","3","7/1/2021","Hayden",NA,73.95
"440",10,26,"2","3","5","4","7/1/2021","Hayden",NA,101.34
"441",10,27,"2","30","3","3","7/1/2021","Hayden",NA,13.54
"442",10,28,"2","61","4","1","7/1/2021","Hayden",NA,180.28
"443",10,29,"2","31","5","2","7/1/2021","Hayden",NA,105.8
"444",10,30,"2","41","2","4","7/1/2021","Hayden",NA,0
"445",10,31,"2","47","4","1","7/1/2021","Hayden",NA,83.86
"446",10,32,"2","16","1","2","7/1/2021","Hayden",NA,0
"447",10,33,"2","28","4","5","7/1/2021","Hayden",NA,180.59
"448",10,34,"2","5","5","2","7/1/2021","Hayden",NA,83.89
"449",10,35,"2","56","2","4","7/1/2021","Hayden",NA,9.91
"450",10,36,"2","72","5","1","7/1/2021","Hayden",NA,259.19
"451",10,37,"2","57","1","1","7/1/2021","Hayden",NA,220.05
"452",10,38,"2","57","1","3","7/1/2021","Hayden",NA,0
"453",10,39,"2","79","3","5","7/1/2021","Hayden",NA,48.82
"454",10,40,"2","68","4","4","7/1/2021","Hayden",NA,14.22
"455",10,41,"4","15","2","1","7/1/2021","Hayden",NA,74.77
"456",10,42,"4","5","4","4","7/1/2021","Hayden",NA,44.46
"457",10,43,"4","32","1","4","7/1/2021","Hayden",NA,0
"458",10,44,"4","61","1","1","7/1/2021","Hayden",NA,23.62
"459",10,45,"4","31","3","2","7/1/2021","Hayden",NA,17.39
"460",10,46,"4","47","4","2","7/1/2021","Hayden",NA,25.16
"461",11,1,"1","64","1","1","6/30/2021","Sophie",NA,114.7
"462",11,2,"1","3","4","1","6/30/2021","Sophie",NA,38.6
"463",11,3,"1","11","1","3","6/30/2021","Sophie",NA,299
"464",11,4,"1","11","3","2","6/30/2021","Sophie",NA,109.4
"465",11,5,"1","18","3","1","6/30/2021","Sophie",NA,129.7
"466",11,6,"1","29","4","1","6/30/2021","Sophie",NA,0
"467",11,7,"1","35","5","3","6/30/2021","Sophie",NA,48.6
"468",11,8,"1","64","1","4","6/30/2021","Sophie",NA,38.9
"469",11,9,"1","2","1","2","6/30/2021","Sophie",NA,239.1
"470",11,10,"1","64","5","1","6/30/2021","Sophie",NA,89.8
"471",11,11,"1","36","1","2","6/30/2021","Sophie",NA,72.5
"472",11,12,"1","67","5","5","6/30/2021","Sophie",NA,5.5
"473",11,13,"1","61","1","5","6/30/2021","Sophie",NA,81.6
"474",11,14,"1","74","2","2","6/30/2021","Sophie",NA,31.4
"475",11,15,"1","68","2","5","6/30/2021","Sophie",NA,0
"476",11,16,"1","29","2","2","6/30/2021","Sophie",NA,0
"477",11,17,"1","40","5","1","6/30/2021","Sophie",NA,40.6
"478",11,18,"1","1","2","4","6/30/2021","Sophie",NA,13.6
"479",11,19,"1","74","1","5","6/30/2021","Sophie",NA,0
"480",11,20,"1","2","4","5","6/30/2021","Sophie",NA,97.9
"481",11,21,"1","4","2","4","6/30/2021","Sophie",NA,11.4
"482",11,22,"1","9","1","2","6/30/2021","Sophie",NA,58.1
"483",11,23,"1","39","5","1","6/30/2021","Sophie",NA,92
"484",11,24,"4","57","2","1","6/30/2021","Sophie",NA,16.3
"485",11,25,"4","17","4","1","6/30/2021","Sophie",NA,0
"486",11,26,"4","67","1","3","6/30/2021","Sophie",NA,150.4
"487",11,27,"4","42","2","4","6/30/2021","Sophie",NA,20.2
"488",11,28,"4","12","2","1","6/30/2021","Sophie",NA,201.5
"489",11,29,"4","30","2","1","6/30/2021","Sophie",NA,0
"490",11,30,"4","4","4","1","6/30/2021","Sophie",NA,77.1
"491",11,31,"4","17","4","5","6/30/2021","Sophie",NA,25.1
"492",11,32,"4","35","4","3","6/30/2021","Sophie",NA,36.5
"493",11,33,"4","68","5","5","6/30/2021","Sophie",NA,77.2
"494",11,34,"4","67","1","2","6/30/2021","Sophie",NA,16.9
"495",11,35,"4","40","3","2","6/30/2021","Sophie",NA,168.4
"496",11,36,"4","68","5","4","6/30/2021","Sophie",NA,34.4
"497",11,37,"4","4","2","1","6/30/2021","Sophie",NA,0
"498",11,38,"4","28","1","2","6/30/2021","Sophie",NA,0
"499",11,39,"4","26","1","4","6/30/2021","Sophie",NA,17.2
"500",11,40,"4","6","3","4","6/30/2021","Sophie",NA,0
"501",11,41,"4","16","1","1","6/30/2021","Sophie",NA,0
"502",11,42,"4","42","1","4","6/30/2021","Sophie",NA,0
"503",11,43,"4","41","1","4","6/30/2021","Sophie",NA,0
"504",11,44,"4","21","3","3","6/30/2021","Sophie",NA,0
"505",11,45,"4","35","3","3","6/30/2021","Sophie",NA,0
"506",11,46,"4","31","1","5","6/30/2021","Sophie",NA,390.7
"507",12,1,"3","7","1","1","6/30/2021","Kavya",NA,157
"508",12,2,"3","1","3","2","6/30/2021","Kavya",NA,71.3
"509",12,3,"3","47","4","3","6/30/2021","Kavya",NA,0
"510",12,4,"3","61","1","3","6/30/2021","Kavya",NA,222
"511",12,5,"3","46","1","2","6/30/2021","Kavya",NA,147
"512",12,6,"3","79","2","2","6/30/2021","Kavya",NA,0
"513",12,7,"3","9","1","4","6/30/2021","Kavya",NA,0
"514",12,8,"3","32","1","1","6/30/2021","Kavya",NA,140.4
"515",12,9,"3","7","2","4","6/30/2021","Kavya",NA,0
"516",12,10,"3","72","5","4","6/30/2021","Kavya",NA,26.1
"517",12,11,"3","47","1","4","6/30/2021","Kavya",NA,43
"518",12,12,"3","62","2","2","6/30/2021","Kavya",NA,8.1
"519",12,13,"3","46","3","2","6/30/2021","Kavya",NA,0
"520",12,14,"3","41","2","3","6/30/2021","Kavya",NA,67.1
"521",12,15,"3","67","4","1","6/30/2021","Kavya",NA,20
"522",12,16,"3","67","4","2","6/30/2021","Kavya",NA,20.2
"523",12,17,"3","8","1","2","6/30/2021","Kavya",NA,114.1
"524",12,18,"3","36","5","2","6/30/2021","Kavya",NA,0
"525",12,19,"3","57","5","5","6/30/2021","Kavya",NA,137.1
"526",12,20,"3","68","2","3","6/30/2021","Kavya",NA,107
"527",12,21,"3","23","1","1","6/30/2021","Kavya",NA,117.7
"528",12,22,"1","21","4","3","6/30/2021","Kavya",NA,81.7
"529",12,23,"1","6","1","1","6/30/2021","Kavya",NA,0
"530",12,24,"4","17","3","4","6/30/2021","Kavya",NA,14.3
"531",12,25,"4","57","4","4","6/30/2021","Kavya",NA,0
"532",12,26,"4","29","5","3","6/30/2021","Kavya",NA,94.1
"533",12,27,"4","6","1","2","6/30/2021","Kavya",NA,42.4
"534",12,28,"4","17","2","3","6/30/2021","Kavya",NA,0
"535",12,29,"4","41","1","3","6/30/2021","Kavya",NA,146.3
"536",12,30,"4","14","4","3","6/30/2021","Kavya",NA,210.5
"537",12,31,"4","51","4","1","6/30/2021","Kavya",NA,54
"538",12,32,"4","28","4","4","6/30/2021","Kavya",NA,105.4
"539",12,33,"4","35","5","2","6/30/2021","Kavya",NA,63.5
"540",12,34,"4","61","1","2","6/30/2021","Kavya",NA,10.3
"541",12,35,"4","72","3","3","6/30/2021","Kavya",NA,10.2
"542",12,36,"4","14","4","1","6/30/2021","Kavya",NA,0
"543",12,37,"4","40","4","1","6/30/2021","Kavya",NA,0
"544",12,38,"4","57","2","5","6/30/2021","Kavya",NA,0
"545",12,39,"4","68","1","1","6/30/2021","Kavya",NA,0
"546",12,40,"4","45","2","2","6/30/2021","Kavya",NA,0
"547",12,41,"4","13","1","2","6/30/2021","Kavya",NA,0
"548",12,42,"4","47","5","3","6/30/2021","Kavya",NA,0
"549",12,43,"4","19","1","5","6/30/2021","Kavya",NA,0
"550",12,44,"4","64","5","2","6/30/2021","Kavya",NA,14.5
"551",12,45,"4","21","5","5","6/30/2021","Kavya",NA,0
"552",12,46,"4","21","5","4","6/30/2021","Kavya",NA,30.9
"553",13,1,"3","72","2","2","6/30/2021","Hayden",NA,125.47
"554",13,2,"3","39","3","1","6/30/2021","Hayden",NA,173.79
"555",13,3,"3","13","1","3","6/30/2021","Hayden",NA,66.27
"556",13,4,"3","41","1","4","6/30/2021","Hayden",NA,34.8
"557",13,5,"3","77","2","5","6/30/2021","Hayden",NA,0
"558",13,6,"3","35","5","5","6/30/2021","Hayden",NA,15.18
"559",13,7,"3","20","2","2","6/30/2021","Hayden",NA,0
"560",13,8,"3","42","2","5","6/30/2021","Hayden",NA,123.87
"561",13,9,"3","77","4","4","6/30/2021","Hayden",NA,211.55
"562",13,10,"3","49","1","1","6/30/2021","Hayden",NA,133.95
"563",13,11,"3","49","2","4","6/30/2021","Hayden",NA,0
"564",13,12,"3","13","3","3","6/30/2021","Hayden",NA,0
"565",13,13,"3","17","1","2","6/30/2021","Hayden",NA,171.76
"566",13,14,"3","61","5","3","6/30/2021","Hayden",NA,57.67
"567",13,15,"3","62","1","4","6/30/2021","Hayden",NA,44.13
"568",13,16,"3","61","4","3","6/30/2021","Hayden",NA,48.73
"569",13,17,"3","14","1","2","6/30/2021","Hayden",NA,0
"570",13,18,"3","14","5","5","6/30/2021","Hayden",NA,43.42
"571",13,19,"3","72","3","2","6/30/2021","Hayden",NA,0
"572",13,20,"3","20","5","5","6/30/2021","Hayden",NA,106.53
"573",13,21,"3","19","3","1","6/30/2021","Hayden",NA,45.62
"574",13,22,"3","46","3","3","6/30/2021","Hayden",NA,224.46
"575",13,23,"3","56","4","3","6/30/2021","Hayden",NA,134.1
"576",13,24,"3","11","2","3","6/30/2021","Hayden",NA,89.13
"577",13,25,"3","62","2","4","6/30/2021","Hayden",NA,128.17
"578",13,26,"4","49","1","2","6/30/2021","Hayden",NA,308.36
"579",13,27,"4","1","2","3","6/30/2021","Hayden",NA,0
"580",13,28,"4","11","1","1","6/30/2021","Hayden",NA,69.16
"581",13,29,"4","12","1","2","6/30/2021","Hayden",NA,542.61
"582",13,30,"4","7","5","1","6/30/2021","Hayden",NA,186.68
"583",13,31,"4","1","2","5","6/30/2021","Hayden",NA,14.65
"584",13,32,"4","61","3","4","6/30/2021","Hayden",NA,37.17
"585",13,33,"4","57","1","5","6/30/2021","Hayden",NA,0
"586",13,34,"4","35","2","4","6/30/2021","Hayden",NA,93.75
"587",13,35,"4","6","5","3","6/30/2021","Hayden",NA,0
"588",13,36,"4","79","4","3","6/30/2021","Hayden",NA,437.67
"589",13,37,"4","39","5","4","6/30/2021","Hayden",NA,11.02
"590",13,38,"4","9","2","5","6/30/2021","Hayden",NA,4.17
"591",13,39,"4","5","1","3","6/30/2021","Hayden",NA,0
"592",13,40,"4","56","2","2","6/30/2021","Hayden",NA,0
"593",13,41,"4","12","1","3","6/30/2021","Hayden",NA,0
"594",13,42,"4","19","5","5","6/30/2021","Hayden",NA,11.48
"595",13,43,"4","1","3","1","6/30/2021","Hayden",NA,0
"596",13,44,"4","27","3","2","6/30/2021","Hayden",NA,41.13
"597",13,45,"4","19","5","1","6/30/2021","Hayden",NA,0
"598",13,46,"4","68","1","2","6/30/2021","Hayden",NA,197.88
"599",14,1,"3","57","2","3","6/30/2021","Sophie",NA,0
"600",14,2,"3","21","4","5","6/30/2021","Sophie",NA,45.2
"601",14,3,"3","21","1","3","6/30/2021","Sophie",NA,198.64
"602",14,4,"3","11","1","4","6/30/2021","Sophie",NA,0
"603",14,5,"3","41","2","1","6/30/2021","Sophie",NA,5
"604",14,6,"3","4","1","5","6/30/2021","Sophie",NA,138.6
"605",14,7,"3","21","1","4","6/30/2021","Sophie",NA,133.1
"606",14,8,"3","7","1","5","6/30/2021","Sophie",NA,0
"607",14,9,"3","19","3","4","6/30/2021","Sophie",NA,31.7
"608",14,10,"3","57","3","1","6/30/2021","Sophie",NA,34.6
"609",14,11,"3","74","2","4","6/30/2021","Sophie",NA,50.6
"610",14,12,"3","35","3","1","6/30/2021","Sophie",NA,83.8
"611",14,13,"3","29","2","1","6/30/2021","Sophie",NA,0
"612",14,14,"3","13","2","4","6/30/2021","Sophie",NA,116.6
"613",14,15,"3","77","5","4","6/30/2021","Sophie",NA,7.5
"614",14,16,"3","35","2","5","6/30/2021","Sophie",NA,81.6
"615",14,17,"3","47","3","2","6/30/2021","Sophie",NA,111
"616",14,18,"3","62","4","3","6/30/2021","Sophie",NA,474.5
"617",14,19,"3","30","4","2","6/30/2021","Sophie",NA,33.5
"618",14,20,"3","31","4","3","6/30/2021","Sophie",NA,133.2
"619",14,21,"3","46","4","2","6/30/2021","Sophie",NA,26.4
"620",14,22,"3","49","3","3","6/30/2021","Sophie",NA,74.1
"621",14,23,"3","49","4","1","6/30/2021","Sophie",NA,38.9
"622",14,24,"3","31","4","4","6/30/2021","Sophie",NA,15.5
"623",14,25,"3","40","4","2","6/30/2021","Sophie",NA,121
"624",14,26,"4","13","2","5","6/30/2021","Sophie",NA,33.6
"625",14,27,"4","6","5","2","6/30/2021","Sophie",NA,260.6
"626",14,28,"4","46","5","2","6/30/2021","Sophie",NA,83.8
"627",14,29,"4","19","1","2","6/30/2021","Sophie",NA,174.8
"628",14,30,"4","47","2","1","6/30/2021","Sophie",NA,165.8
"629",14,31,"4","2","1","3","6/30/2021","Sophie",NA,37.5
"630",14,32,"4","12","2","3","6/30/2021","Sophie",NA,208.9
"631",14,33,"4","13","3","5","6/30/2021","Sophie",NA,0
"632",14,34,"4","5","4","3","6/30/2021","Sophie",NA,9.9
"633",14,35,"4","79","2","4","6/30/2021","Sophie",NA,0
"634",14,36,"4","41","2","2","6/30/2021","Sophie",NA,37.9
"635",14,37,"4","35","4","2","6/30/2021","Sophie",NA,0
"636",14,38,"4","17","1","5","6/30/2021","Sophie",NA,73.6
"637",14,39,"4","13","2","1","6/30/2021","Sophie",NA,4.7
"638",14,40,"4","12","4","2","6/30/2021","Sophie",NA,0
"639",14,41,"4","19","2","4","6/30/2021","Sophie",NA,0
"640",14,42,"4","39","1","5","6/30/2021","Sophie",NA,0
"641",14,43,"4","41","1","2","6/30/2021","Sophie",NA,107.8
"642",14,44,"4","20","2","1","6/30/2021","Sophie",NA,0
"643",14,45,"4","5","1","5","6/30/2021","Sophie",NA,9.9
"644",14,46,"4","35","5","1","6/30/2021","Sophie",NA,0
"645",15,1,"3","4","5","4","6/30/2021","Hayden",NA,130.82
"646",15,2,"3","29","3","4","6/30/2021","Hayden",NA,0
"647",15,3,"3","41","1","3","6/30/2021","Hayden",NA,70.09
"648",15,4,"3","27","4","2","6/30/2021","Hayden",NA,131.32
"649",15,5,"3","46","4","3","6/30/2021","Hayden",NA,57
"650",15,6,"3","31","2","3","6/30/2021","Hayden",NA,104.1
"651",15,7,"3","17","4","3","6/30/2021","Hayden",NA,38.7
"652",15,8,"3","57","2","4","6/30/2021","Hayden",NA,200.18
"653",15,9,"3","18","3","3","6/30/2021","Hayden",NA,116.63
"654",15,10,"3","8","3","2","6/30/2021","Hayden",NA,39.29
"655",15,11,"3","68","2","2","6/30/2021","Hayden",NA,134.35
"656",15,12,"3","68","4","2","6/30/2021","Hayden",NA,166.74
"657",15,13,"3","27","3","4","6/30/2021","Hayden",NA,301.69
"658",15,14,"3","17","3","3","6/30/2021","Hayden",NA,228.04
"659",15,15,"3","14","3","3","6/30/2021","Hayden",NA,106.01
"660",15,16,"3","1","5","5","6/30/2021","Hayden",NA,117.27
"661",15,17,"3","57","3","4","6/30/2021","Hayden",NA,0
"662",15,18,"3","21","2","1","6/30/2021","Hayden",NA,68.9
"663",15,19,"3","20","3","4","6/30/2021","Hayden",NA,0
"664",15,20,"3","27","3","1","6/30/2021","Hayden",NA,0
"665",15,21,"3","67","2","4","6/30/2021","Hayden",NA,15.45
"666",15,22,"3","7","4","1","6/30/2021","Hayden",NA,64.11
"667",15,23,"3","27","5","4","6/30/2021","Hayden",NA,128.21
"668",15,24,"3","68","3","1","6/30/2021","Hayden",NA,117.62
"669",15,25,"3","74","1","2","6/30/2021","Hayden",NA,79.73
"670",15,26,"4","29","3","1","6/30/2021","Hayden",NA,9.43
"671",15,27,"4","29","2","4","6/30/2021","Hayden",NA,0
"672",15,28,"4","15","3","3","6/30/2021","Hayden",NA,91.25
"673",15,29,"4","14","2","5","6/30/2021","Hayden",NA,53.33
"674",15,30,"4","31","3","5","6/30/2021","Hayden",NA,118.02
"675",15,31,"4","69","1","1","6/30/2021","Hayden",NA,48.27
"676",15,32,"4","77","2","3","6/30/2021","Hayden",NA,0
"677",15,33,"4","4","5","1","6/30/2021","Hayden",NA,114.39
"678",15,34,"4","11","3","4","6/30/2021","Hayden",NA,0
"679",15,35,"4","57","4","1","6/30/2021","Hayden",NA,44.55
"680",15,36,"4","72","4","2","6/30/2021","Hayden",NA,0
"681",15,37,"4","5","1","1","6/30/2021","Hayden",NA,225.19
"682",15,38,"4","56","4","5","6/30/2021","Hayden",NA,279.47
"683",15,39,"4","40","2","5","6/30/2021","Hayden",NA,89.83
"684",15,40,"4","9","1","1","6/30/2021","Hayden",NA,25.83
"685",15,41,"4","40","3","3","6/30/2021","Hayden",NA,47.16
"686",15,42,"4","3","3","4","6/30/2021","Hayden",NA,0
"687",15,43,"4","20","5","2","6/30/2021","Hayden",NA,213.85
"688",15,44,"4","3","2","1","6/30/2021","Hayden",NA,13.19
"689",15,45,"4","41","4","5","6/30/2021","Hayden",NA,36.48
"690",15,46,"4","18","4","5","6/30/2021","Hayden",NA,0
"691",16,1,"3","15","4","2","6/29/2021","Hayden",NA,16.15
"692",16,2,"3","57","4","2","6/29/2021","Hayden",NA,9.22
"693",16,3,"3","27","1","1","6/29/2021","Hayden",NA,0
"694",16,4,"3","77","2","1","6/29/2021","Hayden",NA,218.51
"695",16,5,"3","29","4","4","6/29/2021","Hayden",NA,84.68
"696",16,6,"3","21","3","2","6/29/2021","Hayden",NA,220.32
"697",16,7,"3","31","1","2","6/29/2021","Hayden",NA,119.37
"698",16,8,"3","36","5","1","6/29/2021","Hayden",NA,234.71
"699",16,9,"3","21","4","2","6/29/2021","Hayden",NA,149.36
"700",16,10,"3","15","5","3","6/29/2021","Hayden",NA,210.07
"701",16,11,"3","46","4","4","6/29/2021","Hayden",NA,224.44
"702",16,12,"3","5","2","1","6/29/2021","Hayden",NA,57.45
"703",16,13,"3","41","1","2","6/29/2021","Hayden",NA,72.27
"704",16,14,"3","49","2","2","6/29/2021","Hayden",NA,239.8
"705",16,15,"3","67","5","4","6/29/2021","Hayden",NA,32.34
"706",16,16,"3","7","5","4","6/29/2021","Hayden",NA,78.23
"707",16,17,"3","5","4","5","6/29/2021","Hayden",NA,0
"708",16,18,"3","4","5","5","6/29/2021","Hayden",NA,0
"709",16,19,"3","68","5","1","6/29/2021","Hayden",NA,0
"710",16,20,"3","4","2","3","6/29/2021","Hayden",NA,20.58
"711",16,21,"3","61","4","2","6/29/2021","Hayden",NA,0
"712",16,22,"3","39","4","4","6/29/2021","Hayden",NA,57.62
"713",16,23,"3","1","5","3","6/29/2021","Hayden",NA,95.03
"714",16,24,"3","2","3","2","6/29/2021","Hayden",NA,67.23
"715",16,25,"3","19","1","3","6/29/2021","Hayden",NA,74.49
"717",16,27,"4","27","1","2","6/29/2021","Hayden",NA,76.69
"718",16,28,"4","2","4","2","6/29/2021","Hayden",NA,124.28
"719",16,29,"4","30","2","5","6/29/2021","Hayden",NA,46.68
"720",16,30,"4","19","1","4","6/29/2021","Hayden",NA,235.49
"721",16,31,"4","39","1","4","6/29/2021","Hayden",NA,0
"722",16,32,"4","79","5","5","6/29/2021","Hayden",NA,246.57
"723",16,33,"4","18","2","5","6/29/2021","Hayden",NA,240.32
"724",16,34,"4","31","2","4","6/29/2021","Hayden",NA,0
"725",16,35,"4","67","1","1","6/29/2021","Hayden",NA,8.94
"726",16,36,"4","45","1","5","6/29/2021","Hayden",NA,0
"727",16,37,"4","3","3","1","6/29/2021","Hayden",NA,19
"728",16,38,"4","79","2","3","6/29/2021","Hayden",NA,0
"729",16,39,"4","68","3","2","6/29/2021","Hayden",NA,3.23
"730",16,40,"4","39","1","2","6/29/2021","Hayden",NA,0
"731",16,41,"4","2","4","1","6/29/2021","Hayden",NA,101.32
"732",16,42,"4","20","5","3","6/29/2021","Hayden",NA,0
"733",16,43,"4","3","2","3","6/29/2021","Hayden",NA,10.1
"734",16,44,"4","18","3","5","6/29/2021","Hayden",NA,4.65
"735",16,45,"4","42","1","5","6/29/2021","Hayden",NA,0
"736",16,46,"4","12","3","5","6/29/2021","Hayden",NA,0
"737",17,1,"3","6","4","3","6/30/2021","Sophie",NA,70.4
"738",17,2,"3","8","2","1","6/30/2021","Sophie",NA,134.5
"739",17,3,"3","62","5","1","6/30/2021","Sophie",NA,72.5
"740",17,4,"3","12","5","5","6/30/2021","Sophie",NA,153.6
"741",17,5,"3","8","1","3","6/30/2021","Sophie",NA,0
"742",17,6,"3","79","5","4","6/30/2021","Sophie",NA,88
"743",17,7,"3","3","4","5","6/30/2021","Sophie",NA,70.9
"744",17,8,"3","46","3","4","6/30/2021","Sophie",NA,141.6
"745",17,9,"3","79","1","5","6/30/2021","Sophie",NA,152.2
"746",17,10,"3","39","4","5","6/30/2021","Sophie",NA,120
"747",17,11,"3","69","2","3","6/30/2021","Sophie",NA,394.65
"748",17,12,"3","67","4","4","6/30/2021","Sophie",NA,131.3
"749",17,13,"3","11","2","1","6/30/2021","Sophie",NA,258.2
"750",17,14,"3","13","5","1","6/30/2021","Sophie",NA,55.1
"751",17,15,"3","54","1","5","6/30/2021","Sophie",NA,0
"752",17,16,"3","40","2","1","6/30/2021","Sophie",NA,124.3
"753",17,17,"3","12","2","5","6/30/2021","Sophie",NA,200.2
"754",17,18,"3","15","4","5","6/30/2021","Sophie",NA,0
"755",17,19,"3","77","5","2","6/30/2021","Sophie",NA,172.9
"756",17,20,"3","40","1","1","6/30/2021","Sophie",NA,110.4
"757",17,21,"3","69","1","5","6/30/2021","Sophie",NA,0
"758",17,22,"3","67","3","1","6/30/2021","Sophie",NA,88.2
"759",17,23,"3","36","4","5","6/30/2021","Sophie",NA,0
"760",17,24,"3","16","1","3","6/30/2021","Sophie",NA,119.2
"761",17,25,"3","13","1","1","6/30/2021","Sophie",NA,9.9
"762",17,26,"4","18","1","5","6/30/2021","Sophie",NA,19.8
"763",17,27,"4","61","3","2","6/30/2021","Sophie",NA,0
"764",17,28,"4","12","4","3","6/30/2021","Sophie",NA,0
"765",17,29,"4","5","5","1","6/30/2021","Sophie",NA,114.9
"766",17,30,"4","49","2","5","6/29/2021","Sophie",NA,41.4
"767",17,31,"4","74","1","1","6/29/2021","Sophie",NA,24.8
"768",17,32,"4","36","4","3","6/29/2021","Sophie",NA,28.7
"769",17,33,"4","67","3","4","6/29/2021","Sophie",NA,0
"770",17,34,"4","15","1","3","6/29/2021","Sophie",NA,0
"771",17,35,"4","5","3","4","6/29/2021","Sophie",NA,0
"772",17,36,"4","16","3","2","6/29/2021","Sophie",NA,0
"773",17,37,"4","7","2","5","6/29/2021","Sophie",NA,0
"774",17,38,"4","26","1","5","6/29/2021","Sophie",NA,0
"775",17,39,"4","57","3","3","6/29/2021","Sophie",NA,0
"776",17,40,"4","68","2","4","6/29/2021","Sophie",NA,0
"777",17,41,"4","19","2","3","6/29/2021","Sophie",NA,0
"778",17,42,"4","61","5","4","6/29/2021","Sophie",NA,0
"779",17,43,"4","30","3","2","6/29/2021","Sophie",NA,0
"780",17,44,"4","5","4","2","6/29/2021","Sophie",NA,0
"781",17,45,"4","27","5","5","6/29/2021","Sophie",NA,0
"782",17,46,"4","1","4","4","6/29/2021","Sophie",NA,90.8
"783",18,1,"3","5","1","2","6/28/2021","Hayden",NA,91.58
"784",18,2,"3","39","2","3","6/28/2021","Hayden",NA,134.68
"785",18,3,"3","61","1","4","6/28/2021","Hayden",NA,11.42
"786",18,4,"3","64","5","4","6/28/2021","Hayden",NA,91.44
"787",18,5,"3","46","4","5","6/28/2021","Hayden",NA,21.59
"788",18,6,"3","2","3","3","6/28/2021","Hayden",NA,80.92
"789",18,7,"3","17","2","2","6/28/2021","Hayden",NA,0
"790",18,8,"3","68","1","3","6/28/2021","Hayden",NA,108.89
"791",18,9,"3","4","4","3","6/28/2021","Hayden",NA,85.47
"792",18,10,"3","3","5","2","6/28/2021","Hayden",NA,7.63
"793",18,11,"3","18","3","2","6/28/2021","Hayden",NA,152.4
"794",18,12,"3","56","3","2","6/28/2021","Hayden",NA,175.59
"795",18,13,"3","42","1","3","6/28/2021","Hayden",NA,117.77
"796",18,14,"3","62","5","4","6/28/2021","Hayden",NA,269.43
"797",18,15,"3","14","3","4","6/28/2021","Hayden",NA,19.13
"798",18,16,"3","28","4","2","6/28/2021","Hayden",NA,106.13
"799",18,17,"3","11","1","5","6/28/2021","Hayden",NA,415.16
"800",18,18,"3","49","3","2","6/28/2021","Hayden",NA,44.38
"801",18,19,"3","7","4","5","6/28/2021","Hayden",NA,98.2
"802",18,20,"3","15","1","1","6/28/2021","Hayden",NA,0
"803",18,21,"3","69","1","3","6/28/2021","Hayden",NA,35.98
"804",18,22,"3","74","5","3","6/28/2021","Hayden",NA,0
"805",18,23,"3","47","3","4","6/28/2021","Hayden",NA,0
"806",18,24,"3","62","3","2","6/28/2021","Hayden",NA,0
"807",18,25,"3","39","1","3","6/28/2021","Hayden",NA,4.86
"808",18,26,"4","36","5","5","6/28/2021","Hayden",NA,149.12
"809",18,27,"4","6","3","2","6/28/2021","Hayden",NA,35.77
"810",18,28,"4","39","1","1","6/28/2021","Hayden",NA,42.91
"811",18,29,"4","20","1","1","6/28/2021","Hayden",NA,0
"812",18,30,"4","21","1","5","6/28/2021","Hayden",NA,52.87
"813",18,31,"4","64","1","5","6/28/2021","Hayden",NA,41.43
"814",18,32,"4","5","3","3","6/28/2021","Hayden",NA,102.6
"815",18,33,"4","18","5","4","6/28/2021","Hayden",NA,86.87
"816",18,34,"4","21","1","1","6/28/2021","Hayden",NA,26.19
"817",18,35,"4","6","5","5","6/28/2021","Hayden",NA,0
"818",18,36,"4","35","2","3","6/28/2021","Hayden",NA,61.99
"819",18,37,"4","69","2","5","6/28/2021","Hayden",NA,0
"820",18,38,"4","31","4","1","6/28/2021","Hayden",NA,15.52
"821",18,39,"4","30","3","5","6/28/2021","Hayden",NA,0
"822",18,40,"4","46","2","1","6/28/2021","Hayden",NA,0
"823",18,41,"4","3","5","5","6/28/2021","Hayden",NA,0
"824",18,42,"4","18","2","3","6/28/2021","Hayden",NA,0
"825",18,43,"4","40","5","4","6/28/2021","Hayden",NA,0
"826",18,44,"4","20","3","1","6/28/2021","Hayden",NA,8.62
"827",18,45,"4","3","1","1","6/28/2021","Hayden",NA,0
"828",18,46,"4","2","2","4","6/28/2021","Hayden",NA,78.62
"829",19,1,"3","2","2","1","6/29/2021","Sophie",NA,30.9
"830",19,2,"3","31","3","1","6/29/2021","Sophie",NA,25.96
"831",19,3,"3","40","4","3","6/29/2021","Sophie",NA,141
"832",19,4,"3","4","2","5","6/29/2021","Sophie",NA,28.9
"833",19,5,"3","72","2","5","6/29/2021","Sophie",NA,69.4
"834",19,6,"3","64","5","5","6/29/2021","Sophie",NA,26.6
"835",19,7,"3","69","2","2","6/29/2021","Sophie",NA,16.5
"836",19,8,"3","26","1","3","6/29/2021","Sophie",NA,53.7
"837",19,9,"3","61","5","2","6/29/2021","Sophie",NA,66.9
"838",19,10,"3","45","1","3","6/29/2021","Sophie",NA,0
"839",19,11,"3","72","4","1","6/29/2021","Sophie",NA,84.3
"840",19,12,"3","18","3","4","6/29/2021","Sophie",NA,161
"841",19,13,"3","19","2","1","6/29/2021","Sophie",NA,195.4
"842",19,14,"3","64","3","1","6/29/2021","Sophie",NA,55.5
"843",19,15,"3","47","1","2","6/29/2021","Sophie",NA,112.4
"844",19,16,"3","2","5","1","6/29/2021","Sophie",NA,0
"845",19,17,"3","6","3","3","6/29/2021","Sophie",NA,106.9
"846",19,18,"3","12","1","1","6/29/2021","Sophie",NA,80.3
"847",19,19,"3","46","2","4","6/29/2021","Sophie",NA,109.5
"848",19,20,"3","28","4","3","6/29/2021","Sophie",NA,89.4
"849",19,21,"3","74","1","4","6/29/2021","Sophie",NA,32.9
"850",19,22,"3","46","3","1","6/29/2021","Sophie",NA,48
"851",19,23,"3","6","1","4","6/29/2021","Sophie",NA,77.9
"852",19,24,"3","61","3","5","6/29/2021","Sophie",NA,35.2
"853",19,25,"3","15","2","2","6/29/2021","Sophie",NA,35.9
"854",19,26,"4","8","1","5","6/29/2021","Sophie",NA,5.8
"855",19,27,"4","1","5","1","6/29/2021","Sophie",NA,20.9
"856",19,28,"4","13","2","2","6/29/2021","Sophie",NA,105.2
"857",19,29,"4","61","3","1","6/29/2021","Sophie",NA,50.4
"858",19,30,"4","7","2","1","6/29/2021","Sophie",NA,13.8
"859",19,31,"4","1","4","2","6/29/2021","Sophie",NA,0
"860",19,32,"4","62","5","3","6/29/2021","Sophie",NA,2.6
"861",19,33,"4","57","4","3","6/29/2021","Sophie",NA,322.6
"862",19,34,"4","29","5","5","6/29/2021","Sophie",NA,42.8
"863",19,35,"4","28","1","1","6/29/2021","Sophie",NA,9.2
"864",19,36,"4","11","4","1","6/29/2021","Sophie",NA,0
"865",19,37,"4","27","5","1","6/29/2021","Sophie",NA,46.7
"866",19,38,"4","79","3","2","6/29/2021","Sophie",NA,0
"867",19,39,"4","21","2","4","6/29/2021","Sophie",NA,22.3
"868",19,40,"4","15","1","2","6/29/2021","Sophie",NA,56.7
"869",19,41,"4","19","2","5","6/29/2021","Sophie",NA,0
"870",19,42,"4","9","2","3","6/29/2021","Sophie",NA,0
"871",19,43,"4","49","2","1","6/29/2021","Sophie",NA,0
"872",19,44,"4","20","3","3","6/29/2021","Sophie",NA,0
"873",19,45,"4","15","3","2","6/29/2021","Sophie",NA,364.4
"874",19,46,"4","46","3","5","6/29/2021","Sophie",NA,0
"875",20,1,"3","2","3","4","6/28/2021","Hayden",NA,40.61
"876",20,2,"3","56","3","1","6/28/2021","Hayden",NA,0
"877",20,3,"3","3","3","2","6/28/2021","Hayden",NA,21.84
"878",20,4,"3","46","5","4","6/28/2021","Hayden",NA,36.73
"879",20,5,"3","29","1","1","6/28/2021","Hayden",NA,30.7
"880",20,6,"3","19","5","3","6/28/2021","Hayden",NA,120.81
"881",20,7,"3","49","1","3","6/28/2021","Hayden",NA,0
"882",20,8,"3","27","2","2","6/28/2021","Hayden",NA,53.95
"883",20,9,"3","36","5","4","6/28/2021","Hayden",NA,16.8
"884",20,10,"3","21","5","2","6/28/2021","Hayden",NA,39.95
"885",20,11,"3","1","5","4","6/28/2021","Hayden",NA,57.38
"886",20,12,"3","67","5","2","6/28/2021","Hayden",NA,4.69
"887",20,13,"3","3","4","4","6/28/2021","Hayden",NA,200.91
"888",20,14,"3","30","4","1","6/28/2021","Hayden",NA,21.38
"889",20,15,"3","1","3","3","6/28/2021","Hayden",NA,103.58
"890",20,16,"3","72","1","4","6/28/2021","Hayden",NA,27.04
"891",20,17,"3","6","1","5","6/28/2021","Hayden",NA,133.94
"892",20,18,"3","67","3","3","6/28/2021","Hayden",NA,131.98
"893",20,19,"3","5","3","1","6/28/2021","Hayden",NA,29.84
"894",20,20,"3","11","2","2","6/28/2021","Hayden",NA,22.08
"895",20,21,"3","18","1","3","6/28/2021","Hayden",NA,0
"896",20,22,"3","57","2","2","6/28/2021","Hayden",NA,0
"897",20,23,"3","18","4","4","6/28/2021","Hayden",NA,87.71
"898",20,24,"3","8","3","4","6/28/2021","Hayden",NA,141.33
"899",20,25,"3","51","4","4","6/28/2021","Hayden",NA,34.93
"900",20,26,"4","31","4","5","6/28/2021","Hayden",NA,0
"901",20,27,"4","19","3","3","6/28/2021","Hayden",NA,0
"902",20,28,"4","5","2","5","6/28/2021","Hayden",NA,46.57
"903",20,29,"4","36","2","3","6/28/2021","Hayden",NA,25.1
"904",20,30,"4","18","4","2","6/28/2021","Hayden",NA,1.75
"905",20,31,"4","30","2","3","6/28/2021","Hayden",NA,138.2
"906",20,32,"4","79","1","2","6/28/2021","Hayden",NA,25.16
"907",20,33,"4","36","1","3","6/28/2021","Hayden",NA,49.37
"908",20,34,"4","2","5","2","6/28/2021","Hayden",NA,138.58
"909",20,35,"4","28","4","1","6/28/2021","Hayden",NA,8.78
"910",20,36,"4","77","1","3","6/28/2021","Hayden",NA,72.78
"911",20,37,"4","40","2","3","6/28/2021","Hayden",NA,63.19
"912",20,38,"4","15","4","3","6/28/2021","Hayden",NA,30.31
"913",20,39,"4","47","1","3","6/28/2021","Hayden",NA,36.04
"914",20,40,"4","3","5","3","6/28/2021","Hayden",NA,0
"915",20,41,"4","30","5","1","6/28/2021","Hayden",NA,26.66
"916",20,42,"4","27","4","4","6/28/2021","Hayden",NA,0
"917",20,43,"4","18","5","5","6/28/2021","Hayden",NA,0
"918",20,44,"4","2","3","5","6/28/2021","Hayden",NA,71.17
"919",20,45,"4","36","3","2","6/28/2021","Hayden",NA,0
"920",20,46,"4","35","3","4","6/28/2021","Hayden",NA,67.6
"921",21,1,"3","30","2","2","6/28/2021","Hayden",NA,46.67
"922",21,2,"3","8","3","1","6/28/2021","Hayden",NA,21.83
"923",21,3,"3","31","1","4","6/28/2021","Hayden",NA,264.52
"924",21,4,"3","2","1","4","6/28/2021","Hayden",NA,63.77
"925",21,5,"3","16","3","1","6/28/2021","Hayden",NA,0
"926",21,6,"3","29","5","1","6/28/2021","Hayden",NA,30.71
"927",21,7,"3","8","2","4","6/28/2021","Hayden",NA,50.4
"928",21,8,"3","16","1","5","6/28/2021","Hayden",NA,0
"929",21,9,"3","67","2","3","6/28/2021","Hayden",NA,84.43
"930",21,10,"3","46","1","4","6/28/2021","Hayden",NA,140.15
"931",21,11,"3","72","5","2","6/28/2021","Hayden",NA,53.9
"932",21,12,"3","3","1","2","6/28/2021","Hayden",NA,0
"933",21,13,"3","2","4","4","6/28/2021","Hayden",NA,0
"934",21,14,"3","47","3","1","6/28/2021","Hayden",NA,14.9
"935",21,15,"3","51","4","5","6/28/2021","Hayden",NA,11.17
"936",21,16,"3","14","2","4","6/28/2021","Hayden",NA,0
"937",21,17,"3","42","2","3","6/28/2021","Hayden",NA,9.29
"938",21,18,"3","13","5","3","6/28/2021","Hayden",NA,0
"939",21,19,"3","47","5","5","6/28/2021","Hayden",NA,0
"940",21,20,"3","77","4","1","6/28/2021","Hayden",NA,0
"941",21,21,"3","30","3","4","6/28/2021","Hayden",NA,0
"942",21,22,"3","6","5","1","6/28/2021","Hayden",NA,0
"943",21,23,"3","18","4","1","6/28/2021","Hayden",NA,77.67
"944",21,24,"3","35","5","4","6/28/2021","Hayden",NA,0
"945",21,25,"3","35","3","1","6/28/2021","Hayden",NA,0
"946",21,26,"4","30","5","5","6/28/2021","Hayden",NA,0
"947",21,27,"4","18","2","2","6/28/2021","Hayden",NA,139.33
"948",21,28,"4","8","2","3","6/28/2021","Hayden",NA,178.02
"949",21,29,"4","68","2","1","6/28/2021","Hayden",NA,55.39
"950",21,30,"4","6","4","1","6/28/2021","Hayden",NA,92.9
"951",21,31,"4","4","5","3","6/28/2021","Hayden",NA,0
"952",21,32,"4","39","4","3","6/28/2021","Hayden",NA,47.01
"953",21,33,"4","35","4","2","6/28/2021","Hayden",NA,37.04
"954",21,34,"4","7","1","4","6/28/2021","Hayden",NA,0
"955",21,35,"4","19","5","4","6/28/2021","Hayden",NA,0
"956",21,36,"4","27","3","5","6/28/2021","Hayden",NA,99.02
"957",21,37,"4","23","1","3","6/28/2021","Hayden",NA,57.36
"958",21,38,"4","3","3","3","6/28/2021","Hayden",NA,13.83
"959",21,39,"4","40","4","4","6/28/2021","Hayden",NA,10.47
"960",21,40,"4","27","1","3","6/28/2021","Hayden",NA,0
"961",21,41,"4","12","3","3","6/28/2021","Hayden",NA,406.62
"962",21,42,"4","31","2","5","6/28/2021","Hayden",NA,0
"963",21,43,"4","3","4","2","6/28/2021","Hayden",NA,0
"964",21,44,"4","56","2","5","6/28/2021","Hayden",NA,6.75
"965",21,45,"4","11","3","3","6/28/2021","Hayden",NA,64.11
"966",21,46,"4","47","2","5","6/28/2021","Hayden",NA,0
