Row,Column,Block,Population,Family,Replicate,Dead?_DC3_2019,Alive_ram_2019,Comment,Height_cm_ram1,Height_cm_ram2,Height_cm_ram3,Height_cm_ram4,Height_cm_ram5,Height_cm_ram6,Height_cm_ram7,Height_cm_ram8,Height_cm_ram9,Height_cm_ram10,Height_cm_ram11,Height_cm_ram12,Height_cm_ram13,Height_cm_ram14,Total_Height,Date
1,1,NO PLANT,NO PLANT,NO PLANT,NO PLANT,NO PLANT,NO PLANT,NO PLANT,NO PLANT,NO PLANT,NO PLANT,NO PLANT,NO PLANT,NO PLANT,NO PLANT,NO PLANT,NO PLANT,NO PLANT,NO PLANT,NO PLANT,NO PLANT,NO PLANT,NO PLANT,NO PLANT
1,2,NO PLANT,NO PLANT,NO PLANT,NO PLANT,NO PLANT,NO PLANT,NO PLANT,NO PLANT,NO PLANT,NO PLANT,NO PLANT,NO PLANT,NO PLANT,NO PLANT,NO PLANT,NO PLANT,NO PLANT,NO PLANT,NO PLANT,NO PLANT,NO PLANT,NO PLANT,NO PLANT
1,3,NO PLANT,NO PLANT,NO PLANT,NO PLANT,NO PLANT,NO PLANT,NO PLANT,NO PLANT,NO PLANT,NO PLANT,NO PLANT,NO PLANT,NO PLANT,NO PLANT,NO PLANT,NO PLANT,NO PLANT,NO PLANT,NO PLANT,NO PLANT,NO PLANT,NO PLANT,NO PLANT
1,4,NO PLANT,NO PLANT,NO PLANT,NO PLANT,NO PLANT,NO PLANT,NO PLANT,NO PLANT,NO PLANT,NO PLANT,NO PLANT,NO PLANT,NO PLANT,NO PLANT,NO PLANT,NO PLANT,NO PLANT,NO PLANT,NO PLANT,NO PLANT,NO PLANT,NO PLANT,NO PLANT
1,5,NO PLANT,NO PLANT,NO PLANT,NO PLANT,NO PLANT,NO PLANT,NO PLANT,NO PLANT,NO PLANT,NO PLANT,NO PLANT,NO PLANT,NO PLANT,NO PLANT,NO PLANT,NO PLANT,NO PLANT,NO PLANT,NO PLANT,NO PLANT,NO PLANT,NO PLANT,NO PLANT
1,6,NO PLANT,NO PLANT,NO PLANT,NO PLANT,NO PLANT,NO PLANT,NO PLANT,NO PLANT,NO PLANT,NO PLANT,NO PLANT,NO PLANT,NO PLANT,NO PLANT,NO PLANT,NO PLANT,NO PLANT,NO PLANT,NO PLANT,NO PLANT,NO PLANT,NO PLANT,NO PLANT
1,7,NO PLANT,NO PLANT,NO PLANT,NO PLANT,NO PLANT,NO PLANT,NO PLANT,NO PLANT,NO PLANT,NO PLANT,NO PLANT,NO PLANT,NO PLANT,NO PLANT,NO PLANT,NO PLANT,NO PLANT,NO PLANT,NO PLANT,NO PLANT,NO PLANT,NO PLANT,NO PLANT
1,8,NO PLANT,NO PLANT,NO PLANT,NO PLANT,NO PLANT,NO PLANT,NO PLANT,NO PLANT,NO PLANT,NO PLANT,NO PLANT,NO PLANT,NO PLANT,NO PLANT,NO PLANT,NO PLANT,NO PLANT,NO PLANT,NO PLANT,NO PLANT,NO PLANT,NO PLANT,NO PLANT
1,9,NO PLANT,NO PLANT,NO PLANT,NO PLANT,NO PLANT,NO PLANT,NO PLANT,NO PLANT,NO PLANT,NO PLANT,NO PLANT,NO PLANT,NO PLANT,NO PLANT,NO PLANT,NO PLANT,NO PLANT,NO PLANT,NO PLANT,NO PLANT,NO PLANT,NO PLANT,NO PLANT
1,10,NO PLANT,NO PLANT,NO PLANT,NO PLANT,NO PLANT,NO PLANT,NO PLANT,NO PLANT,NO PLANT,NO PLANT,NO PLANT,NO PLANT,NO PLANT,NO PLANT,NO PLANT,NO PLANT,NO PLANT,NO PLANT,NO PLANT,NO PLANT,NO PLANT,NO PLANT,NO PLANT
1,11,NO PLANT,NO PLANT,NO PLANT,NO PLANT,NO PLANT,NO PLANT,NO PLANT,NO PLANT,NO PLANT,NO PLANT,NO PLANT,NO PLANT,NO PLANT,NO PLANT,NO PLANT,NO PLANT,NO PLANT,NO PLANT,NO PLANT,NO PLANT,NO PLANT,NO PLANT,NO PLANT
1,12,NO PLANT,NO PLANT,NO PLANT,NO PLANT,NO PLANT,NO PLANT,NO PLANT,NO PLANT,NO PLANT,NO PLANT,NO PLANT,NO PLANT,NO PLANT,NO PLANT,NO PLANT,NO PLANT,NO PLANT,NO PLANT,NO PLANT,NO PLANT,NO PLANT,NO PLANT,NO PLANT
1,13,1,40,3,5,0,5,,1,6,12.8,15.2,,,,,,,,,,,35,6/26/2020
1,14,1,41,2,5,0,1,,11.1,,,,,,,,,,,,,,11.1,6/26/2020
1,15,1,14,2,1,0,1,,23.1,,,,,,,,,,,,,,23.1,6/26/2020
1,16,1,40,4,5,0,1,,0,,,,,,,,,,,,,,0,6/26/2020
1,17,1,15,5,5,1,,,6.1,,,,,,,,,,,,,,6.1,6/26/2020
1,18,1,49,4,2,1,,,0,,,,,,,,,,,,,,0,6/26/2020
1,19,1,7,2,2,0,1,,25.6,23,22.5,17.2,,,,,,,,,,,88.3,6/26/2020
1,20,1,29,3,5,1,,,0,,,,,,,,,,,,,,0,6/26/2020
1,21,1,15,5,2,0,3,,8.2,18.3,,,,,,,,,,,,,26.5,6/26/2020
1,22,1,3,3,5,0,1,,10.8,7.5,22.4,,,,,,,,,,,,40.7,6/26/2020
1,23,1,68,4,5,0,1,,27.1,,,,,,,,,,,,,,27.1,6/26/2020
1,24,2,11,3,5,0,1,,2.3,25.7,,,,,,,,,,,,,28,6/26/2020
1,25,2,36,4,2,0,2,,17.2,20.2,,,,,,,,,,,,,37.4,6/26/2020
1,26,2,40,3,4,0,1,,3.3,4.1,9.2,,,,,,,,,,,,16.6,6/26/2020
1,27,2,67,3,5,0,5,,1.9,3.6,11.3,10.3,22.2,43.5,37.8,,,,,,,,130.6,6/26/2020
1,28,2,13,3,4,1,,,0,,,,,,,,,,,,,,0,6/26/2020
1,29,2,5,2,2,0,1,,17.5,9.4,15,10.3,33.3,,,,,,,,,,85.5,6/26/2020
1,30,2,31,3,4,0,1,,0,,,,,,,,,,,,,,0,6/26/2020
1,31,2,31,1,1,0,1,,6.6,3.5,6.5,14.5,,,,,,,,,,,31.1,6/26/2020
1,32,2,62,5,2,0,2,,26.9,36.4,,,,,,,,,,,,,63.3,6/26/2020
1,33,2,13,1,5,0,1,,14.3,,,,,,,,,,,,,,14.3,6/26/2020
1,34,2,13,2,3,0,1,,12.1,12.6,,,,,,,,,,,,,24.7,6/26/2020
1,35,2,19,3,2,0,1,,10,11.1,15.9,2.9,19.3,,,,,,,,,,59.2,6/26/2020
1,36,2,30,3,1,0,1,,10.1,2.3,13.2,15.6,2.2,,,,,,,,,,43.4,6/26/2020
1,37,2,18,1,2,0,1,,20.5,10.4,40.3,,,,,,,,,,,,71.2,6/26/2020
1,38,2,31,5,1,0,1,,6.2,24.6,,,,,,,,,,,,,30.8,6/26/2020
1,39,2,7,4,2,0,1,,4.2,,,,,,,,,,,,,,4.2,6/26/2020
1,40,2,8,1,4,0,1,,44.6,46,41.8,,,,,,,,,,,,132.4,6/26/2020
1,41,2,23,1,5,0,0,,18.5,7,,,,,,,,,,,,,25.5,6/26/2020
1,42,2,4,1,3,0,1,,20.1,,,,,,,,,,,,,,20.1,6/26/2020
1,43,2,36,3,3,0,2,,4.3,22.2,,,,,,,,,,,,,26.5,6/26/2020
1,44,2,30,4,5,0,2,,14.6,11,17.3,,,,,,,,,,,,42.9,6/26/2020
1,45,2,62,2,1,0,2,,17.1,20.6,,,,,,,,,,,,,37.7,6/26/2020
1,46,2,6,2,4,0,2,,10.5,5.3,,,,,,,,,,,,,15.8,6/26/2020
2,1,1,79,4,5,0,2,,35.1,30.7,8,,,,,,,,,,,,73.8,6/26/2020
2,2,1,6,2,5,0,2,,7,7.3,,,,,,,,,,,,,14.3,6/26/2020
2,3,1,68,1,4,0,2,,5.7,6.9,17.6,24.2,,,,,,,,,,,54.4,6/26/2020
2,4,1,39,2,1,0,1,,5.6,,,,,,,,,,,,,,5.6,6/26/2020
2,5,1,49,3,5,0,2,,9.2,17.5,,,,,,,,,,,,,26.7,6/26/2020
2,6,1,14,5,2,0,0,,6.8,14.1,17.2,,,,,,,,,,,,38.1,6/26/2020
2,7,1,56,3,4,0,1,,8.5,,,,,,,,,,,,,,8.5,6/26/2020
2,8,1,27,2,5,0,1,,0,,,,,,,,,,,,,,0,6/26/2020
2,9,1,21,3,4,0,2,,22.5,8.3,,,,,,,,,,,,,30.8,6/26/2020
2,10,1,14,2,2,0,1,,10.1,16.2,,,,,,,,,,,,,26.3,6/26/2020
2,11,1,72,2,1,0,1,,28,10.2,,,,,,,,,,,,,38.2,6/26/2020
2,12,1,2,1,1,0,3,,8.2,28.3,,,,,,,,,,,,,36.5,6/26/2020
2,13,1,36,2,4,0,0,,20.6,,,,,,,,,,,,,,20.6,6/26/2020
2,14,1,35,2,1,0,0,,15.4,17.8,17.3,,,,,,,,,,,,50.5,6/26/2020
2,15,1,15,3,4,0,2,,0,,,,,,,,,,,,,,0,6/26/2020
2,16,1,40,2,2,0,2,,21.4,,,,,,,,,,,,,,21.4,6/26/2020
2,17,1,46,1,5,0,4,,22,16,9.1,,,,,,,,,,,,47.1,6/26/2020
2,18,1,6,4,2,0,1,,7.4,18.9,,,,,,,,,,,,,26.3,6/26/2020
2,19,1,9,1,3,0,1,,5.6,14.7,,,,,,,,,,,,,20.3,6/26/2020
2,20,1,18,5,1,0,1,,6.2,10.7,5.6,6.3,16.9,,,,,,,,,,45.7,6/26/2020
2,21,1,79,1,4,0,1,,7.1,33.2,,,,,,,,,,,,,40.3,6/26/2020
2,22,1,77,1,5,0,1,,4.2,10.4,27,,,,,,,,,,,,41.6,6/26/2020
2,23,1,31,4,2,0,4,,7.7,7.8,2,2.5,3.5,7.2,10.4,,,,,,,,41.1,6/26/2020
2,24,2,47,2,3,0,4,,4.6,12.6,12.2,15.2,,,,,,,,,,,44.6,6/26/2020
2,25,2,68,5,3,0,2,,21.3,,,,,,,,,,,,,,21.3,6/26/2020
2,26,2,28,1,4,0,1,,11.3,,,,,,,,,,,,,,11.3,6/26/2020
2,27,2,14,3,5,0,0,,21.3,10.9,,,,,,,,,,,,,32.2,6/26/2020
2,28,2,2,5,5,0,2,,18,7.1,6.4,5.6,21.5,,,,,,,,,,58.6,6/26/2020
2,29,2,42,2,2,0,2,,0,,,,,,,,,,,,,,0,6/26/2020
2,30,2,41,1,1,0,2,,3.9,11.4,39.9,,,,,,,,,,,,55.2,6/26/2020
2,31,2,68,3,3,0,2,,24.9,25.3,,,,,,,,,,,,,50.2,6/26/2020
2,32,2,14,4,2,1,,,0,,,,,,,,,,,,,,0,6/26/2020
2,33,2,72,1,2,0,0,,11.1,12,21.8,,,,,,,,,,,,44.9,6/26/2020
2,34,2,2,4,3,0,1,,37.1,8.6,,,,,,,,,,,,,45.7,6/26/2020
2,35,2,4,1,2,0,1,,8.5,4.6,6.5,8.1,7.7,14.5,,,,,,,,,49.9,6/26/2020
2,36,2,49,4,3,0,1,,11.2,,,,,,,,,,,,,,11.2,6/26/2020
2,37,2,17,2,4,0,1,,14.2,7,,,,,,,,,,,,,21.2,6/26/2020
2,38,2,6,1,3,0,1,,27.7,,,,,,,,,,,,,,27.7,6/26/2020
2,39,2,77,2,2,0,1,,8.3,9.1,36.5,,,,,,,,,,,,53.9,6/26/2020
2,40,2,47,2,4,0,1,,4.2,31.6,,,,,,,,,,,,,35.8,6/26/2020
2,41,2,64,1,3,0,3,,38.9,38,45.7,19.9,39.2,2.8,,,,,,,,,184.5,6/26/2020
2,42,2,57,5,1,0,1,,12.2,20,,,,,,,,,,,,,32.2,6/26/2020
2,43,2,57,1,4,0,3,,16.6,,,,,,,,,,,,,,16.6,6/26/2020
2,44,2,15,2,3,0,1,,21.2,,,,,,,,,,,,,,21.2,6/26/2020
2,45,2,79,5,2,0,0,,23.7,11.9,,,,,,,,,,,,,35.6,6/26/2020
2,46,2,17,5,4,0,0,,15.7,,,,,,,,,,,,,,15.7,6/26/2020
3,1,1,12,5,1,1,,,19.7,21.7,,,,,,,,,,,,,41.4,6/26/2020
3,2,1,68,3,4,0,1,,21.2,,,,,,,,,,,,,,21.2,6/26/2020
3,3,1,14,5,1,0,2,,24.6,17.2,22.6,,,,,,,,,,,,64.4,6/26/2020
3,4,1,9,2,2,0,3,,2.2,37.8,22.2,,,,,,,,,,,,62.2,6/26/2020
3,5,1,13,5,5,0,1,,35.5,19.2,,,,,,,,,,,,,54.7,6/26/2020
3,6,1,1,1,2,0,1,,12.8,,,,,,,,,,,,,,12.8,6/26/2020
3,7,1,68,3,5,0,0,,6.6,6.8,16,,,,,,,,,,,,29.4,6/26/2020
3,8,1,15,4,1,1,3,,25.5,22.6,,,,,,,,,,,,,48.1,6/26/2020
3,9,1,4,3,5,0,0,,19.1,,,,,,,,,,,,,,19.1,6/26/2020
3,10,1,2,5,3,0,2,,7.9,8.4,,,,,,,,,,,,,16.3,6/26/2020
3,11,1,49,3,4,0,2,,19,,,,,,,,,,,,,,19,6/26/2020
3,12,1,15,2,4,0,3,,24.9,16.3,,,,,,,,,,,,,41.2,6/26/2020
3,13,1,39,2,2,0,1,,24.1,,,,,,,,,,,,,,24.1,6/26/2020
3,14,1,2,2,5,0,1,,24.3,23.6,16.7,,,,,,,,,,,,64.6,6/26/2020
3,15,1,64,3,2,0,4,,12.4,9.6,16.3,,,,,,,,,,,,38.3,6/26/2020
3,16,1,31,2,2,0,3,,26,27.3,12.5,4,17.3,14.7,15,,,,,,,,116.8,6/26/2020
3,17,1,8,2,5,0,2,,10.1,18.2,9.2,,,,,,,,,,,,37.5,6/26/2020
3,18,1,17,1,1,0,2,"very broad, dark green tough leaves",38,16,9.1,1.2,1.5,0.5,,,,,,,,,66.3,6/26/2020
3,19,1,18,1,4,0,3,,20.8,21,0.6,2,,,,,,,,,,,44.4,6/26/2020
3,20,1,36,2,2,0,2,,16.7,7.8,19.3,10.5,,,,,,,,,,,54.3,6/26/2020
3,21,1,7,3,1,0,4,,17.2,9,20.7,10.3,8,7.8,8.6,,,,,,,,81.6,6/26/2020
3,22,1,69,2,1,0,1,,20.6,,,,,,,,,,,,,,20.6,6/26/2020
3,23,1,30,5,4,0,2,,30.6,,,,,,,,,,,,,,30.6,6/26/2020
3,24,2,4,4,5,0,2,,11.9,22.6,8.6,20.1,,,,,,,,,,,63.2,6/26/2020
3,25,2,16,3,4,1,,,12.5,,,,,,,,,,,,,,12.5,6/26/2020
3,26,2,62,3,1,0,2,,13.4,21.5,,,,,,,,,,,,,34.9,6/26/2020
3,27,2,39,4,2,0,3,,14,16.2,9.5,3.9,6.9,7.2,16.8,13.7,6.8,23.6,6.2,17.7,11.2,36.4,190.1,6/26/2020
3,28,2,77,3,2,0,1,,19.4,26.6,,,,,,,,,,,,,46,6/26/2020
3,29,2,4,4,4,0,2,,11,8.1,9.3,24.6,,,,,,,,,,,53,6/26/2020
3,30,2,72,1,3,0,2,,0,,,,,,,,,,,,,,0,6/26/2020
3,31,2,56,4,4,0,2,,8.1,10.2,31.1,,,,,,,,,,,,49.4,6/26/2020
3,32,2,36,3,5,1,,,0,,,,,,,,,,,,,,0,6/26/2020
3,33,2,21,2,5,0,3,,14.9,15.6,15.3,17.6,13.2,17.2,8.5,10.3,8.2,5.8,,,,,126.6,6/26/2020
3,34,2,31,1,3,0,2,,9.5,34.9,,,,,,,,,,,,,44.4,6/26/2020
3,35,2,77,5,5,0,2,,11.2,16.3,36.7,,,,,,,,,,,,64.2,6/26/2020
3,36,2,72,2,3,0,1,,23,29.1,,,,,,,,,,,,,52.1,6/26/2020
3,37,2,56,2,1,0,1,,11.1,21.3,,,,,,,,,,,,,32.4,6/26/2020
3,38,2,46,2,3,0,2,,31.9,,,,,,,,,,,,,,31.9,6/26/2020
3,39,2,49,5,3,0,2,,4.2,7,18.2,21,16.1,19.3,,,,,,,,,85.8,6/26/2020
3,40,2,12,5,3,0,4,small flowers,19.2,24.8,22.4,44.9,45.1,,,,,,,,,,156.4,6/26/2020
3,41,2,67,4,3,0,2,,7.2,13.5,18.3,5,18.8,6.2,39.1,26.7,,,,,,,134.8,6/26/2020
3,42,2,46,2,2,0,2,,19.2,19.3,19.7,22.5,12.7,21.8,12.1,,,,,,,,127.3,6/26/2020
3,43,2,40,5,2,0,0,,19.2,22.4,18.7,20.2,,,,,,,,,,,80.5,6/26/2020
3,44,2,67,2,5,0,3,,13.2,16.2,25.6,,,,,,,,,,,,55,6/26/2020
3,45,2,1,1,5,0,0,,19.9,13.9,12,6.6,,,,,,,,,,,52.4,6/26/2020
3,46,2,19,1,1,0,2,,6.8,13,10.2,14.7,15.8,8.2,,,,,,,,,68.7,6/26/2020
4,1,1,21,4,1,0,3,,44.7,23.7,39.3,17.6,3,,,,,,,,,,128.3,6/26/2020
4,2,1,79,2,1,1,,,16,17.7,2.2,7.8,,,,,,,,,,,43.7,6/26/2020
4,3,1,12,4,1,0,0,,15.8,25.2,,,,,,,,,,,,,41,6/26/2020
4,4,1,47,3,5,0,3,,8.1,8.5,4,,,,,,,,,,,,20.6,6/26/2020
4,5,1,47,1,1,0,0,,11,16.2,33.3,,,,,,,,,,,,60.5,6/26/2020
4,6,1,21,2,3,0,4,,16.4,26.2,6.2,17,,,,,,,,,,,65.8,6/26/2020
4,7,1,1,2,1,0,2,,34,18.5,,,,,,,,,,,,,52.5,6/26/2020
4,8,1,1,2,2,0,1,,9,21.7,,,,,,,,,,,,,30.7,6/26/2020
4,9,1,30,4,3,0,0,,21,,,,,,,,,,,,,,21,6/26/2020
4,10,1,61,5,1,1,,,0,,,,,,,,,,,,,,0,6/26/2020
4,11,1,1,4,1,0,1,,8.5,14.3,15.5,,,,,,,,,,,,38.3,6/26/2020
4,12,1,6,4,5,1,,,0,,,,,,,,,,,,,,0,6/26/2020
4,13,1,17,4,4,0,1,,8.9,12.6,,,,,,,,,,,,,21.5,6/26/2020
4,14,1,79,4,4,0,1,,13.3,6.1,7.1,,,,,,,,,,,,26.5,6/26/2020
4,15,1,36,2,1,1,,,16.6,,,,,,,,,,,,,,16.6,6/26/2020
4,16,1,4,1,1,0,2,,18.5,18.6,6.5,11.3,,,,,,,,,,,54.9,6/26/2020
4,17,1,56,4,2,0,3,,17.8,12.5,10.3,15.2,,,,,,,,,,,55.8,6/26/2020
4,18,1,67,1,4,0,1,,6.2,20.4,,,,,,,,,,,,,26.6,6/26/2020
4,19,1,2,3,1,0,2,,13.4,7.1,5.8,,,,,,,,,,,,26.3,6/26/2020
4,20,1,8,1,1,0,1,,34.4,28.6,24.1,,,,,,,,,,,,87.1,6/26/2020
4,21,1,72,5,5,0,2,,21.1,26.8,,,,,,,,,,,,,47.9,6/25/2020
4,22,1,12,4,4,1,,,0,,,,,,,,,,,,,,0,6/25/2020
4,23,1,74,2,5,0,2,,18.3,18,8.4,15,15.2,,,,,,,,,,74.9,6/25/2020
4,24,2,77,1,4,0,2,,5.5,16,11.1,,,,,,,,,,,,32.6,6/25/2020
4,25,2,15,2,5,0,0,,8.3,15.3,10.4,,,,,,,,,,,,34,6/25/2020
4,26,2,56,2,3,0,3,,4.1,15,21,,,,,,,,,,,,40.1,6/25/2020
4,27,2,32,1,2,0,2,,19.8,4.8,15.3,3,2,,,,,,,,,,44.9,6/25/2020
4,28,2,68,4,3,0,1,,14,6.1,8.1,5.3,13.3,42.8,,,,,,,,,89.6,6/25/2020
4,29,2,23,1,2,0,1,,21,,,,,,,,,,,,,,21,6/25/2020
4,30,2,4,1,4,0,3,,24.9,22,14.7,,,,,,,,,,,,61.6,6/25/2020
4,31,2,6,3,1,0,1,,6.1,,,,,,,,,,,,,,6.1,6/25/2020
4,32,2,72,5,3,0,1,,31.2,,,,,,,,,,,,,,31.2,6/25/2020
4,33,2,4,3,2,0,1,,4.3,8.6,31.3,,,,,,,,,,,,44.2,6/25/2020
4,34,2,51,4,3,0,1,,30,32.2,,,,,,,,,,,,,62.2,6/25/2020
4,35,2,20,3,2,1,,,0,,,,,,,,,,,,,,0,6/25/2020
4,36,2,7,5,5,0,4,,51,58.9,62.1,,,,,,,,,,,,172,6/25/2020
4,37,2,36,5,3,0,3,,17,17.2,11.3,,,,,,,,,,,,45.5,6/25/2020
4,38,2,40,5,3,0,4,,46.6,31.9,1,,,,,,,,,,,,79.5,6/25/2020
4,39,2,18,1,1,0,1,,17.1,36.4,37.9,,,,,,,,,,,,91.4,6/25/2020
4,40,2,36,1,4,0,8,,45,7.1,36.8,38.1,14.2,31.2,35.4,14,42.5,42.2,8.3,17.4,,,332.2,6/25/2020
4,41,2,36,1,5,0,7,,38,44,8.4,4,17,28.2,7,8.1,3,43,2,11,6.4,35.4,255.5,6/25/2020
4,42,2,2,2,2,0,2,,34.5,32.2,33.2,,,,,,,,,,,,99.9,6/25/2020
4,43,2,1,3,5,0,2,,32.6,,,,,,,,,,,,,,32.6,6/25/2020
4,44,2,61,4,4,0,3,,4.2,27.3,30.8,,,,,,,,,,,,62.3,6/25/2020
4,45,2,18,5,2,1,,,3.5,2,,,,,,,,,,,,,5.5,6/25/2020
4,46,2,46,4,1,0,0,,7.4,11,23.3,,,,,,,,,,,,41.7,6/25/2020
5,1,1,77,1,1,0,1,,9,17.1,,,,,,,,,,,,,26.1,6/25/2020
5,2,1,21,5,3,0,1,,13.3,32.2,,,,,,,,,,,,,45.5,6/25/2020
5,3,1,19,3,5,0,0,,20.5,25,,,,,,,,,,,,,45.5,6/25/2020
5,4,1,56,3,3,1,,,0,,,,,,,,,,,,,,0,6/25/2020
5,5,1,32,1,3,0,1,,2.8,5,31.2,,,,,,,,,,,,39,6/25/2020
5,6,1,8,3,5,0,2,,7.8,38.7,33.4,,,,,,,,,,,,79.9,6/25/2020
5,7,1,11,1,2,0,1,,13.5,7.8,7.8,39,,,,,,,,,,,68.1,6/25/2020
5,8,1,4,5,2,0,1,,8.6,8,32.9,,,,,,,,,,,,49.5,6/25/2020
5,9,1,28,1,3,1,,,0,,,,,,,,,,,,,,0,6/25/2020
5,10,1,29,1,3,0,0,,9.1,,,,,,,,,,,,,,9.1,6/25/2020
5,11,1,3,2,4,0,1,,5.6,8.6,5.5,,,,,,,,,,,,19.7,6/25/2020
5,12,1,23,1,5,0,3,,10.8,10,18.1,14.5,,,,,,,,,,,53.4,6/25/2020
5,13,1,21,3,1,0,1,,16.9,24.5,,,,,,,,,,,,,41.4,6/25/2020
5,14,1,49,2,3,0,0,,4.1,10,5,,,,,,,,,,,,19.1,6/25/2020
5,15,1,72,3,5,0,1,,22.1,,,,,,,,,,,,,,22.1,6/25/2020
5,16,1,47,1,5,0,1,,22.6,,,,,,,,,,,,,,22.6,6/25/2020
5,17,1,47,3,3,0,2,,18.6,23.5,3.5,,,,,,,,,,,,45.6,6/25/2020
5,18,1,46,5,3,0,1,,8.6,3,33.1,32.7,,,,,,,,,,,77.4,6/25/2020
5,19,1,21,3,5,0,3,,18.7,7.2,5,11.5,5.1,5.2,9.2,4.3,,,,,,,66.2,6/25/2020
5,20,1,9,1,5,0,1,,2.5,17,,,,,,,,,,,,,19.5,6/25/2020
5,21,1,47,4,5,0,1,,8.1,11.3,,,,,,,,,,,,,19.4,6/25/2020
5,22,1,13,1,4,0,1,,15.4,13.9,16.4,,,,,,,,,,,,45.7,6/25/2020
5,23,2,3,4,3,0,2,,13,7.6,,,,,,,,,,,,,20.6,6/25/2020
5,24,2,62,1,1,0,0,,5,13.2,12,21.6,18,,,,,,,,,,69.8,6/25/2020
5,25,2,12,5,2,0,2,,4.6,14.1,,,,,,,,,,,,,18.7,6/25/2020
5,26,2,74,2,1,0,4,,14.5,9.8,16.2,6.8,2,,,,,,,,,,49.3,6/25/2020
5,27,2,30,5,2,0,1,,22.5,27.1,12.2,,,,,,,,,,,,61.8,6/25/2020
5,28,2,79,1,3,0,3,,19,14.7,9.9,4,13.2,,,,,,,,,,60.8,6/25/2020
5,29,2,17,1,3,0,2,,24.3,,,,,,,,,,,,,,24.3,6/25/2020
5,30,2,6,5,4,0,1,,37.6,38.8,,,,,,,,,,,,,76.4,6/25/2020
5,31,2,77,4,2,0,6,,24.1,29.5,23.7,,,,,,,,,,,,77.3,6/25/2020
5,32,2,27,5,3,0,1,,6.3,19.4,,,,,,,,,,,,,25.7,6/25/2020
5,33,2,40,3,1,0,3,,15.1,14.6,,,,,,,,,,,,,29.7,6/25/2020
5,34,2,67,5,1,0,6,,13,14.6,10.5,7.1,,,,,,,,,,,45.2,6/25/2020
5,35,2,17,5,1,0,2,,5.4,27.8,10.1,8,21,,,,,,,,,,72.3,6/25/2020
5,36,2,41,1,5,0,1,,23,29.9,,,,,,,,,,,,,52.9,6/25/2020
5,37,2,8,3,3,0,2,,11.5,24.7,,,,,,,,,,,,,36.2,6/25/2020
5,38,2,72,4,3,0,0,,3.5,4.3,,,,,,,,,,,,,7.8,6/25/2020
5,39,2,77,5,1,0,2,,27.7,47.6,42.2,30.6,,,,,,,,,,,148.1,6/25/2020
5,40,2,14,1,4,0,3,,14.5,6.6,7.2,11.5,10.8,,,,,,,,,,50.6,6/25/2020
5,41,2,2,1,5,0,1,,20.3,,,,,,,,,,,,,,20.3,6/25/2020
5,42,2,39,5,3,0,1,,33,36.2,,,,,,,,,,,,,69.2,6/25/2020
5,43,2,36,3,4,0,1,,37.8,11.8,26.1,36.6,39.5,,,,,,,,,,151.8,6/25/2020
5,44,2,69,1,4,0,1,,24.4,,,,,,,,,,,,,,24.4,6/25/2020
5,45,2,64,1,2,0,2,,36.3,12.6,23,,,,,,,,,,,,71.9,6/25/2020
5,46,2,29,5,4,0,0,,7.6,,,,,,,,,,,,,,7.6,6/25/2020
6,1,1,36,4,4,0,1,,10,23,13.8,,,,,,,,,,,,46.8,6/25/2020
6,2,1,61,4,5,0,4,,25,5.6,,,,,,,,,,,,,30.6,6/25/2020
6,3,1,2,2,3,0,2,,26.8,,,,,,,,,,,,,,26.8,6/25/2020
6,4,1,27,3,3,0,2,,17.3,9,10.1,,,,,,,,,,,,36.4,6/25/2020
6,5,1,11,2,4,0,0,,26.1,8.2,34.2,,,,,,,,,,,,68.5,6/25/2020
6,6,1,12,1,4,0,3,,6.6,8.1,7.7,16,,,,,,,,,,,38.4,6/25/2020
6,7,1,57,5,3,0,0,,27.4,,,,,,,,,,,,,,27.4,6/25/2020
6,8,1,7,5,3,0,2,,35,25.3,35.7,,,,,,,,,,,,96,6/25/2020
6,9,1,21,4,4,0,4,,16.6,2.3,25,27.7,26.4,,,,,,,,,,98,6/25/2020
6,10,1,49,4,5,0,3,,3,8.1,2.6,14.5,11.5,12.4,,,,,,,,,52.1,6/25/2020
6,11,1,40,5,5,0,4,,3.2,13,9,12.9,2,17.1,6.1,9.6,,,,,,,72.9,6/25/2020
6,12,1,7,5,2,0,2,Hollowed out/killed by weevils,25,,,,,,,,,,,,,,25,6/25/2020
6,13,1,46,5,1,0,0,,1.1,5.6,6.6,0.8,5.7,4.5,15.6,11,6,11.8,9.6,,,,78.3,6/25/2020
6,14,1,36,2,5,0,2,,17,3.1,15.6,,,,,,,,,,,,35.7,6/25/2020
6,15,1,26,1,2,0,3,,9.5,20.1,,,,,,,,,,,,,29.6,6/25/2020
6,16,1,51,2,1,0,2,,14.7,17,12.5,,,,,,,,,,,,44.2,6/25/2020
6,17,1,46,1,3,1,3,,0,,,,,,,,,,,,,,0,6/25/2020
6,18,1,6,2,1,1,1,,0,,,,,,,,,,,,,,0,6/25/2020
6,19,1,19,5,2,0,1,,22.5,4,3.7,6.5,24.1,,,,,,,,,,60.8,6/25/2020
6,20,1,3,5,1,0,4,,4,10.2,,,,,,,,,,,,,14.2,6/25/2020
6,21,1,29,4,5,0,0,accidentally skipped this one... put in a zero as a placeholder,0,,,,,,,,,,,,,,0,6/25/2020
6,22,1,79,4,1,0,3,,1,1.8,3.5,3.4,5.2,7.2,10.6,12.2,14,13.5,19.7,,,,92.1,6/25/2020
6,23,2,21,2,2,0,0,,8.3,,,,,,,,,,,,,,8.3,6/25/2020
6,24,2,77,4,5,0,2,,7.1,10.9,,,,,,,,,,,,,18,6/25/2020
6,25,2,72,2,4,0,1,,0,,,,,,,,,,,,,,0,6/25/2020
6,26,2,1,1,3,0,1,,2.5,28.6,26.2,,,,,,,,,,,,57.3,6/25/2020
6,27,2,5,5,3,0,1,,14.5,,,,,,,,,,,,,,14.5,6/25/2020
6,28,2,36,1,1,0,2,,3,3.6,16.8,,,,,,,,,,,,23.4,6/25/2020
6,29,2,62,3,4,0,2,,21.6,13.1,21,25.3,,,,,,,,,,,81,6/25/2020
6,30,2,12,5,4,0,0,,3.1,9.2,15.7,,,,,,,,,,,,28,6/25/2020
6,31,2,18,4,3,0,1,,22.2,,,,,,,,,,,,,,22.2,6/25/2020
6,32,2,18,2,1,0,0,,14.8,22.9,,,,,,,,,,,,,37.7,6/25/2020
6,33,2,14,1,1,0,4,,8.5,15.8,16,17.8,12.6,11.2,,,,,,,,,81.9,6/25/2020
6,34,2,57,5,2,1,,,0,,,,,,,,,,,,,,0,6/25/2020
6,35,2,1,3,4,0,3,,20.6,20.2,28.4,,,,,,,,,,,,69.2,6/25/2020
6,36,2,74,2,3,0,3,,25.7,18.4,,,,,,,,,,,,,44.1,6/25/2020
6,37,2,17,3,2,0,1,,10.9,6.5,,,,,,,,,,,,,17.4,6/25/2020
6,38,2,1,4,5,0,0,,5.2,10.3,,,,,,,,,,,,,15.5,6/25/2020
6,39,2,62,4,1,0,7,,28.8,32.9,32.7,32.3,,,,,,,,,,,126.7,6/25/2020
6,40,2,17,2,1,0,7,,23.1,7.5,27.5,17.5,25.7,28.9,16.6,16.2,7.5,,,,,,170.5,6/25/2020
6,41,2,42,1,2,0,1,,19.1,,,,,,,,,,,,,,19.1,6/25/2020
6,42,2,4,3,4,1,,,0,,,,,,,,,,,,,,0,6/25/2020
6,43,2,79,2,5,0,2,,16,2.6,22.7,38,26.4,18.5,,,,,,,,,124.2,6/25/2020
6,44,2,17,5,2,0,0,,8,9.3,29.2,,,,,,,,,,,,46.5,6/25/2020
6,45,2,18,2,4,0,4,,15,,,,,,,,,,,,,,15,6/25/2020
6,46,2,7,4,3,0,3,,12.4,22.4,12.9,,,,,,,,,,,,47.7,6/25/2020
7,1,1,3,2,5,0,3,,17.5,18.7,3.3,,,,,,,,,,,,39.5,6/25/2020
7,2,1,6,2,3,0,1,,0,,,,,,,,,,,,,,0,6/25/2020
7,3,1,7,1,3,0,3,,12,26.1,,,,,,,,,,,,,38.1,6/25/2020
7,4,1,47,2,2,0,1,,14.2,5.1,14,10.1,15.4,,,,,,,,,,58.8,6/25/2020
7,5,1,62,1,5,0,0,,11.5,16.3,20,,,,,,,,,,,,47.8,6/25/2020
7,6,1,64,2,3,1,,,0,,,,,,,,,,,,,,0,6/25/2020
7,7,1,67,2,1,0,1,,3.6,27,,,,,,,,,,,,,30.6,6/25/2020
7,8,1,5,5,4,0,1,,21.2,,,,,,,,,,,,,,21.2,6/25/2020
7,9,1,39,2,4,0,4,,8.8,9.4,16.3,,,,,,,,,,,,34.5,6/25/2020
7,10,1,79,3,4,0,2,,8.3,5.7,11.7,,,,,,,,,,,,25.7,6/25/2020
7,11,1,47,4,4,0,2,,12.7,14.1,16,22.9,11.5,,,,,,,,,,77.2,6/25/2020
7,12,1,4,4,2,0,0,,16.8,,,,,,,,,,,,,,16.8,6/25/2020
7,13,1,19,2,2,0,1,,20.4,12.9,,,,,,,,,,,,,33.3,6/25/2020
7,14,1,46,5,5,0,1,,14.2,,,,,,,,,,,,,,14.2,6/25/2020
7,15,1,7,4,4,0,2,,8.6,,,,,,,,,,,,,,8.6,6/25/2020
7,16,1,68,1,5,0,6,,0.5,11.2,6,7.2,13,,,,,,,,,,37.9,6/25/2020
7,17,1,5,2,4,0,0,,6.3,11.8,,,,,,,,,,,,,18.1,6/25/2020
7,18,1,5,3,2,0,2,,7.2,10.6,8.2,7.8,,,,,,,,,,,33.8,6/25/2020
7,19,1,29,1,2,0,2,,3.6,7,8.3,,,,,,,,,,,,18.9,6/25/2020
7,20,1,79,3,3,0,1,,16.8,17,17.5,,,,,,,,,,,,51.3,6/25/2020
7,21,1,35,3,2,0,2,,2.8,9.3,13.9,18.5,,,,,,,,,,,44.5,6/25/2020
7,22,1,35,4,4,0,5,,2.4,27.1,27.3,,,,,,,,,,,,56.8,6/25/2020
7,23,2,14,4,4,0,1,,0,,,,,,,,,,,,,,0,6/25/2020
7,24,2,7,2,3,0,2,,14.2,16.3,23.5,,,,,,,,,,,,54,6/25/2020
7,25,2,12,2,4,0,2,,8.3,9.1,1.2,,,,,,,,,,,,18.6,6/25/2020
7,26,2,67,1,5,0,1,,8.9,9.2,16.7,12.1,9,13.2,4.7,,,,,,,,73.8,6/25/2020
7,27,2,30,2,4,0,3,,22.5,21.2,25.2,,,,,,,,,,,,68.9,6/25/2020
7,28,2,8,2,2,0,1,,20.9,0.4,1.3,11.1,3.5,,,,,,,,,,37.2,6/25/2020
7,29,2,39,2,5,0,2,,12.3,27,,,,,,,,,,,,,39.3,6/25/2020
7,30,2,56,3,5,0,1,,14.6,6.6,6.7,,,,,,,,,,,,27.9,6/25/2020
7,31,2,62,2,3,0,1,,9.4,2.1,9.4,30.5,,,,,,,,,,,51.4,6/25/2020
7,32,2,5,1,4,1,,,0,,,,,,,,,,,,,,0,6/25/2020
7,33,2,12,2,2,0,4,,30.4,34.3,34.4,35.5,,,,,,,,,,,134.6,6/25/2020
7,34,2,57,4,5,0,1,,11.6,14.2,,,,,,,,,,,,,25.8,6/25/2020
7,35,2,62,3,5,1,,,0,,,,,,,,,,,,,,0,6/25/2020
7,36,2,79,5,1,0,1,,12.6,3.6,6.1,5.6,8.4,,,,,,,,,,36.3,6/25/2020
7,37,2,1,1,1,0,3,tiny flowers,44.5,40,11.6,17.7,,,,,,,,,,,113.8,6/25/2020
7,38,2,64,3,4,0,1,,7.2,28.9,,,,,,,,,,,,,36.1,6/25/2020
7,39,2,19,5,3,0,2,,10,11.5,28.1,,,,,,,,,,,,49.6,6/25/2020
7,40,2,30,4,4,0,2,,20.6,20.3,22.6,,,,,,,,,,,,63.5,6/25/2020
7,41,2,16,3,5,0,5,,4.2,2.6,2.6,3.8,3.8,3.8,32.4,27,34.2,,,,,,114.4,6/25/2020
7,42,2,13,3,1,1,,,0,,,,,,,,,,,,,,0,6/25/2020
7,43,2,27,4,3,1,,,0,,,,,,,,,,,,,,0,6/25/2020
7,44,2,11,2,5,0,0,,27.3,,,,,,,,,,,,,,27.3,6/25/2020
7,45,2,2,5,4,0,1,,12.8,17.8,,,,,,,,,,,,,30.6,6/25/2020
7,46,2,29,5,2,0,1,,29.1,,,,,,,,,,,,,,29.1,6/25/2020
8,1,1,9,2,1,0,1,,2.2,8.6,40.4,,,,,,,,,,,,51.2,6/24/2020
8,2,1,57,1,2,0,2,,32.3,30.3,,,,,,,,,,,,,62.6,6/24/2020
8,3,1,67,3,2,0,1,,3.9,25.3,38,,,,,,,,,,,,67.2,6/24/2020
8,4,1,21,5,1,0,2,,7.7,11.1,18.2,9.8,8.2,,,,,,,,,,55,6/24/2020
8,5,1,13,5,4,0,3,,6.5,11.2,34.3,,,,,,,,,,,,52,6/24/2020
8,6,1,74,1,3,0,2,,18.1,17.5,21.1,8.6,11,18.2,,,,,,,,,94.5,6/24/2020
8,7,1,17,1,4,0,0,,3.3,3.8,10.1,8.2,3,7.1,6.3,,,,,,,,41.8,6/24/2020
8,8,1,15,4,4,0,2,,26.1,16.3,12,1,15.1,22.1,,,,,,,,,92.6,6/24/2020
8,9,1,7,3,2,0,3,,32.8,15.3,4.8,14.9,12.6,,,,,,,,,,80.4,6/24/2020
8,10,1,12,3,2,0,1,,5.3,10.3,20,,,,,,,,,,,,35.6,6/24/2020
8,11,1,11,4,5,0,1,,5.2,11.5,8.6,6.7,1.9,25.4,,,,,,,,,59.3,6/24/2020
8,12,1,20,5,1,0,0,,24.9,12.2,,,,,,,,,,,,,37.1,6/24/2020
8,13,1,72,4,5,0,1,,20.4,,,,,,,,,,,,,,20.4,6/24/2020
8,14,1,62,2,5,0,2,,2.6,10.2,0.6,,,,,,,,,,,,13.4,6/24/2020
8,15,1,15,1,5,0,2,,8.8,18.2,4.9,4,8.9,,,,,,,,,,44.8,6/24/2020
8,16,1,14,3,2,0,1,,14.5,14.6,27.5,,,,,,,,,,,,56.6,6/24/2020
8,17,1,57,3,2,0,2,,3,8.1,4.2,19.8,24,25.8,3.6,,,,,,,,88.5,6/24/2020
8,18,1,62,1,2,0,2,,23.2,22.4,,,,,,,,,,,,,45.6,6/24/2020
8,19,1,47,5,1,0,2,,14.1,8.4,,,,,,,,,,,,,22.5,6/24/2020
8,20,1,15,5,1,0,2,,6,12.2,8.1,1,,,,,,,,,,,27.3,6/24/2020
8,21,1,16,2,1,0,5,,10.8,14.3,15.1,17.7,14.3,,,,,,,,,,72.2,6/24/2020
8,22,1,29,4,3,0,1,,13.1,11.9,,,,,,,,,,,,,25,6/24/2020
8,23,2,68,5,2,0,1,,1.8,17.8,,,,,,,,,,,,,19.6,6/24/2020
8,24,2,4,2,2,0,1,,10.5,6.1,,,,,,,,,,,,,16.6,6/24/2020
8,25,2,46,2,5,0,2,,13.3,8.4,4.7,13.4,19.2,,,,,,,,,,59,6/24/2020
8,26,2,68,4,1,0,2,,21.1,23.1,,,,,,,,,,,,,44.2,6/24/2020
8,27,2,6,3,5,0,1,,3.1,9.6,37.8,,,,,,,,,,,,50.5,6/24/2020
8,28,2,7,1,2,0,2,,7.7,9.2,20.5,27.2,,,,,,,,,,,64.6,6/24/2020
8,29,2,35,3,5,0,0,,13,,,,,,,,,,,,,,13,6/24/2020
8,30,2,39,3,3,0,1,,26,24.1,,,,,,,,,,,,,50.1,6/24/2020
8,31,2,62,4,4,0,1,,7.7,8.6,7.5,18.2,30.5,27.2,,,,,,,,,99.7,6/24/2020
8,32,2,4,3,3,0,1,,21,,,,,,,,,,,,,,21,6/24/2020
8,33,2,21,1,2,0,1,,36.1,,,,,,,,,,,,,,36.1,6/24/2020
8,34,2,77,4,3,0,2,tiny flowers,2,9.6,17.5,39.3,,,,,,,,,,,68.4,6/24/2020
8,35,2,17,4,2,0,5,,20.5,15.5,16.3,14.2,12.2,21.6,,,,,,,,,100.3,6/24/2020
8,36,2,27,5,2,0,1,,12.7,24.9,19,,,,,,,,,,,,56.6,6/24/2020
8,37,2,26,1,1,0,4,,4.5,33.2,,,,,,,,,,,,,37.7,6/24/2020
8,38,2,17,3,1,0,4,,36,5.5,20.2,,,,,,,,,,,,61.7,6/24/2020
8,39,2,5,4,1,0,5,,11,13.1,1.5,6.2,7.6,15.2,10.5,,,,,,,,65.1,6/24/2020
8,40,2,39,3,5,0,4,,4.9,6.6,3,11.3,12,21.9,,,,,,,,,59.7,6/24/2020
8,41,2,64,2,2,0,1,,7.8,,,,,,,,,,,,,,7.8,6/24/2020
8,42,2,64,3,3,0,2,,1,2,22.5,,,,,,,,,,,,25.5,6/24/2020
8,43,2,39,4,1,0,2,,31.5,35.5,34,,,,,,,,,,,,101,6/24/2020
8,44,2,62,1,3,0,0,,25.4,,,,,,,,,,,,,,25.4,6/24/2020
8,45,2,67,2,2,0,1,,21.1,21.2,,,,,,,,,,,,,42.3,6/24/2020
8,46,2,67,5,3,0,0,,0,,,,,,,,,,,,,,0,6/24/2020
9,1,1,28,1,5,1,,,7.5,37.1,,,,,,,,,,,,,44.6,6/24/2020
9,2,1,4,3,1,0,1,,41.7,,,,,,,,,,,,,,41.7,6/24/2020
9,3,1,12,3,1,1,,,0,,,,,,,,,,,,,,0,6/24/2020
9,4,1,27,4,1,0,2,,16,11.4,28,,,,,,,,,,,,55.4,6/24/2020
9,5,1,1,4,3,0,2,,10.6,20.1,,,,,,,,,,,,,30.7,6/24/2020
9,6,1,49,5,5,0,3,,26.1,25.8,15.5,,,,,,,,,,,,67.4,6/24/2020
9,7,1,39,3,4,0,2,,25.8,,,,,,,,,,,,,,25.8,6/24/2020
9,8,1,77,3,1,0,1,,17,10.1,6.6,,,,,,,,,,,,33.7,6/24/2020
9,9,1,3,2,2,0,1,,7.9,16.8,,,,,,,,,,,,,24.7,6/24/2020
9,10,1,69,2,4,0,1,,0,,,,,,,,,,,,,,0,6/24/2020
9,11,1,17,2,5,0,1,,20.3,,,,,,,,,,,,,,20.3,6/24/2020
9,12,1,51,4,2,0,3,,16,7.1,2.3,17.3,17.1,,,,,,,,,,59.8,6/24/2020
9,13,1,79,1,1,0,2,,22.1,15.6,15,21.1,,,,,,,,,,,73.8,6/24/2020
9,14,1,5,5,5,1,,,0,,,,,,,,,,,,,,0,6/24/2020
9,15,1,13,5,2,1,,,8.3,15.2,,,,,,,,,,,,,23.5,6/24/2020
9,16,1,30,5,3,0,5,,14.2,15.1,13,13.5,15,,,,,,,,,,70.8,6/24/2020
9,17,1,39,3,2,0,1,,5.8,28.6,,,,,,,,,,,,,34.4,6/24/2020
9,18,1,20,1,2,1,,,0,,,,,,,,,,,,,,0,6/24/2020
9,19,1,72,3,1,0,4,,9.5,21,7.5,13.4,6,9,,,,,,,,,66.4,6/24/2020
9,20,1,7,3,3,0,2,,22.4,17.6,16.3,,,,,,,,,,,,56.3,6/24/2020
9,21,1,79,4,2,0,2,,16.4,33.1,26.2,,,,,,,,,,,,75.7,6/24/2020
9,22,1,15,3,5,1,,,0,,,,,,,,,,,,,,0,6/24/2020
9,23,2,45,2,1,0,1,,5,9.3,3,12.2,20.1,,,,,,,,,,49.6,6/24/2020
9,24,2,27,4,5,0,2,,6,13,,,,,,,,,,,,,19,6/24/2020
9,25,2,64,5,3,0,1,,20.6,,,,,,,,,,,,,,20.6,6/24/2020
9,26,2,77,1,2,0,2,,9.2,3.2,6,18,,,,,,,,,,,36.4,6/24/2020
9,27,2,64,2,4,1,,,0,,,,,,,,,,,,,,0,6/24/2020
9,28,2,7,3,5,0,2,,11.7,15.5,,,,,,,,,,,,,27.2,6/24/2020
9,29,2,35,4,1,0,4,,15.2,16,12.9,17.7,,,,,,,,,,,61.8,6/24/2020
9,30,2,36,4,1,1,,,10.9,,,,,,,,,,,,,,10.9,6/24/2020
9,31,2,45,2,4,0,1,,2,15.9,27.3,31.3,,,,,,,,,,,76.5,6/24/2020
9,32,2,15,3,1,0,4,,8,19,40.3,,,,,,,,,,,,67.3,6/24/2020
9,33,2,77,5,3,0,2,,4.6,2.6,28.2,33.8,,,,,,,,,,,69.2,6/24/2020
9,34,2,36,3,1,1,,,0,,,,,,,,,,,,,,0,6/24/2020
9,35,2,49,3,1,0,3,,19,25.3,,,,,,,,,,,,,44.3,6/24/2020
9,36,2,39,5,2,0,1,,7.4,,,,,,,,,,,,,,7.4,6/24/2020
9,37,2,6,4,4,0,1,,2.5,25.2,,,,,,,,,,,,,27.7,6/24/2020
9,38,2,57,5,4,0,1,,21,,,,,,,,,,,,,,21,6/24/2020
9,39,2,15,5,4,0,2,,7,16.3,9.7,11.6,24.2,27.4,,,,,,,,,96.2,6/24/2020
9,40,2,62,5,5,0,4,,33.1,33.8,37.1,,,,,,,,,,,,104,6/24/2020
9,41,2,17,3,5,0,1,,13.5,23,4.1,13.6,22.9,,,,,,,,,,77.1,6/24/2020
9,42,2,47,5,4,0,2,,5.5,19,,,,,,,,,,,,,24.5,6/24/2020
9,43,2,35,2,2,0,0,,16.6,,,,,,,,,,,,,,16.6,6/24/2020
9,44,2,5,2,3,0,1,,21.6,,,,,,,,,,,,,,21.6,6/24/2020
9,45,2,72,3,4,0,0,,5.5,13.8,6,19.8,16,,,,,,,,,,61.1,6/24/2020
9,46,2,1,1,4,0,1,,12.8,10,23.1,4.2,11,,,,,,,,,,61.1,6/24/2020
10,1,1,14,4,5,0,1,,5.3,,,,,,,,,,,,,,5.3,6/24/2020
10,2,1,62,4,5,0,2,,10.2,13.2,27,,,,,,,,,,,,50.4,6/24/2020
10,3,1,79,3,1,0,0,,25.7,36.3,,,,,,,,,,,,,62,6/24/2020
10,4,1,56,4,1,0,1,,4,0.5,5,8.6,,,,,,,,,,,18.1,6/24/2020
10,5,1,1,5,2,0,2,,11.3,38,3,31.1,8.3,,,,,,,,,,91.7,6/24/2020
10,6,1,62,4,2,0,1,,18.8,6.3,,,,,,,,,,,,,25.1,6/24/2020
10,7,1,7,3,4,1,,,6,7.3,,,,,,,,,,,,,13.3,6/24/2020
10,8,1,42,1,1,0,3,,14.1,12.6,15.2,18.3,,,,,,,,,,,60.2,6/24/2020
10,9,1,69,1,2,0,2,,25,8.8,24,12.8,25.3,27.8,,,,,,,,,123.7,6/24/2020
10,10,1,67,4,5,0,2,,26.1,14.6,20.7,8.1,6.2,,,,,,,,,,75.7,6/24/2020
10,11,1,16,3,3,0,0,,30.7,,,,,,,,,,,,,,30.7,6/24/2020
10,12,1,72,4,4,0,1,,3.6,4.3,28.3,,,,,,,,,,,,36.2,6/24/2020
10,13,1,12,3,4,0,1,,16.2,22.9,,,,,,,,,,,,,39.1,6/24/2020
10,14,1,42,2,1,0,0,,10.5,,,,,,,,,,,,,,10.5,6/24/2020
10,15,1,61,3,3,0,2,,3,9.1,19.7,,,,,,,,,,,,31.8,6/24/2020
10,16,1,23,1,4,0,5,,14.6,13.7,12.6,16.5,22.4,17.8,,,,,,,,,97.6,6/24/2020
10,17,1,17,5,3,0,1,,8.2,9.3,4.2,17.8,22.3,,,,,,,,,,61.8,6/24/2020
10,18,1,72,1,5,0,1,,7.1,7.6,28.3,,,,,,,,,,,,43,6/24/2020
10,19,1,9,2,4,0,1,,4.8,3,6.5,21.6,,,,,,,,,,,35.9,6/24/2020
10,20,1,31,2,1,0,4,,15.8,14.6,19,0.6,,,,,,,,,,,50,6/24/2020
10,21,1,47,5,2,0,1,,0,,,,,,,,,,,,,,0,6/24/2020
10,22,1,46,1,1,0,1,,4,10.5,26,,,,,,,,,,,,40.5,6/24/2020
10,23,1,31,3,3,0,1,,12.4,15.6,16.4,,,,,,,,,,,,44.4,6/24/2020
10,24,2,5,3,5,0,1,,7.3,5.2,9.5,5.8,,,,,,,,,,,27.8,6/24/2020
10,25,2,14,1,3,0,8,,26.6,26.6,22.5,22.4,15,17.2,1,,,,,,,,131.3,6/24/2020
10,26,2,3,5,4,0,0,,10.9,23,22.6,,,,,,,,,,,,56.5,6/24/2020
10,27,2,30,3,3,0,1,,22.2,23.3,21.5,10.2,7.2,,,,,,,,,,84.4,6/24/2020
10,28,2,61,4,1,0,2,,20.3,12,33.6,,,,,,,,,,,,65.9,6/24/2020
10,29,2,31,5,2,0,1,,16,,,,,,,,,,,,,,16,6/24/2020
10,30,2,41,2,4,0,1,,18.4,,,,,,,,,,,,,,18.4,6/24/2020
10,31,2,47,4,1,0,1,,2,12.2,13.7,35.1,,,,,,,,,,,63,6/24/2020
10,32,2,16,1,2,1,,,0,,,,,,,,,,,,,,0,6/24/2020
10,33,2,28,4,5,0,3,,32.2,20,,,,,,,,,,,,,52.2,6/24/2020
10,34,2,5,5,2,0,1,,42,45.3,,,,,,,,,,,,,87.3,6/24/2020
10,35,2,56,2,4,0,2,,10.2,6.1,25,,,,,,,,,,,,41.3,6/24/2020
10,36,2,72,5,1,0,2,,15.7,8,10,6,21.6,,,,,,,,,,61.3,6/24/2020
10,37,2,57,1,1,0,3,,12.1,18.3,23,22.2,1.6,,,,,,,,,,77.2,6/24/2020
10,38,2,57,1,3,0,3,,5.6,,,,,,,,,,,,,,5.6,6/24/2020
10,39,2,79,3,5,0,1,,14.2,,,,,,,,,,,,,,14.2,6/24/2020
10,40,2,68,4,4,0,1,,6.2,18.5,8,,,,,,,,,,,,32.7,6/24/2020
10,41,4,15,2,1,0,3,,21.5,9.4,20.1,,,,,,,,,,,,51,6/24/2020
10,42,4,5,4,4,0,3,,13.4,11.4,7.6,,,,,,,,,,,,32.4,6/24/2020
10,43,4,32,1,4,0,2,,5.2,,,,,,,,,,,,,,5.2,6/24/2020
10,44,4,61,1,1,0,0,,18.5,8.9,,,,,,,,,,,,,27.4,6/24/2020
10,45,4,31,3,2,0,0,,12,,,,,,,,,,,,,,12,6/24/2020
10,46,4,47,4,2,0,2,,6.8,11.5,19,10.6,,,,,,,,,,,47.9,6/24/2020
11,1,1,64,1,1,0,3,,30.8,9.1,17.4,33.7,,,,,,,,,,,91,6/24/2020
11,2,1,3,4,1,0,2,,16.5,22.3,21.8,,,,,,,,,,,,60.6,6/24/2020
11,3,1,11,1,3,0,1,,14.2,34,,,,,,,,,,,,,48.2,6/24/2020
11,4,1,11,3,2,0,2,,11.6,20.2,,,,,,,,,,,,,31.8,6/24/2020
11,5,1,18,3,1,0,0,,8.5,4.2,2.7,11.5,32,,,,,,,,,,58.9,6/24/2020
11,6,1,29,4,1,1,,,0,,,,,,,,,,,,,,0,6/24/2020
11,7,1,35,5,3,0,2,,23.6,14.7,10,4.8,34.5,,,,,,,,,,87.6,6/24/2020
11,8,1,64,1,4,0,4,,28.8,20.8,13.4,23.9,21.3,,,,,,,,,,108.2,6/24/2020
11,9,1,2,1,2,0,1,,13.6,7.2,22,,,,,,,,,,,,42.8,6/24/2020
11,10,1,64,5,1,0,0,,4.1,20.3,27,,,,,,,,,,,,51.4,6/24/2020
11,11,1,36,1,2,0,1,,28.5,14.9,14.1,27.2,,,,,,,,,,,84.7,6/24/2020
11,12,1,67,5,5,0,1,,5.2,18.3,22,,,,,,,,,,,,45.5,6/24/2020
11,13,1,61,1,5,0,1,,10.8,21.6,,,,,,,,,,,,,32.4,6/24/2020
11,14,1,74,2,2,0,1,,26,,,,,,,,,,,,,,26,6/24/2020
11,15,1,68,2,5,0,1,,11.5,25.2,,,,,,,,,,,,,36.7,6/24/2020
11,16,1,29,2,2,1,,,0,,,,,,,,,,,,,,0,6/24/2020
11,17,1,40,5,1,0,4,,14,9,27,20.9,,,,,,,,,,,70.9,6/24/2020
11,18,1,1,2,4,0,2,,2.3,14,17.3,,,,,,,,,,,,33.6,6/24/2020
11,19,1,74,1,5,0,3,,3.8,15.9,9.1,6.4,1,,,,,,,,,,36.2,6/24/2020
11,20,1,2,4,5,0,3,,18.5,,,,,,,,,,,,,,18.5,6/24/2020
11,21,1,4,2,4,1,,,12,,,,,,,,,,,,,,12,6/24/2020
11,22,1,9,1,2,0,3,,12.6,23.9,,,,,,,,,,,,,36.5,6/24/2020
11,23,1,39,5,1,0,1,,19,26.2,,,,,,,,,,,,,45.2,6/24/2020
11,24,4,57,2,1,0,2,,16.2,18,,,,,,,,,,,,,34.2,6/24/2020
11,25,4,17,4,1,0,0,,0.7,,,,,,,,,,,,,,0.7,6/24/2020
11,26,4,67,1,3,0,1,2 spider webs in pot,18,14.5,,,,,,,,,,,,,32.5,6/24/2020
11,27,4,42,2,4,0,0,,20.6,,,,,,,,,,,,,,20.6,6/24/2020
11,28,4,12,2,1,0,2,,9.1,13.1,3.2,21.4,,,,,,,,,,,46.8,6/24/2020
11,29,4,30,2,1,0,3,,16,4.2,33.1,32.7,,,,,,,,,,,86,6/24/2020
11,30,4,4,4,1,0,1,,5,28.2,,,,,,,,,,,,,33.2,6/24/2020
11,31,4,17,4,5,0,2,,15.7,5.4,,,,,,,,,,,,,21.1,6/24/2020
11,32,4,35,4,3,0,1,,4.8,14.1,,,,,,,,,,,,,18.9,6/24/2020
11,33,4,68,5,5,0,3,,26.5,,,,,,,,,,,,,,26.5,6/24/2020
11,34,4,67,1,2,0,3,,3.3,3,3.4,13.5,12.7,16.5,,,,,,,,,52.4,6/24/2020
11,35,4,40,3,2,0,2,,7.2,22,,,,,,,,,,,,,29.2,6/24/2020
11,36,4,68,5,4,0,2,,21.4,17.5,,,,,,,,,,,,,38.9,6/24/2020
11,37,4,4,2,1,0,0,,4.2,,,,,,,,,,,,,,4.2,6/24/2020
11,38,4,28,1,2,0,1,,13.2,5.5,,,,,,,,,,,,,18.7,6/24/2020
11,39,4,26,1,4,0,3,,18.2,20.2,,,,,,,,,,,,,38.4,6/24/2020
11,40,4,6,3,4,0,2,,0,,,,,,,,,,,,,,0,6/24/2020
11,41,4,16,1,1,0,1,,6.3,7.2,5.6,,,,,,,,,,,,19.1,6/24/2020
11,42,4,42,1,4,1,,,0,,,,,,,,,,,,,,0,6/24/2020
11,43,4,41,1,4,0,0,,5.1,,,,,,,,,,,,,,5.1,6/24/2020
11,44,4,21,3,3,0,0,,18.9,,,,,,,,,,,,,,18.9,6/24/2020
11,45,4,35,3,3,0,0,,4.8,11.5,,,,,,,,,,,,,16.3,6/24/2020
11,46,4,31,1,5,0,1,,44.7,1.8,,,,,,,,,,,,,46.5,6/24/2020
12,1,3,7,1,1,0,1,,16.4,,,,,,,,,,,,,,16.4,6/22/2020
12,2,3,1,3,2,0,1,,3.3,20.4,10,13.1,20.4,,,,,,,,,,67.2,6/22/2020
12,3,3,47,4,3,0,1,,5.3,19.3,22.1,,,,,,,,,,,,46.7,6/22/2020
12,4,3,61,1,3,0,1,Developing flowers despite extensive weevil damage,35.6,3.8,28.8,,,,,,,,,,,,68.2,6/22/2020
12,5,3,46,1,2,0,1,,24,,,,,,,,,,,,,,24,6/22/2020
12,6,3,79,2,2,0,5,,9,12.7,10.2,14,12.9,6.5,,,,,,,,,65.3,6/22/2020
12,7,3,9,1,4,0,1,,3,4.6,4.6,25.2,38.2,,,,,,,,,,75.6,6/22/2020
12,8,3,32,1,1,0,2,,13.4,,,,,,,,,,,,,,13.4,6/22/2020
12,9,3,7,2,4,1,,,0,,,,,,,,,,,,,,0,6/22/2020
12,10,3,72,5,4,1,,,8.5,,,,,,,,,,,,,,8.5,6/22/2020
12,11,3,47,1,4,0,1,,12.6,9.6,,,,,,,,,,,,,22.2,6/22/2020
12,12,3,62,2,2,0,2,,14.2,10.6,,,,,,,,,,,,,24.8,6/22/2020
12,13,3,46,3,2,0,2,,0,,,,,,,,,,,,,,0,6/22/2020
12,14,3,41,2,3,0,2,,15.4,4,14.5,17.3,,,,,,,,,,,51.2,6/22/2020
12,15,3,67,4,1,0,1,,15.5,,,,,,,,,,,,,,15.5,6/22/2020
12,16,3,67,4,2,0,1,,12.1,8.5,9.5,7.8,15.1,,,,,,,,,,53,6/22/2020
12,17,3,8,1,2,0,3,,5.9,17.7,,,,,,,,,,,,,23.6,6/22/2020
12,18,3,36,5,2,0,1,,6.6,14.1,7.5,10.2,,,,,,,,,,,38.4,6/22/2020
12,19,3,57,5,5,0,3,,14.1,3.3,5.8,3.9,8.2,8.2,,,,,,,,,43.5,6/22/2020
12,20,3,68,2,3,0,1,,15.3,,,,,,,,,,,,,,15.3,6/22/2020
12,21,3,23,1,1,0,1,,13.1,,,,,,,,,,,,,,13.1,6/22/2020
12,22,1,21,4,3,0,2,,11.9,23.1,,,,,,,,,,,,,35,6/22/2020
12,23,1,6,1,1,1,0,,6,13.2,,,,,,,,,,,,,19.2,6/22/2020
12,24,4,17,3,4,1,0,,15.8,,,,,,,,,,,,,,15.8,6/22/2020
12,25,4,57,4,4,1,1,,10.2,4.1,20.3,,,,,,,,,,,,34.6,6/22/2020
12,26,4,29,5,3,1,3,,6.5,,,,,,,,,,,,,,6.5,6/22/2020
12,27,4,6,1,2,0,1,,21.4,,,,,,,,,,,,,,21.4,6/22/2020
12,28,4,17,2,3,1,,,0,,,,,,,,,,,,,,0,6/22/2020
12,29,4,41,1,3,0,1,,20.3,,,,,,,,,,,,,,20.3,6/22/2020
12,30,4,14,4,3,0,1,,12.3,21.6,,,,,,,,,,,,,33.9,6/22/2020
12,31,4,51,4,1,0,2,,23.5,25.8,,,,,,,,,,,,,49.3,6/22/2020
12,32,4,28,4,4,0,1,,26.2,,,,,,,,,,,,,,26.2,6/22/2020
12,33,4,35,5,2,0,2,,5.5,3.2,,,,,,,,,,,,,8.7,6/22/2020
12,34,4,61,1,2,0,1,,14,,,,,,,,,,,,,,14,6/22/2020
12,35,4,72,3,3,0,1,,5.5,10.3,5.6,0.6,,,,,,,,,,,22,6/22/2020
12,36,4,14,4,1,0,1,,23.6,,,,,,,,,,,,,,23.6,6/22/2020
12,37,4,40,4,1,0,2,,7.2,5.6,7.5,4,1.2,6.2,9.7,,,,,,,,41.4,6/22/2020
12,38,4,57,2,5,0,0,,6.2,8.6,,,,,,,,,,,,,14.8,6/22/2020
12,39,4,68,1,1,0,0,,8.1,4.1,,,,,,,,,,,,,12.2,6/22/2020
12,40,4,45,2,2,0,1,,6.1,3,5.2,,,,,,,,,,,,14.3,6/22/2020
12,41,4,13,1,2,0,3,,3.7,4.5,6,,,,,,,,,,,,14.2,6/22/2020
12,42,4,47,5,3,0,1,,9.8,9.2,,,,,,,,,,,,,19,6/22/2020
12,43,4,19,1,5,0,1,,8.2,5.2,,,,,,,,,,,,,13.4,6/22/2020
12,44,4,64,5,2,0,1,,2,15.3,,,,,,,,,,,,,17.3,6/22/2020
12,45,4,21,5,5,0,0,,8.5,5,4.6,8.2,16,,,,,,,,,,42.3,6/22/2020
12,46,4,21,5,4,0,2,,10.2,10.7,14,14.2,,,,,,,,,,,49.1,6/22/2020
13,1,3,72,2,2,0,3,,16,25.9,17.1,,,,,,,,,,,,59,6/22/2020
13,2,3,39,3,1,0,1,,26.3,,,,,,,,,,,,,,26.3,6/22/2020
13,3,3,13,1,3,1,,,10.5,,,,,,,,,,,,,,10.5,6/22/2020
13,4,3,41,1,4,1,,,8.2,,,,,,,,,,,,,,8.2,6/22/2020
13,5,3,77,2,5,1,,,0,,,,,,,,,,,,,,0,6/22/2020
13,6,3,35,5,5,1,,,12.2,12.3,12.8,,,,,,,,,,,,37.3,6/22/2020
13,7,3,20,2,2,1,,,0,,,,,,,,,,,,,,0,6/22/2020
13,8,3,42,2,5,0,1,,15.4,4.5,7.3,6.7,31,32.7,,,,,,,,,97.6,6/22/2020
13,9,3,77,4,4,0,1,,22.7,15.8,,,,,,,,,,,,,38.5,6/22/2020
13,10,3,49,1,1,1,1,,31,13.6,,,,,,,,,,,,,44.6,6/22/2020
13,11,3,49,2,4,0,4,,6.3,24.2,3.9,23.2,21.6,,,,,,,,,,79.2,6/22/2020
13,12,3,13,3,3,1,,,0,,,,,,,,,,,,,,0,6/22/2020
13,13,3,17,1,2,0,2,,21.1,15.3,2.7,7.6,,,,,,,,,,,46.7,6/22/2020
13,14,3,61,5,3,0,1,,9.2,14.3,17.3,,,,,,,,,,,,40.8,6/22/2020
13,15,3,62,1,4,0,2,,20.5,8.3,1.3,4.6,,,,,,,,,,,34.7,6/22/2020
13,16,3,61,4,3,0,2,,19.5,24.9,9.6,,,,,,,,,,,,54,6/22/2020
13,17,3,14,1,2,0,4,,10.1,13.2,10.6,7.5,12.2,18.3,,,,,,,,,71.9,6/22/2020
13,18,3,14,5,5,0,1,,7.1,10.3,,,,,,,,,,,,,17.4,6/22/2020
13,19,3,72,3,2,0,3,,10.6,10,15.3,,,,,,,,,,,,35.9,6/22/2020
13,20,3,20,5,5,0,4,,16.6,17.6,,,,,,,,,,,,,34.2,6/22/2020
13,21,3,19,3,1,0,1,,8.6,18,,,,,,,,,,,,,26.6,6/22/2020
13,22,3,46,3,3,0,3,,4,9.3,14.5,13.9,,,,,,,,,,,41.7,6/22/2020
13,23,3,56,4,3,0,2,,2.1,1.7,10.4,18.5,,,,,,,,,,,32.7,6/22/2020
13,24,3,11,2,3,0,1,,22.3,,,,,,,,,,,,,,22.3,6/22/2020
13,25,3,62,2,4,0,4,,10.8,31.4,25,,,,,,,,,,,,67.2,6/22/2020
13,26,4,49,1,2,0,1,,27.7,28.4,24.2,,,,,,,,,,,,80.3,6/22/2020
13,27,4,1,2,3,0,3,,2.5,16.1,,,,,,,,,,,,,18.6,6/22/2020
13,28,4,11,1,1,0,3,,8.3,1,1.1,1.2,4.3,1,,,,,,,,,16.9,6/22/2020
13,29,4,12,1,2,0,1,,28.4,28.8,24.6,,,,,,,,,,,,81.8,6/22/2020
13,30,4,7,5,1,0,3,,22.4,28.2,,,,,,,,,,,,,50.6,6/22/2020
13,31,4,1,2,5,0,0,,4.3,18.9,15.8,1,,,,,,,,,,,40,6/22/2020
13,32,4,61,3,4,0,3,,16.9,18.4,,,,,,,,,,,,,35.3,6/22/2020
13,33,4,57,1,5,1,,,0,,,,,,,,,,,,,,0,6/22/2020
13,34,4,35,2,4,0,1,,8,22,,,,,,,,,,,,,30,6/22/2020
13,35,4,6,5,3,0,6,,20.5,26.6,25.1,9.8,,,,,,,,,,,82,6/22/2020
13,36,4,79,4,3,0,4,,11.3,17.8,22.8,,,,,,,,,,,,51.9,6/22/2020
13,37,4,39,5,4,0,0,,21.3,,,,,,,,,,,,,,21.3,6/22/2020
13,38,4,9,2,5,0,1,,14.5,7.9,,,,,,,,,,,,,22.4,6/22/2020
13,39,4,5,1,3,0,3,,2.6,4.6,15.6,1.7,,,,,,,,,,,24.5,6/22/2020
13,40,4,56,2,2,0,1,,5.7,2.6,,,,,,,,,,,,,8.3,6/22/2020
13,41,4,12,1,3,1,,,0,,,,,,,,,,,,,,0,6/22/2020
13,42,4,19,5,5,0,0,,10.7,4.3,,,,,,,,,,,,,15,6/22/2020
13,43,4,1,3,1,1,,,0,,,,,,,,,,,,,,0,6/22/2020
13,44,4,27,3,2,0,0,,22.4,,,,,,,,,,,,,,22.4,6/22/2020
13,45,4,19,5,1,0,1,,4,5.1,14.2,,,,,,,,,,,,23.3,6/22/2020
13,46,4,68,1,2,0,3,,9.9,3,23.2,,,,,,,,,,,,36.1,6/22/2020
14,1,3,57,2,3,0,2,,12.9,6.6,23.4,21,,,,,,,,,,,63.9,6/22/2020
14,2,3,21,4,5,0,3,,3.7,26.5,22.7,,,,,,,,,,,,52.9,6/22/2020
14,3,3,21,1,3,0,4,,15,15.4,17.2,36.3,,,,,,,,,,,83.9,6/22/2020
14,4,3,11,1,4,1,,,0,,,,,,,,,,,,,,0,6/22/2020
14,5,3,41,2,1,0,1,,19.2,,,,,,,,,,,,,,19.2,6/22/2020
14,6,3,4,1,5,0,1,,27.4,,,,,,,,,,,,,,27.4,6/22/2020
14,7,3,21,1,4,0,3,,19,21.2,11.2,13.4,,,,,,,,,,,64.8,6/22/2020
14,8,3,7,1,5,0,3,,29.8,18.6,14.1,9.2,10.3,10,,,,,,,,,92,6/22/2020
14,9,3,19,3,4,0,2,,16.5,,,,,,,,,,,,,,16.5,6/22/2020
14,10,3,57,3,1,0,3,,27,7.3,31.4,10.5,2,1,27.6,11.1,21.1,,,,,,139,6/22/2020
14,11,3,74,2,4,0,2,,16,6.1,8.3,23.6,,,,,,,,,,,54,6/22/2020
14,12,3,35,3,1,0,1,,39.3,24.1,,,,,,,,,,,,,63.4,6/22/2020
14,13,3,29,2,1,0,1,,10.3,13.3,,,,,,,,,,,,,23.6,6/22/2020
14,14,3,13,2,4,0,3,,12.5,16.2,21.2,,,,,,,,,,,,49.9,6/22/2020
14,15,3,77,5,4,8,2,,15.3,25.8,,,,,,,,,,,,,41.1,6/22/2020
14,16,3,35,2,5,0,2,,2.5,17.4,,,,,,,,,,,,,19.9,6/22/2020
14,17,3,47,3,2,0,1,,8.5,,,,,,,,,,,,,,8.5,6/22/2020
14,18,3,62,4,3,0,3,,18.6,29.8,26.5,,,,,,,,,,,,74.9,6/22/2020
14,19,3,30,4,2,0,1,,7.7,,,,,,,,,,,,,,7.7,6/22/2020
14,20,3,31,4,3,0,3,,3.3,2.7,7.4,,,,,,,,,,,,13.4,6/22/2020
14,21,3,46,4,2,0,1,,16,,,,,,,,,,,,,,16,6/22/2020
14,22,3,49,3,3,0,4,,14.5,29.2,30.4,28,2.3,1.2,6,9.6,4.3,,,,,,125.5,6/22/2020
14,23,3,49,4,1,0,3,,8,13.6,17.3,7.9,,,,,,,,,,,46.8,6/22/2020
14,24,3,31,4,4,0,5,,28.4,39.5,9.9,10.2,12.3,,,,,,,,,,100.3,6/22/2020
14,25,3,40,4,2,0,1,,21.5,2,,,,,,,,,,,,,23.5,6/22/2020
14,26,4,13,2,5,0,2,,17.3,4.7,3.5,17.2,7.6,,,,,,,,,,50.3,6/22/2020
14,27,4,6,5,2,0,8,,26.2,14.2,26.8,24.2,27.9,27.7,,,,,,,,,147,6/22/2020
14,28,4,46,5,2,0,4,,1,13.6,27.2,13.6,24.5,1.5,,,,,,,,,81.4,6/22/2020
14,29,4,19,1,2,0,3,,10.4,23.8,,,,,,,,,,,,,34.2,6/22/2020
14,30,4,47,2,1,0,1,,26.9,27.6,10.2,3.4,2,1.6,,,,,,,,,71.7,6/22/2020
14,31,4,2,1,3,0,3,,13.5,18.2,10.3,9.8,14,,,,,,,,,,65.8,6/22/2020
14,32,4,12,2,3,0,3,,2,23.5,22.5,,,,,,,,,,,,48,6/22/2020
14,33,4,13,3,5,1,,,0,,,,,,,,,,,,,,0,6/22/2020
14,34,4,5,4,3,0,2,,5.3,9.3,12.7,11.2,,,,,,,,,,,38.5,6/22/2020
14,35,4,79,2,4,0,1,,6,,,,,,,,,,,,,,6,6/22/2020
14,36,4,41,2,2,0,1,,24,,,,,,,,,,,,,,24,6/22/2020
14,37,4,35,4,2,1,,,11.9,1.4,4,3.6,,,,,,,,,,,20.9,6/22/2020
14,38,4,17,1,5,0,1,,7.5,2,20.4,,,,,,,,,,,,29.9,6/22/2020
14,39,4,13,2,1,0,1,,2.5,11.8,3,17,,,,,,,,,,,34.3,6/22/2020
14,40,4,12,4,2,0,1,,6.2,4.2,8,5.3,6.9,7.5,7.4,,,,,,,,45.5,6/22/2020
14,41,4,19,2,4,1,,,7.1,6.9,,,,,,,,,,,,,14,6/22/2020
14,42,4,39,1,5,0,0,,10.3,13.3,,,,,,,,,,,,,23.6,6/22/2020
14,43,4,41,1,2,0,3,,16,16,25.4,,,,,,,,,,,,57.4,6/22/2020
14,44,4,20,2,1,1,,,0,,,,,,,,,,,,,,0,6/22/2020
14,45,4,5,1,5,0,0,,16.1,14.3,,,,,,,,,,,,,30.4,6/22/2020
14,46,4,35,5,1,0,2,,7.9,11.9,12.2,,,,,,,,,,,,32,6/22/2020
15,1,3,4,5,4,0,3,,19.5,20.1,14.2,3,,,,,,,,,,,56.8,6/22/2020
15,2,3,29,3,4,1,,,0,,,,,,,,,,,,,,0,6/22/2020
15,3,3,41,1,3,0,1,,35.8,33.3,,,,,,,,,,,,,69.1,6/22/2020
15,4,3,27,4,2,0,3,,13.6,20.9,22.1,9.5,,,,,,,,,,,66.1,6/22/2020
15,5,3,46,4,3,0,2,,23.4,,,,,,,,,,,,,,23.4,6/22/2020
15,6,3,31,2,3,0,1,,19.3,,,,,,,,,,,,,,19.3,6/22/2020
15,7,3,17,4,3,0,2,,15,19.3,2.2,,,,,,,,,,,,36.5,6/22/2020
15,8,3,57,2,4,0,3,,15.9,15.5,,,,,,,,,,,,,31.4,6/22/2020
15,9,3,18,3,3,0,2,,7.2,7.2,14.7,1.5,,,,,,,,,,,30.6,6/22/2020
15,10,3,8,3,2,0,2,,10.5,8.5,10.9,,,,,,,,,,,,29.9,6/22/2020
15,11,3,68,2,2,1,,,22.3,,,,,,,,,,,,,,22.3,6/22/2020
15,12,3,68,4,2,0,1,,5.1,2.8,33.2,,,,,,,,,,,,41.1,6/22/2020
15,13,3,27,3,4,0,1,,12.3,2.8,5.5,7.7,30.4,32.3,,,,,,,,,91,6/22/2020
15,14,3,17,3,3,0,2,first monarch caterpillar seen of the season,20.3,19.9,,,,,,,,,,,,,40.2,6/22/2020
15,15,3,14,3,3,0,1,,15.6,12.1,,,,,,,,,,,,,27.7,6/22/2020
15,16,3,1,5,5,0,3,,6.8,17.2,,,,,,,,,,,,,24,6/22/2020
15,17,3,57,3,4,0,3,,11,11.6,10.4,,,,,,,,,,,,33,6/22/2020
15,18,3,21,2,1,0,2,,3.3,7.8,8.4,10.5,,,,,,,,,,,30,6/22/2020
15,19,3,20,3,4,1,,,0,,,,,,,,,,,,,,0,6/22/2020
15,20,3,27,3,1,0,2,,12.5,,,,,,,,,,,,,,12.5,6/22/2020
15,21,3,67,2,4,0,2,,13.1,7.7,7.3,4.4,2,,,,,,,,,,34.5,6/22/2020
15,22,3,7,4,1,0,1,,4.1,10.8,12,,,,,,,,,,,,26.9,6/22/2020
15,23,3,27,5,4,0,1,,7.3,35.6,,,,,,,,,,,,,42.9,6/22/2020
15,24,3,68,3,1,0,1,,13,22.1,4.6,22.2,,,,,,,,,,,61.9,6/22/2020
15,25,3,74,1,2,0,1,,38.1,,,,,,,,,,,,,,38.1,6/22/2020
15,26,4,29,3,1,1,,,14,15.2,,,,,,,,,,,,,29.2,6/22/2020
15,27,4,29,2,4,0,2,,0,,,,,,,,,,,,,,0,6/22/2020
15,28,4,15,3,3,0,1,,11.1,4.5,,,,,,,,,,,,,15.6,6/22/2020
15,29,4,14,2,5,0,2,,8.3,4,20.4,,,,,,,,,,,,32.7,6/22/2020
15,30,4,31,3,5,0,2,,11.8,9.8,,,,,,,,,,,,,21.6,6/22/2020
15,31,4,69,1,1,1,,,16.5,,,,,,,,,,,,,,16.5,6/22/2020
15,32,4,77,2,3,0,3,,0,,,,,,,,,,,,,,0,6/22/2020
15,33,4,4,5,1,1,,,30.7,,,,,,,,,,,,,,30.7,6/22/2020
15,34,4,11,3,4,0,2,,0,,,,,,,,,,,,,,0,6/22/2020
15,35,4,57,4,1,0,2,,6.5,7.6,7.2,15.4,11.5,,,,,,,,,,48.2,6/22/2020
15,36,4,72,4,2,0,2,,7.4,6.3,,,,,,,,,,,,,13.7,6/22/2020
15,37,4,5,1,1,0,1,,10.5,15.3,6,20.9,14.2,,,,,,,,,,66.9,6/22/2020
15,38,4,56,4,5,0,3,,22.9,,,,,,,,,,,,,,22.9,6/22/2020
15,39,4,40,2,5,0,4,,16.1,10.4,18,10.3,1.7,1.5,,,,,,,,,58,6/22/2020
15,40,4,9,1,1,0,2,,4,10.1,5.1,,,,,,,,,,,,19.2,6/22/2020
15,41,4,40,3,3,0,0,,12.8,17.5,6.3,,,,,,,,,,,,36.6,6/22/2020
15,42,4,3,3,4,0,0,,12.1,,,,,,,,,,,,,,12.1,6/22/2020
15,43,4,20,5,2,0,0,,8.4,,,,,,,,,,,,,,8.4,6/22/2020
15,44,4,3,2,1,0,1,,5.6,,,,,,,,,,,,,,5.6,6/22/2020
15,45,4,41,4,5,0,0,,11.6,,,,,,,,,,,,,,11.6,6/22/2020
15,46,4,18,4,5,1,,,0,,,,,,,,,,,,,,0,6/22/2020
16,1,3,15,4,2,0,2,,21.3,21,20.2,,,,,,,,,,,,62.5,6/21/2020
16,2,3,57,4,2,0,2,,15,21.8,,,,,,,,,,,,,36.8,6/21/2020
16,3,3,27,1,1,1,,,0,,,,,,,,,,,,,,0,6/21/2020
16,4,3,77,2,1,0,1,,25.7,2,,,,,,,,,,,,,27.7,6/21/2020
16,5,3,29,4,4,0,2,,6.3,15.5,8.4,,,,,,,,,,,,30.2,6/21/2020
16,6,3,21,3,2,0,3,,37,34.1,1.5,7.5,9.1,34.2,22,,,,,,,,145.4,6/21/2020
16,7,3,31,1,2,0,1,,2.6,23.7,,,,,,,,,,,,,26.3,6/21/2020
16,8,3,36,5,1,0,1,,25.8,26.3,,,,,,,,,,,,,52.1,6/21/2020
16,9,3,21,4,2,0,1,,34,32.8,,,,,,,,,,,,,66.8,6/21/2020
16,10,3,15,5,3,0,1,,7.9,17.2,,,,,,,,,,,,,25.1,6/21/2020
16,11,3,46,4,4,0,2,,16.5,19,20.4,24.4,,,,,,,,,,,80.3,6/21/2020
16,12,3,5,2,1,0,3,,16,6.5,7.2,16,9.8,12.6,15.3,3.6,12,,,,,,99,6/21/2020
16,13,3,41,1,2,0,6,,16.5,20.1,11.6,,,,,,,,,,,,48.2,6/21/2020
16,14,3,49,2,2,0,1,,13.1,17.7,,,,,,,,,,,,,30.8,6/21/2020
16,15,3,67,5,4,0,1,,13.2,35.7,,,,,,,,,,,,,48.9,6/21/2020
16,16,3,7,5,4,0,2,,30.2,,,,,,,,,,,,,,30.2,6/21/2020
16,17,3,5,4,5,0,1,,11,,,,,,,,,,,,,,11,6/21/2020
16,18,3,4,5,5,1,,something dug a hole,0,,,,,,,,,,,,,,0,6/21/2020
16,19,3,68,5,1,0,2,,10.8,,,,,,,,,,,,,,10.8,6/21/2020
16,20,3,4,2,3,0,1,,23.6,,,,,,,,,,,,,,23.6,6/21/2020
16,21,3,61,4,2,0,4,,10.8,4.6,7.6,,,,,,,,,,,,23,6/21/2020
16,22,3,39,4,4,0,1,,24.9,,,,,,,,,,,,,,24.9,6/21/2020
16,23,3,1,5,3,0,34,,4,10.6,11,4.5,24.4,,,,,,,,,,54.5,6/21/2020
16,24,3,2,3,2,0,2,,4.9,,,,,,,,,,,,,,4.9,6/21/2020
16,25,3,19,1,3,0,2,,6.1,9.8,,,,,,,,,,,,,15.9,6/21/2020
16,26,4,NO PLANT,NO PLANT,NO PLANT,NO PLANT,NO PLANT,NO PLANT,NO PLANT,,,,,,,,,,,,,,0,6/21/2020
16,27,4,27,1,2,0,1,,13.2,,,,,,,,,,,,,,13.2,6/21/2020
16,28,4,2,4,2,0,2,,13.2,21.6,,,,,,,,,,,,,34.8,6/21/2020
16,29,4,30,2,5,1,,,14,12.6,6.2,4.4,,,,,,,,,,,37.2,6/21/2020
16,30,4,19,1,4,0,2,,17,,,,,,,,,,,,,,17,6/21/2020
16,31,4,39,1,4,0,3,,9.9,,,,,,,,,,,,,,9.9,6/21/2020
16,32,4,79,5,5,0,0,,19.4,6,5.8,4.8,11,2,13.6,12.8,,,,,,,75.4,6/21/2020
16,33,4,18,2,5,0,2,,19.2,4.4,,,,,,,,,,,,,23.6,6/21/2020
16,34,4,31,2,4,0,2,,27,24.6,6.2,23.4,,,,,,,,,,,81.2,6/21/2020
16,35,4,67,1,1,1,,,5.8,9.4,12.4,10.4,22.8,,,,,,,,,,60.8,6/21/2020
16,36,4,45,1,5,0,2,,0,,,,,,,,,,,,,,0,6/21/2020
16,37,4,3,3,1,0,3,,12.6,4.8,,,,,,,,,,,,,17.4,6/21/2020
16,38,4,79,2,3,0,1,,3.2,7,4.6,9.2,,,,,,,,,,,24,6/21/2020
16,39,4,68,3,2,0,3,,10,9.6,,,,,,,,,,,,,19.6,6/21/2020
16,40,4,39,1,2,0,3,,6,13.1,,,,,,,,,,,,,19.1,6/21/2020
16,41,4,2,4,1,0,1,,12,7.2,4,14.4,,,,,,,,,,,37.6,6/21/2020
16,42,4,20,5,3,0,1,,9.8,9,,,,,,,,,,,,,18.8,6/21/2020
16,43,4,3,2,3,0,1,,11.6,10,6.2,,,,,,,,,,,,27.8,6/21/2020
16,44,4,18,3,5,0,2,,6.2,1,,,,,,,,,,,,,7.2,6/21/2020
16,45,4,42,1,5,1,,,0,,,,,,,,,,,,,,0,6/21/2020
16,46,4,12,3,5,0,2,,1,,,,,,,,,,,,,,1,6/21/2020
17,1,3,6,4,3,1,,,11.6,,,,,,,,,,,,,,11.6,6/21/2020
17,2,3,8,2,1,1,,,12.1,,,,,,,,,,,,,,12.1,6/21/2020
17,3,3,62,5,1,0,3,,15.8,8.1,21.8,24.3,,,,,,,,,,,70,6/21/2020
17,4,3,12,5,5,0,2,,2,2.5,8.5,11.8,13.5,23.5,,,,,,,,,61.8,6/21/2020
17,5,3,8,1,3,1,,,0,,,,,,,,,,,,,,0,6/21/2020
17,6,3,79,5,4,0,2,,19.5,20.5,14.8,3.8,10.3,22.7,,,,,,,,,91.6,6/21/2020
17,7,3,3,4,5,0,2,,32.9,27,,,,,,,,,,,,,59.9,6/21/2020
17,8,3,46,3,4,0,1,,28.7,16.5,25.9,21.9,,,,,,,,,,,93,6/21/2020
17,9,3,79,1,5,0,1,,22.5,,,,,,,,,,,,,,22.5,6/21/2020
17,10,3,39,4,5,0,3,,13,8.8,6.4,29.1,30.8,29,26.4,22.4,,,,,,,165.9,6/21/2020
17,11,3,69,2,3,0,1,,23,26.1,25.8,6.6,2.6,3,,,,,,,,,87.1,6/21/2020
17,12,3,67,4,4,0,1,,5.1,7.9,27.4,21.1,8.5,7.4,,,,,,,,,77.4,6/21/2020
17,13,3,11,2,1,0,4,,33.8,31.1,29.1,4,3,2,9.3,,,,,,,,112.3,6/21/2020
17,14,3,13,5,1,0,2,,23.9,12.1,25.7,,,,,,,,,,,,61.7,6/21/2020
17,15,3,54,1,5,0,1,,2,2.5,,,,,,,,,,,,,4.5,6/21/2020
17,16,3,40,2,1,0,1,,15.7,3.8,16,,,,,,,,,,,,35.5,6/21/2020
17,17,3,12,2,5,0,1,,18.3,17.5,,,,,,,,,,,,,35.8,6/21/2020
17,18,3,15,4,5,0,2,,1.6,17,,,,,,,,,,,,,18.6,6/21/2020
17,19,3,77,5,2,0,1,,8.5,2.9,1,1,,,,,,,,,,,13.4,6/21/2020
17,20,3,40,1,1,0,1,,31.3,,,,,,,,,,,,,,31.3,6/21/2020
17,21,3,69,1,5,1,,,0,,,,,,,,,,,,,,0,6/21/2020
17,22,3,67,3,1,0,1,,5,14.9,6,6.1,9.9,4.9,,,,,,,,,46.8,6/21/2020
17,23,3,36,4,5,1,,,0,,,,,,,,,,,,,,0,6/21/2020
17,24,3,16,1,3,0,2,,28,29.2,,,,,,,,,,,,,57.2,6/21/2020
17,25,3,13,1,1,0,1,,6.8,9.6,7,6.7,3.7,10.2,,,,,,,,,44,6/21/2020
17,26,4,18,1,5,0,2,,23.1,19.8,6.3,12.5,,,,,,,,,,,61.7,6/21/2020
17,27,4,61,3,2,0,1,,10,4.3,23.8,,,,,,,,,,,,38.1,6/21/2020
17,28,4,12,4,3,0,1,,0,,,,,,,,,,,,,,0,6/21/2020
17,29,4,5,5,1,0,2,,13.9,,,,,,,,,,,,,,13.9,6/21/2020
17,30,4,49,2,5,0,1,,21.2,,,,,,,,,,,,,,21.2,6/21/2020
17,31,4,74,1,1,0,2,,11.4,5,,,,,,,,,,,,,16.4,6/21/2020
17,32,4,36,4,3,0,3,,7.7,11.3,,,,,,,,,,,,,19,6/21/2020
17,33,4,67,3,4,0,2,,0,,,,,,,,,,,,,,0,6/21/2020
17,34,4,15,1,3,1,,,0,,,,,,,,,,,,,,0,6/21/2020
17,35,4,5,3,4,0,3,,4.2,9.2,,,,,,,,,,,,,13.4,6/21/2020
17,36,4,16,3,2,0,0,,4.3,12.2,,,,,,,,,,,,,16.5,6/21/2020
17,37,4,7,2,5,0,0,,5.1,17.5,7.7,,,,,,,,,,,,30.3,6/21/2020
17,38,4,26,1,5,0,1,,5.4,2.5,16.4,3.2,,,,,,,,,,,27.5,6/21/2020
17,39,4,57,3,3,0,4,,2.5,2.9,,,,,,,,,,,,,5.4,6/21/2020
17,40,4,68,2,4,1,,,0,,,,,,,,,,,,,,0,6/21/2020
17,41,4,19,2,3,0,0,,11.6,,,,,,,,,,,,,,11.6,6/21/2020
17,42,4,61,5,4,0,1,,0,,,,,,,,,,,,,,0,6/21/2020
17,43,4,30,3,2,0,0,,4.3,,,,,,,,,,,,,,4.3,6/21/2020
17,44,4,5,4,2,0,0,,7.4,,,,,,,,,,,,,,7.4,6/21/2020
17,45,4,27,5,5,0,1,,14,24.2,,,,,,,,,,,,,38.2,6/21/2020
17,46,4,1,4,4,0,2,,19.2,30.2,,,,,,,,,,,,,49.4,6/21/2020
18,1,3,5,1,2,0,1,,8.6,,,,,,,,,,,,,,8.6,6/21/2020
18,2,3,39,2,3,0,1,,4.8,8,,,,,,,,,,,,,12.8,6/21/2020
18,3,3,61,1,4,0,1,,7.5,10.6,,,,,,,,,,,,,18.1,6/21/2020
18,4,3,64,5,4,0,3,,4.2,24.5,16,3.3,39.5,,,,,,,,,,87.5,6/21/2020
18,5,3,46,4,5,0,3,,3.5,12,27.3,34.7,,,,,,,,,,,77.5,6/21/2020
18,6,3,2,3,3,0,2,,26.7,,,,,,,,,,,,,,26.7,6/21/2020
18,7,3,17,2,2,1,,,0,,,,,,,,,,,,,,0,6/21/2020
18,8,3,68,1,3,0,1,,7.1,6.5,3.3,32,,,,,,,,,,,48.9,6/21/2020
18,9,3,4,4,3,0,2,,11.3,10.5,,,,,,,,,,,,,21.8,6/21/2020
18,10,3,3,5,2,0,1,,24.1,7.5,6,1.8,,,,,,,,,,,39.4,6/21/2020
18,11,3,18,3,2,0,3,,30.9,17.5,9.4,2.2,,,,,,,,,,,60,6/21/2020
18,12,3,56,3,2,0,1,huge plants with no weevil damage! very little herbivory too,30.4,38.5,38.2,37.6,15.5,,,,,,,,,,160.2,6/21/2020
18,13,3,42,1,3,0,3,,14.8,19,3,18.1,,,,,,,,,,,54.9,6/21/2020
18,14,3,62,5,4,0,2,,20.7,6.1,,,,,,,,,,,,,26.8,6/21/2020
18,15,3,14,3,4,0,1,,13.2,14,17.8,,,,,,,,,,,,45,6/21/2020
18,16,3,28,4,2,0,4,,4.2,14.2,,,,,,,,,,,,,18.4,6/21/2020
18,17,3,11,1,5,0,3,,9.5,,,,,,,,,,,,,,9.5,6/21/2020
18,18,3,49,3,2,0,5,,19.1,19.8,,,,,,,,,,,,,38.9,6/21/2020
18,19,3,7,4,5,0,2,,23.5,,,,,,,,,,,,,,23.5,6/21/2020
18,20,3,15,1,1,0,0,,1.8,,,,,,,,,,,,,,1.8,6/21/2020
18,21,3,69,1,3,0,2,,6,12.6,13.4,,,,,,,,,,,,32,6/21/2020
18,22,3,74,5,3,0,3,,2,,,,,,,,,,,,,,2,6/21/2020
18,23,3,47,3,4,0,1,,7.6,11.6,,,,,,,,,,,,,19.2,6/21/2020
18,24,3,62,3,2,0,2,,14.8,13.7,,,,,,,,,,,,,28.5,6/21/2020
18,25,3,39,1,3,0,4,,12,21.8,,,,,,,,,,,,,33.8,6/21/2020
18,26,4,36,5,5,0,1,,23.2,,,,,,,,,,,,,,23.2,6/21/2020
18,27,4,6,3,2,0,1,,19.5,,,,,,,,,,,,,,19.5,6/21/2020
18,28,4,39,1,1,0,1,,13.5,10,11.2,,,,,,,,,,,,34.7,6/21/2020
18,29,4,20,1,1,0,1,,11.6,7.1,4.5,9.5,10.1,16.5,,,,,,,,,59.3,6/21/2020
18,30,4,21,1,5,0,2,,1.6,17,,,,,,,,,,,,,18.6,6/20/2020
18,31,4,64,1,5,0,1,,5.3,5,8.6,,,,,,,,,,,,18.9,6/20/2020
18,32,4,5,3,3,0,2,,10.5,17.5,,,,,,,,,,,,,28,6/20/2020
18,33,4,18,5,4,0,0,,15.8,,,,,,,,,,,,,,15.8,6/20/2020
18,34,4,21,1,1,0,3,,12.4,,,,,,,,,,,,,,12.4,6/20/2020
18,35,4,6,5,5,1,,,0,,,,,,,,,,,,,,0,6/20/2020
18,36,4,35,2,3,0,1,,11.1,14.6,,,,,,,,,,,,,25.7,6/20/2020
18,37,4,69,2,5,0,0,,1.2,,,,,,,,,,,,,,1.2,6/20/2020
18,38,4,31,4,1,0,1,,0,,,,,,,,,,,,,,0,6/20/2020
18,39,4,30,3,5,0,2,,8.6,6.8,,,,,,,,,,,,,15.4,6/20/2020
18,40,4,46,2,1,0,0,,14.6,,,,,,,,,,,,,,14.6,6/20/2020
18,41,4,3,5,5,0,0,,5,1,7,9.1,,,,,,,,,,,22.1,6/20/2020
18,42,4,18,2,3,0,1,,3.3,5.7,11,,,,,,,,,,,,20,6/20/2020
18,43,4,40,5,4,0,0,,1.8,4.7,14.1,3.2,2.9,,,,,,,,,,26.7,6/20/2020
18,44,4,20,3,1,0,0,,15.3,,,,,,,,,,,,,,15.3,6/20/2020
18,45,4,3,1,1,0,0,,2.4,17.1,,,,,,,,,,,,,19.5,6/20/2020
18,46,4,2,2,4,0,1,,21.5,,,,,,,,,,,,,,21.5,6/20/2020
19,1,3,2,2,1,0,3,,22.9,23.1,23.9,9.6,7.3,9.7,7.8,,,,,,,,104.3,6/20/2020
19,2,3,31,3,1,0,2,,8.8,3,22.6,4,,,,,,,,,,,38.4,6/20/2020
19,3,3,40,4,3,0,1,,19,19.1,7.2,,,,,,,,,,,,45.3,6/20/2020
19,4,3,4,2,5,0,1,,10.9,11,,,,,,,,,,,,,21.9,6/20/2020
19,5,3,72,2,5,1,,,15.7,13.3,17,,,,,,,,,,,,46,6/20/2020
19,6,3,64,5,5,0,3,,11,12,19.2,,,,,,,,,,,,42.2,6/20/2020
19,7,3,69,2,2,0,1,,3,3.6,14.8,16.1,,,,,,,,,,,37.5,6/20/2020
19,8,3,26,1,3,0,2,,12.1,18,22,32.4,,,,,,,,,,,84.5,6/20/2020
19,9,3,61,5,2,0,1,,30.3,,,,,,,,,,,,,,30.3,6/20/2020
19,10,3,45,1,3,1,,,0,,,,,,,,,,,,,,0,6/20/2020
19,11,3,72,4,1,1,,,3.1,14,14.5,,,,,,,,,,,,31.6,6/20/2020
19,12,3,18,3,4,0,2,,3.7,15.2,13.2,11.6,,,,,,,,,,,43.7,6/20/2020
19,13,3,19,2,1,0,1,,17.5,6.9,5,17.4,4.8,17.1,,,,,,,,,68.7,6/20/2020
19,14,3,64,3,1,0,3,,6,12.5,4,6.7,14.2,18,,,,,,,,,61.4,6/20/2020
19,15,3,47,1,2,0,3,,3,11,6,7.1,6.5,7,3.2,3.5,,,,,,,47.3,6/20/2020
19,16,3,2,5,1,1,,,0,,,,,,,,,,,,,,0,6/20/2020
19,17,3,6,3,3,0,1,,9.1,3.5,,,,,,,,,,,,,12.6,6/20/2020
19,18,3,12,1,1,0,0,,22.4,10.6,21,22.3,23.2,8.8,,,,,,,,,108.3,6/20/2020
19,19,3,46,2,4,0,0,,2.5,11.4,,,,,,,,,,,,,13.9,6/20/2020
19,20,3,28,4,3,0,2,,10.5,11.5,18.2,11.2,,,,,,,,,,,51.4,6/20/2020
19,21,3,74,1,4,0,1,,17.4,17,17.2,,,,,,,,,,,,51.6,6/20/2020
19,22,3,46,3,1,0,2,,11.9,9.9,,,,,,,,,,,,,21.8,6/20/2020
19,23,3,6,1,4,0,2,,12.8,26.2,,,,,,,,,,,,,39,6/20/2020
19,24,3,61,3,5,0,3,,3.7,5.9,1,14,,,,,,,,,,,24.6,6/20/2020
19,25,3,15,2,2,0,4,,19.3,22.5,6,15,32.3,,,,,,,,,,95.1,6/20/2020
19,26,4,8,1,5,0,2,,26.2,18.8,,,,,,,,,,,,,45,6/20/2020
19,27,4,1,5,1,0,1,,17,,,,,,,,,,,,,,17,6/20/2020
19,28,4,13,2,2,0,1,,6.6,16.8,19.5,,,,,,,,,,,,42.9,6/20/2020
19,29,4,61,3,1,0,3,,5.3,5,9.7,1,,,,,,,,,,,21,6/20/2020
19,30,4,7,2,1,0,1,,13.3,5.4,2.4,1,3.8,,,,,,,,,,25.9,6/20/2020
19,31,4,1,4,2,0,1,,8.5,2,,,,,,,,,,,,,10.5,6/20/2020
19,32,4,62,5,3,0,0,,17.7,,,,,,,,,,,,,,17.7,6/20/2020
19,33,4,57,4,3,0,1,,12,7.9,2,,,,,,,,,,,,21.9,6/20/2020
19,34,4,29,5,5,0,1,,11.2,,,,,,,,,,,,,,11.2,6/20/2020
19,35,4,28,1,1,0,1,,7,9.1,,,,,,,,,,,,,16.1,6/20/2020
19,36,4,11,4,1,1,,,0,,,,,,,,,,,,,,0,6/20/2020
19,37,4,27,5,1,0,0,,9.5,,,,,,,,,,,,,,9.5,6/20/2020
19,38,4,79,3,2,0,1,,11,5.1,8,1,6.5,,,,,,,,,,31.6,6/20/2020
19,39,4,21,2,4,0,1,,21.8,21.2,,,,,,,,,,,,,43,6/20/2020
19,40,4,15,1,2,0,0,,5,3.9,1.6,13.3,12.3,,,,,,,,,,36.1,6/20/2020
19,41,4,19,2,5,0,1,,13.2,17.5,11,17.1,,,,,,,,,,,58.8,6/20/2020
19,42,4,9,2,3,0,1,,6.2,11.8,3,5,,,,,,,,,,,26,6/20/2020
19,43,4,49,2,1,0,1,,17.5,18,,,,,,,,,,,,,35.5,6/20/2020
19,44,4,20,3,3,0,0,,2.9,8.3,10.2,,,,,,,,,,,,21.4,6/20/2020
19,45,4,15,3,2,0,3,,29.6,,,,,,,,,,,,,,29.6,6/20/2020
19,46,4,46,3,5,0,0,,11.1,11.1,14.4,,,,,,,,,,,,36.6,6/20/2020
20,1,3,2,3,4,0,3,,5.6,16,14.5,11.7,7.8,9.7,,,,,,,,,65.3,6/20/2020
20,2,3,56,3,1,1,,,6,,,,,,,,,,,,,,6,6/20/2020
20,3,3,3,3,2,1,,,8.4,,,,,,,,,,,,,,8.4,6/20/2020
20,4,3,46,5,4,0,1,,26.1,24,30.1,,,,,,,,,,,,80.2,6/20/2020
20,5,3,29,1,1,0,2,,2.5,14,,,,,,,,,,,,,16.5,6/20/2020
20,6,3,19,5,3,0,2,,12.4,16,,,,,,,,,,,,,28.4,6/20/2020
20,7,3,49,1,3,1,,,0,,,,,,,,,,,,,,0,6/20/2020
20,8,3,27,2,2,0,2,,17,15,,,,,,,,,,,,,32,6/20/2020
20,9,3,36,5,4,0,1,,16.2,16.5,,,,,,,,,,,,,32.7,6/20/2020
20,10,3,21,5,2,0,2,,17.5,,,,,,,,,,,,,,17.5,6/20/2020
20,11,3,1,5,4,0,1,,26.8,,,,,,,,,,,,,,26.8,6/20/2020
20,12,3,67,5,2,0,1,,3.6,9.3,12.2,8,5.5,12.5,,,,,,,,,51.1,6/20/2020
20,13,3,3,4,4,0,6,,20,15.8,15,2,20.4,2,8,15.6,8.8,4,22.4,17.4,,,151.4,6/20/2020
20,14,3,30,4,1,0,1,,8.2,14.9,,,,,,,,,,,,,23.1,6/20/2020
20,15,3,1,3,3,0,2,,11.5,,,,,,,,,,,,,,11.5,6/20/2020
20,16,3,72,1,4,0,1,,12,5.3,7.9,,,,,,,,,,,,25.2,6/20/2020
20,17,3,6,1,5,0,1,,14.5,21.4,28,,,,,,,,,,,,63.9,6/20/2020
20,18,3,67,3,3,0,2,,2.5,4.5,5.5,15.7,,,,,,,,,,,28.2,6/20/2020
20,19,3,5,3,1,0,1,,3.6,4,15.5,,,,,,,,,,,,23.1,6/20/2020
20,20,3,11,2,2,0,2,,11.1,1,22.4,,,,,,,,,,,,34.5,6/20/2020
20,21,3,18,1,3,0,0,,8.1,,,,,,,,,,,,,,8.1,6/20/2020
20,22,3,57,2,2,0,1,,2,,,,,,,,,,,,,,2,6/20/2020
20,23,3,18,4,4,0,1,,10.7,16.5,3.4,,,,,,,,,,,,30.6,6/20/2020
20,24,3,8,3,4,0,1,,18.8,25.2,,,,,,,,,,,,,44,6/20/2020
20,25,3,51,4,4,0,1,,3.6,25.8,27.8,23.5,,,,,,,,,,,80.7,6/20/2020
20,26,4,31,4,5,0,1,,10.1,,,,,,,,,,,,,,10.1,6/20/2020
20,27,4,19,3,3,0,3,,5,4.3,7.4,5,2,4.4,,,,,,,,,28.1,6/20/2020
20,28,4,5,2,5,0,1,,18.6,,,,,,,,,,,,,,18.6,6/20/2020
20,29,4,36,2,3,0,2,,17,13.5,13,,,,,,,,,,,,43.5,6/20/2020
20,30,4,18,4,2,0,2,,23,5.3,8.5,24.2,,,,,,,,,,,61,6/20/2020
20,31,4,30,2,3,0,0,,12.7,,,,,,,,,,,,,,12.7,6/20/2020
20,32,4,79,1,2,0,2,,8.8,5.8,12,20.3,16,,,,,,,,,,62.9,6/20/2020
20,33,4,36,1,3,0,3,,2,5.3,6.6,16.4,,,,,,,,,,,30.3,6/20/2020
20,34,4,2,5,2,0,3,,5.2,3.4,4,4,,,,,,,,,,,16.6,6/20/2020
20,35,4,28,4,1,0,3,,3.9,5.1,12,15.9,10.7,5.6,,,,,,,,,53.2,6/20/2020
20,36,4,77,1,3,0,1,,3.6,3.1,1,0.8,,,,,,,,,,,8.5,6/20/2020
20,37,4,40,2,3,0,3,,6.1,8.4,,,,,,,,,,,,,14.5,6/20/2020
20,38,4,15,4,3,0,2,,6.5,13.7,18.8,17.4,,,,,,,,,,,56.4,6/20/2020
20,39,4,47,1,3,0,1,,14.6,7.8,,,,,,,,,,,,,22.4,6/20/2020
20,40,4,3,5,3,0,0,,4.1,2,3,3,4,,,,,,,,,,16.1,6/20/2020
20,41,4,30,5,1,0,6,,5.3,2.6,8,4.6,,,,,,,,,,,20.5,6/20/2020
20,42,4,27,4,4,0,1,,1.6,,,,,,,,,,,,,,1.6,6/20/2020
20,43,4,18,5,5,1,,,0,,,,,,,,,,,,,,0,6/20/2020
20,44,4,2,3,5,0,1,,23.9,26.6,,,,,,,,,,,,,50.5,6/20/2020
20,45,4,36,3,2,1,,,0,,,,,,,,,,,,,,0,6/20/2020
20,46,4,35,3,4,0,1,,12.5,15.3,,,,,,,,,,,,,27.8,6/20/2020
21,1,3,30,2,2,0,2,,20.6,18.2,,,,,,,,,,,,,38.8,6/20/2020
21,2,3,8,3,1,0,2,,22.4,21.1,20.5,,,,,,,,,,,,64,6/20/2020
21,3,3,31,1,4,0,1,,6,31.2,,,,,,,,,,,,,37.2,6/20/2020
21,4,3,2,1,4,0,1,,6.1,5.2,3.2,32.1,,,,,,,,,,,46.6,6/20/2020
21,5,3,16,3,1,1,,,0,,,,,,,,,,,,,,0,6/20/2020
21,6,3,29,5,1,1,,,8,11.8,,,,,,,,,,,,,19.8,6/20/2020
21,7,3,8,2,4,0,2,,17,,,,,,,,,,,,,,17,6/20/2020
21,8,3,16,1,5,1,,,0,,,,,,,,,,,,,,0,6/20/2020
21,9,3,67,2,3,0,1,,22.5,,,,,,,,,,,,,,22.5,6/20/2020
21,10,3,46,1,4,0,2,,10.1,10.2,4.3,4.5,3.3,22.1,17.1,,,,,,,,71.6,6/20/2020
21,11,3,72,5,2,0,2,,20.3,13.9,,,,,,,,,,,,,34.2,6/20/2020
21,12,3,3,1,2,1,,,0,,,,,,,,,,,,,,0,6/20/2020
21,13,3,2,4,4,1,,,0,,,,,,,,,,,,,,0,6/20/2020
21,14,3,47,3,1,0,1,,23.3,,,,,,,,,,,,,,23.3,6/20/2020
21,15,3,51,4,5,0,2,,13.2,,,,,,,,,,,,,,13.2,6/20/2020
21,16,3,14,2,4,1,,,0,,,,,,,,,,,,,,0,6/20/2020
21,17,3,42,2,3,0,3,,4,12.1,4.9,10.5,7.7,4.4,10.8,1.1,,,,,,,55.5,6/20/2020
21,18,3,13,5,3,1,,,0,,,,,,,,,,,,,,0,6/19/2020
21,19,3,47,5,5,0,2,,6.9,12.5,15,14.1,,,,,,,,,,,48.5,6/19/2020
21,20,3,77,4,1,0,2,,1.5,19.4,,,,,,,,,,,,,20.9,6/19/2020
21,21,3,30,3,4,0,2,,2.3,4.3,19.5,8.3,,,,,,,,,,,34.4,6/19/2020
21,22,3,6,5,1,0,1,,4.7,5.1,26.6,,,,,,,,,,,,36.4,6/19/2020
21,23,3,18,4,1,0,1,,3.2,22.2,,,,,,,,,,,,,25.4,6/19/2020
21,24,3,35,5,4,0,2,,15,19.8,,,,,,,,,,,,,34.8,6/19/2020
21,25,3,35,3,1,1,,,4.6,,,,,,,,,,,,,,4.6,6/19/2020
21,26,4,30,5,5,0,0,,1.1,7.5,7.2,,,,,,,,,,,,15.8,6/19/2020
21,27,4,18,2,2,0,0,,2.4,1.8,18,,,,,,,,,,,,22.2,6/19/2020
21,28,4,8,2,3,0,1,,11.9,10.1,10.4,,,,,,,,,,,,32.4,6/19/2020
21,29,4,68,2,1,0,1,,10.5,13.2,,,,,,,,,,,,,23.7,6/19/2020
21,30,4,6,4,1,0,1,,30.4,,,,,,,,,,,,,,30.4,6/19/2020
21,31,4,4,5,3,1,,,0,,,,,,,,,,,,,,0,6/19/2020
21,32,4,39,4,3,0,2,,1.5,1.4,5.6,2.8,36.4,49.8,47.8,,,,,,,,145.3,6/19/2020
21,33,4,35,4,2,0,3,,10.2,7.3,7.3,10.5,,,,,,,,,,,35.3,6/19/2020
21,34,4,7,1,4,0,1,,17,20.4,19.5,21.1,,,,,,,,,,,78,6/19/2020
21,35,4,19,5,4,0,1,,12.1,16.4,,,,,,,,,,,,,28.5,6/19/2020
21,36,4,27,3,5,0,1,,2.5,7.5,3,0.5,12,,,,,,,,,,25.5,6/19/2020
21,37,4,23,1,3,0,1,,9,5.5,15.3,,,,,,,,,,,,29.8,6/19/2020
21,38,4,3,3,3,0,2,,5.4,6.5,9.7,,,,,,,,,,,,21.6,6/19/2020
21,39,4,40,4,4,0,2,,3.2,14.2,9.5,4,,,,,,,,,,,30.9,6/19/2020
21,40,4,27,1,3,1,,,0,,,,10.7,,,,,,,,,,10.7,6/19/2020
21,41,4,12,3,3,0,1,,3,12.9,11,28.2,28.5,,,,,,,,,,83.6,6/19/2020
21,42,4,31,2,5,0,1,,4.4,6.5,6,10.6,4.2,8.4,,,,,,,,,40.1,6/19/2020
21,43,4,3,4,2,0,6,,18,8,8.5,7,9.5,,,,,,,,,,51,6/19/2020
21,44,4,56,2,5,0,3,,13.2,,,,,,,,,,,,,,13.2,6/19/2020
21,45,4,11,3,3,0,6,,14.5,2,5,15,7,3.5,,,,,,,,,47,6/19/2020
21,46,4,47,2,5,0,1,,10.8,,,,,,,,,,,,,,10.8,6/19/2020
